[2026-02-21 23:26:58] local.ERROR: SQLSTATE[HY000] [2002] No connection could be made because the target machine actively refused it (Connection: mysql, SQL: select * from information_schema.tables where table_schema = arymaid_db and table_name = migrations and table_type = 'BASE TABLE') {"exception":"[object] (Illuminate\\Database\\QueryException(code: 2002): SQLSTATE[HY000] [2002] No connection could be made because the target machine actively refused it (Connection: mysql, SQL: select * from information_schema.tables where table_schema = arymaid_db and table_name = migrations and table_type = 'BASE TABLE') at C:\\Users\\Mikasa Ackerman\\arymaid\\Arymaid\\vendor\\laravel\\framework\\src\\Illuminate\\Database\\Connection.php:760)
[stacktrace]
#0 C:\\Users\\Mikasa Ackerman\\arymaid\\Arymaid\\vendor\\laravel\\framework\\src\\Illuminate\\Database\\Connection.php(720): Illuminate\\Database\\Connection->runQueryCallback('select * from i...', Array, Object(Closure))
#1 C:\\Users\\Mikasa Ackerman\\arymaid\\Arymaid\\vendor\\laravel\\framework\\src\\Illuminate\\Database\\Connection.php(405): Illuminate\\Database\\Connection->run('select * from i...', Array, Object(Closure))
#2 C:\\Users\\Mikasa Ackerman\\arymaid\\Arymaid\\vendor\\laravel\\framework\\src\\Illuminate\\Database\\Connection.php(392): Illuminate\\Database\\Connection->select('select * from i...', Array, false)
#3 C:\\Users\\Mikasa Ackerman\\arymaid\\Arymaid\\vendor\\laravel\\framework\\src\\Illuminate\\Database\\Schema\\MySqlBuilder.php(43): Illuminate\\Database\\Connection->selectFromWriteConnection('select * from i...', Array)
#4 C:\\Users\\Mikasa Ackerman\\arymaid\\Arymaid\\vendor\\laravel\\framework\\src\\Illuminate\\Database\\Migrations\\DatabaseMigrationRepository.php(184): Illuminate\\Database\\Schema\\MySqlBuilder->hasTable('migrations')
#5 C:\\Users\\Mikasa Ackerman\\arymaid\\Arymaid\\vendor\\laravel\\framework\\src\\Illuminate\\Database\\Migrations\\Migrator.php(699): Illuminate\\Database\\Migrations\\DatabaseMigrationRepository->repositoryExists()
#6 C:\\Users\\Mikasa Ackerman\\arymaid\\Arymaid\\vendor\\laravel\\framework\\src\\Illuminate\\Database\\Console\\Migrations\\StatusCommand.php(53): Illuminate\\Database\\Migrations\\Migrator->repositoryExists()
#7 C:\\Users\\Mikasa Ackerman\\arymaid\\Arymaid\\vendor\\laravel\\framework\\src\\Illuminate\\Database\\Migrations\\Migrator.php(632): Illuminate\\Database\\Console\\Migrations\\StatusCommand->Illuminate\\Database\\Console\\Migrations\\{closure}()
#8 C:\\Users\\Mikasa Ackerman\\arymaid\\Arymaid\\vendor\\laravel\\framework\\src\\Illuminate\\Database\\Console\\Migrations\\StatusCommand.php(52): Illuminate\\Database\\Migrations\\Migrator->usingConnection(NULL, Object(Closure))
#9 C:\\Users\\Mikasa Ackerman\\arymaid\\Arymaid\\vendor\\laravel\\framework\\src\\Illuminate\\Container\\BoundMethod.php(36): Illuminate\\Database\\Console\\Migrations\\StatusCommand->handle()
#10 C:\\Users\\Mikasa Ackerman\\arymaid\\Arymaid\\vendor\\laravel\\framework\\src\\Illuminate\\Container\\Util.php(41): Illuminate\\Container\\BoundMethod::Illuminate\\Container\\{closure}()
#11 C:\\Users\\Mikasa Ackerman\\arymaid\\Arymaid\\vendor\\laravel\\framework\\src\\Illuminate\\Container\\BoundMethod.php(93): Illuminate\\Container\\Util::unwrapIfClosure(Object(Closure))
#12 C:\\Users\\Mikasa Ackerman\\arymaid\\Arymaid\\vendor\\laravel\\framework\\src\\Illuminate\\Container\\BoundMethod.php(35): Illuminate\\Container\\BoundMethod::callBoundMethod(Object(Illuminate\\Foundation\\Application), Array, Object(Closure))
#13 C:\\Users\\Mikasa Ackerman\\arymaid\\Arymaid\\vendor\\laravel\\framework\\src\\Illuminate\\Container\\Container.php(661): Illuminate\\Container\\BoundMethod::call(Object(Illuminate\\Foundation\\Application), Array, Array, NULL)
#14 C:\\Users\\Mikasa Ackerman\\arymaid\\Arymaid\\vendor\\laravel\\framework\\src\\Illuminate\\Console\\Command.php(194): Illuminate\\Container\\Container->call(Array)
#15 C:\\Users\\Mikasa Ackerman\\arymaid\\Arymaid\\vendor\\symfony\\console\\Command\\Command.php(312): Illuminate\\Console\\Command->execute(Object(Symfony\\Component\\Console\\Input\\ArgvInput), Object(Illuminate\\Console\\OutputStyle))
#16 C:\\Users\\Mikasa Ackerman\\arymaid\\Arymaid\\vendor\\laravel\\framework\\src\\Illuminate\\Console\\Command.php(163): Symfony\\Component\\Console\\Command\\Command->run(Object(Symfony\\Component\\Console\\Input\\ArgvInput), Object(Illuminate\\Console\\OutputStyle))
#17 C:\\Users\\Mikasa Ackerman\\arymaid\\Arymaid\\vendor\\symfony\\console\\Application.php(1022): Illuminate\\Console\\Command->run(Object(Symfony\\Component\\Console\\Input\\ArgvInput), Object(Symfony\\Component\\Console\\Output\\ConsoleOutput))
#18 C:\\Users\\Mikasa Ackerman\\arymaid\\Arymaid\\vendor\\symfony\\console\\Application.php(314): Symfony\\Component\\Console\\Application->doRunCommand(Object(Illuminate\\Database\\Console\\Migrations\\StatusCommand), Object(Symfony\\Component\\Console\\Input\\ArgvInput), Object(Symfony\\Component\\Console\\Output\\ConsoleOutput))
#19 C:\\Users\\Mikasa Ackerman\\arymaid\\Arymaid\\vendor\\symfony\\console\\Application.php(168): Symfony\\Component\\Console\\Application->doRun(Object(Symfony\\Component\\Console\\Input\\ArgvInput), Object(Symfony\\Component\\Console\\Output\\ConsoleOutput))
#20 C:\\Users\\Mikasa Ackerman\\arymaid\\Arymaid\\vendor\\laravel\\framework\\src\\Illuminate\\Console\\Application.php(102): Symfony\\Component\\Console\\Application->run(Object(Symfony\\Component\\Console\\Input\\ArgvInput), Object(Symfony\\Component\\Console\\Output\\ConsoleOutput))
#21 C:\\Users\\Mikasa Ackerman\\arymaid\\Arymaid\\vendor\\laravel\\framework\\src\\Illuminate\\Foundation\\Console\\Kernel.php(155): Illuminate\\Console\\Application->run(Object(Symfony\\Component\\Console\\Input\\ArgvInput), Object(Symfony\\Component\\Console\\Output\\ConsoleOutput))
#22 C:\\Users\\Mikasa Ackerman\\arymaid\\Arymaid\\artisan(35): Illuminate\\Foundation\\Console\\Kernel->handle(Object(Symfony\\Component\\Console\\Input\\ArgvInput), Object(Symfony\\Component\\Console\\Output\\ConsoleOutput))
#23 {main}

[previous exception] [object] (PDOException(code: 2002): SQLSTATE[HY000] [2002] No connection could be made because the target machine actively refused it at C:\\Users\\Mikasa Ackerman\\arymaid\\Arymaid\\vendor\\laravel\\framework\\src\\Illuminate\\Database\\Connectors\\Connector.php:65)
[stacktrace]
#0 C:\\Users\\Mikasa Ackerman\\arymaid\\Arymaid\\vendor\\laravel\\framework\\src\\Illuminate\\Database\\Connectors\\Connector.php(65): PDO->__construct('mysql:host=127....', 'root', Object(SensitiveParameterValue), Array)
#1 C:\\Users\\Mikasa Ackerman\\arymaid\\Arymaid\\vendor\\laravel\\framework\\src\\Illuminate\\Database\\Connectors\\Connector.php(44): Illuminate\\Database\\Connectors\\Connector->createPdoConnection('mysql:host=127....', 'root', '', Array)
#2 C:\\Users\\Mikasa Ackerman\\arymaid\\Arymaid\\vendor\\laravel\\framework\\src\\Illuminate\\Database\\Connectors\\MySqlConnector.php(24): Illuminate\\Database\\Connectors\\Connector->createConnection('mysql:host=127....', Array, Array)
#3 C:\\Users\\Mikasa Ackerman\\arymaid\\Arymaid\\vendor\\laravel\\framework\\src\\Illuminate\\Database\\Connectors\\ConnectionFactory.php(184): Illuminate\\Database\\Connectors\\MySqlConnector->connect(Array)
#4 [internal function]: Illuminate\\Database\\Connectors\\ConnectionFactory->Illuminate\\Database\\Connectors\\{closure}()
#5 C:\\Users\\Mikasa Ackerman\\arymaid\\Arymaid\\vendor\\laravel\\framework\\src\\Illuminate\\Database\\Connection.php(1177): call_user_func(Object(Closure))
#6 C:\\Users\\Mikasa Ackerman\\arymaid\\Arymaid\\vendor\\laravel\\framework\\src\\Illuminate\\Database\\Connection.php(486): Illuminate\\Database\\Connection->getPdo()
#7 C:\\Users\\Mikasa Ackerman\\arymaid\\Arymaid\\vendor\\laravel\\framework\\src\\Illuminate\\Database\\Connection.php(414): Illuminate\\Database\\Connection->getPdoForSelect(false)
#8 C:\\Users\\Mikasa Ackerman\\arymaid\\Arymaid\\vendor\\laravel\\framework\\src\\Illuminate\\Database\\Connection.php(753): Illuminate\\Database\\Connection->Illuminate\\Database\\{closure}('select * from i...', Array)
#9 C:\\Users\\Mikasa Ackerman\\arymaid\\Arymaid\\vendor\\laravel\\framework\\src\\Illuminate\\Database\\Connection.php(720): Illuminate\\Database\\Connection->runQueryCallback('select * from i...', Array, Object(Closure))
#10 C:\\Users\\Mikasa Ackerman\\arymaid\\Arymaid\\vendor\\laravel\\framework\\src\\Illuminate\\Database\\Connection.php(405): Illuminate\\Database\\Connection->run('select * from i...', Array, Object(Closure))
#11 C:\\Users\\Mikasa Ackerman\\arymaid\\Arymaid\\vendor\\laravel\\framework\\src\\Illuminate\\Database\\Connection.php(392): Illuminate\\Database\\Connection->select('select * from i...', Array, false)
#12 C:\\Users\\Mikasa Ackerman\\arymaid\\Arymaid\\vendor\\laravel\\framework\\src\\Illuminate\\Database\\Schema\\MySqlBuilder.php(43): Illuminate\\Database\\Connection->selectFromWriteConnection('select * from i...', Array)
#13 C:\\Users\\Mikasa Ackerman\\arymaid\\Arymaid\\vendor\\laravel\\framework\\src\\Illuminate\\Database\\Migrations\\DatabaseMigrationRepository.php(184): Illuminate\\Database\\Schema\\MySqlBuilder->hasTable('migrations')
#14 C:\\Users\\Mikasa Ackerman\\arymaid\\Arymaid\\vendor\\laravel\\framework\\src\\Illuminate\\Database\\Migrations\\Migrator.php(699): Illuminate\\Database\\Migrations\\DatabaseMigrationRepository->repositoryExists()
#15 C:\\Users\\Mikasa Ackerman\\arymaid\\Arymaid\\vendor\\laravel\\framework\\src\\Illuminate\\Database\\Console\\Migrations\\StatusCommand.php(53): Illuminate\\Database\\Migrations\\Migrator->repositoryExists()
#16 C:\\Users\\Mikasa Ackerman\\arymaid\\Arymaid\\vendor\\laravel\\framework\\src\\Illuminate\\Database\\Migrations\\Migrator.php(632): Illuminate\\Database\\Console\\Migrations\\StatusCommand->Illuminate\\Database\\Console\\Migrations\\{closure}()
#17 C:\\Users\\Mikasa Ackerman\\arymaid\\Arymaid\\vendor\\laravel\\framework\\src\\Illuminate\\Database\\Console\\Migrations\\StatusCommand.php(52): Illuminate\\Database\\Migrations\\Migrator->usingConnection(NULL, Object(Closure))
#18 C:\\Users\\Mikasa Ackerman\\arymaid\\Arymaid\\vendor\\laravel\\framework\\src\\Illuminate\\Container\\BoundMethod.php(36): Illuminate\\Database\\Console\\Migrations\\StatusCommand->handle()
#19 C:\\Users\\Mikasa Ackerman\\arymaid\\Arymaid\\vendor\\laravel\\framework\\src\\Illuminate\\Container\\Util.php(41): Illuminate\\Container\\BoundMethod::Illuminate\\Container\\{closure}()
#20 C:\\Users\\Mikasa Ackerman\\arymaid\\Arymaid\\vendor\\laravel\\framework\\src\\Illuminate\\Container\\BoundMethod.php(93): Illuminate\\Container\\Util::unwrapIfClosure(Object(Closure))
#21 C:\\Users\\Mikasa Ackerman\\arymaid\\Arymaid\\vendor\\laravel\\framework\\src\\Illuminate\\Container\\BoundMethod.php(35): Illuminate\\Container\\BoundMethod::callBoundMethod(Object(Illuminate\\Foundation\\Application), Array, Object(Closure))
#22 C:\\Users\\Mikasa Ackerman\\arymaid\\Arymaid\\vendor\\laravel\\framework\\src\\Illuminate\\Container\\Container.php(661): Illuminate\\Container\\BoundMethod::call(Object(Illuminate\\Foundation\\Application), Array, Array, NULL)
#23 C:\\Users\\Mikasa Ackerman\\arymaid\\Arymaid\\vendor\\laravel\\framework\\src\\Illuminate\\Console\\Command.php(194): Illuminate\\Container\\Container->call(Array)
#24 C:\\Users\\Mikasa Ackerman\\arymaid\\Arymaid\\vendor\\symfony\\console\\Command\\Command.php(312): Illuminate\\Console\\Command->execute(Object(Symfony\\Component\\Console\\Input\\ArgvInput), Object(Illuminate\\Console\\OutputStyle))
#25 C:\\Users\\Mikasa Ackerman\\arymaid\\Arymaid\\vendor\\laravel\\framework\\src\\Illuminate\\Console\\Command.php(163): Symfony\\Component\\Console\\Command\\Command->run(Object(Symfony\\Component\\Console\\Input\\ArgvInput), Object(Illuminate\\Console\\OutputStyle))
#26 C:\\Users\\Mikasa Ackerman\\arymaid\\Arymaid\\vendor\\symfony\\console\\Application.php(1022): Illuminate\\Console\\Command->run(Object(Symfony\\Component\\Console\\Input\\ArgvInput), Object(Symfony\\Component\\Console\\Output\\ConsoleOutput))
#27 C:\\Users\\Mikasa Ackerman\\arymaid\\Arymaid\\vendor\\symfony\\console\\Application.php(314): Symfony\\Component\\Console\\Application->doRunCommand(Object(Illuminate\\Database\\Console\\Migrations\\StatusCommand), Object(Symfony\\Component\\Console\\Input\\ArgvInput), Object(Symfony\\Component\\Console\\Output\\ConsoleOutput))
#28 C:\\Users\\Mikasa Ackerman\\arymaid\\Arymaid\\vendor\\symfony\\console\\Application.php(168): Symfony\\Component\\Console\\Application->doRun(Object(Symfony\\Component\\Console\\Input\\ArgvInput), Object(Symfony\\Component\\Console\\Output\\ConsoleOutput))
#29 C:\\Users\\Mikasa Ackerman\\arymaid\\Arymaid\\vendor\\laravel\\framework\\src\\Illuminate\\Console\\Application.php(102): Symfony\\Component\\Console\\Application->run(Object(Symfony\\Component\\Console\\Input\\ArgvInput), Object(Symfony\\Component\\Console\\Output\\ConsoleOutput))
#30 C:\\Users\\Mikasa Ackerman\\arymaid\\Arymaid\\vendor\\laravel\\framework\\src\\Illuminate\\Foundation\\Console\\Kernel.php(155): Illuminate\\Console\\Application->run(Object(Symfony\\Component\\Console\\Input\\ArgvInput), Object(Symfony\\Component\\Console\\Output\\ConsoleOutput))
#31 C:\\Users\\Mikasa Ackerman\\arymaid\\Arymaid\\artisan(35): Illuminate\\Foundation\\Console\\Kernel->handle(Object(Symfony\\Component\\Console\\Input\\ArgvInput), Object(Symfony\\Component\\Console\\Output\\ConsoleOutput))
#32 {main}
"} 
[2026-02-21 23:44:30] local.ERROR: Please provide a valid cache path. {"exception":"[object] (InvalidArgumentException(code: 0): Please provide a valid cache path. at C:\\Users\\Mikasa Ackerman\\arymaid\\Arymaid\\vendor\\laravel\\framework\\src\\Illuminate\\View\\Compilers\\Compiler.php:66)
[stacktrace]
#0 C:\\Users\\Mikasa Ackerman\\arymaid\\Arymaid\\vendor\\laravel\\framework\\src\\Illuminate\\View\\ViewServiceProvider.php(96): Illuminate\\View\\Compilers\\Compiler->__construct(Object(Illuminate\\Filesystem\\Filesystem), false, '', true, 'php')
#1 C:\\Users\\Mikasa Ackerman\\arymaid\\Arymaid\\vendor\\laravel\\framework\\src\\Illuminate\\Container\\Container.php(885): Illuminate\\View\\ViewServiceProvider->Illuminate\\View\\{closure}(Object(Illuminate\\Foundation\\Application), Array)
#2 C:\\Users\\Mikasa Ackerman\\arymaid\\Arymaid\\vendor\\laravel\\framework\\src\\Illuminate\\Container\\Container.php(770): Illuminate\\Container\\Container->build(Object(Closure))
#3 C:\\Users\\Mikasa Ackerman\\arymaid\\Arymaid\\vendor\\laravel\\framework\\src\\Illuminate\\Foundation\\Application.php(933): Illuminate\\Container\\Container->resolve('blade.compiler', Array, true)
#4 C:\\Users\\Mikasa Ackerman\\arymaid\\Arymaid\\vendor\\laravel\\framework\\src\\Illuminate\\Container\\Container.php(706): Illuminate\\Foundation\\Application->resolve('blade.compiler', Array)
#5 C:\\Users\\Mikasa Ackerman\\arymaid\\Arymaid\\vendor\\laravel\\framework\\src\\Illuminate\\Foundation\\Application.php(918): Illuminate\\Container\\Container->make('blade.compiler', Array)
#6 C:\\Users\\Mikasa Ackerman\\arymaid\\Arymaid\\vendor\\laravel\\framework\\src\\Illuminate\\Container\\Container.php(1431): Illuminate\\Foundation\\Application->make('blade.compiler')
#7 C:\\Users\\Mikasa Ackerman\\arymaid\\Arymaid\\vendor\\laravel\\framework\\src\\Illuminate\\View\\ViewServiceProvider.php(164): Illuminate\\Container\\Container->offsetGet('blade.compiler')
#8 [internal function]: Illuminate\\View\\ViewServiceProvider->Illuminate\\View\\{closure}()
#9 C:\\Users\\Mikasa Ackerman\\arymaid\\Arymaid\\vendor\\laravel\\framework\\src\\Illuminate\\View\\Engines\\EngineResolver.php(55): call_user_func(Object(Closure))
#10 C:\\Users\\Mikasa Ackerman\\arymaid\\Arymaid\\vendor\\laravel\\framework\\src\\Illuminate\\View\\Factory.php(310): Illuminate\\View\\Engines\\EngineResolver->resolve('blade')
#11 C:\\Users\\Mikasa Ackerman\\arymaid\\Arymaid\\vendor\\laravel\\framework\\src\\Illuminate\\View\\Factory.php(274): Illuminate\\View\\Factory->getEngineFromPath('C:\\\\Users\\\\Mikasa...')
#12 C:\\Users\\Mikasa Ackerman\\arymaid\\Arymaid\\vendor\\laravel\\framework\\src\\Illuminate\\View\\Factory.php(146): Illuminate\\View\\Factory->viewInstance('components.home', 'C:\\\\Users\\\\Mikasa...', Array)
#13 C:\\Users\\Mikasa Ackerman\\arymaid\\Arymaid\\vendor\\laravel\\framework\\src\\Illuminate\\Foundation\\helpers.php(1019): Illuminate\\View\\Factory->make('components.home', Array, Array)
#14 C:\\Users\\Mikasa Ackerman\\arymaid\\Arymaid\\app\\Http\\Controllers\\HomeController.php(22): view('components.home', Array)
#15 C:\\Users\\Mikasa Ackerman\\arymaid\\Arymaid\\vendor\\laravel\\framework\\src\\Illuminate\\Routing\\Controller.php(54): App\\Http\\Controllers\\HomeController->Home()
#16 C:\\Users\\Mikasa Ackerman\\arymaid\\Arymaid\\vendor\\laravel\\framework\\src\\Illuminate\\Routing\\ControllerDispatcher.php(43): Illuminate\\Routing\\Controller->callAction('Home', Array)
#17 C:\\Users\\Mikasa Ackerman\\arymaid\\Arymaid\\vendor\\laravel\\framework\\src\\Illuminate\\Routing\\Route.php(259): Illuminate\\Routing\\ControllerDispatcher->dispatch(Object(Illuminate\\Routing\\Route), Object(App\\Http\\Controllers\\HomeController), 'Home')
#18 C:\\Users\\Mikasa Ackerman\\arymaid\\Arymaid\\vendor\\laravel\\framework\\src\\Illuminate\\Routing\\Route.php(205): Illuminate\\Routing\\Route->runController()
#19 C:\\Users\\Mikasa Ackerman\\arymaid\\Arymaid\\vendor\\laravel\\framework\\src\\Illuminate\\Routing\\Router.php(798): Illuminate\\Routing\\Route->run()
#20 C:\\Users\\Mikasa Ackerman\\arymaid\\Arymaid\\vendor\\laravel\\framework\\src\\Illuminate\\Pipeline\\Pipeline.php(141): Illuminate\\Routing\\Router->Illuminate\\Routing\\{closure}(Object(Illuminate\\Http\\Request))
#21 C:\\Users\\Mikasa Ackerman\\arymaid\\Arymaid\\vendor\\laravel\\framework\\src\\Illuminate\\Routing\\Middleware\\SubstituteBindings.php(50): Illuminate\\Pipeline\\Pipeline->Illuminate\\Pipeline\\{closure}(Object(Illuminate\\Http\\Request))
#22 C:\\Users\\Mikasa Ackerman\\arymaid\\Arymaid\\vendor\\laravel\\framework\\src\\Illuminate\\Pipeline\\Pipeline.php(180): Illuminate\\Routing\\Middleware\\SubstituteBindings->handle(Object(Illuminate\\Http\\Request), Object(Closure))
#23 C:\\Users\\Mikasa Ackerman\\arymaid\\Arymaid\\vendor\\laravel\\framework\\src\\Illuminate\\Foundation\\Http\\Middleware\\VerifyCsrfToken.php(78): Illuminate\\Pipeline\\Pipeline->Illuminate\\Pipeline\\{closure}(Object(Illuminate\\Http\\Request))
#24 C:\\Users\\Mikasa Ackerman\\arymaid\\Arymaid\\vendor\\laravel\\framework\\src\\Illuminate\\Pipeline\\Pipeline.php(180): Illuminate\\Foundation\\Http\\Middleware\\VerifyCsrfToken->handle(Object(Illuminate\\Http\\Request), Object(Closure))
#25 C:\\Users\\Mikasa Ackerman\\arymaid\\Arymaid\\vendor\\laravel\\framework\\src\\Illuminate\\View\\Middleware\\ShareErrorsFromSession.php(49): Illuminate\\Pipeline\\Pipeline->Illuminate\\Pipeline\\{closure}(Object(Illuminate\\Http\\Request))
#26 C:\\Users\\Mikasa Ackerman\\arymaid\\Arymaid\\vendor\\laravel\\framework\\src\\Illuminate\\Pipeline\\Pipeline.php(180): Illuminate\\View\\Middleware\\ShareErrorsFromSession->handle(Object(Illuminate\\Http\\Request), Object(Closure))
#27 C:\\Users\\Mikasa Ackerman\\arymaid\\Arymaid\\vendor\\laravel\\framework\\src\\Illuminate\\Session\\Middleware\\StartSession.php(121): Illuminate\\Pipeline\\Pipeline->Illuminate\\Pipeline\\{closure}(Object(Illuminate\\Http\\Request))
#28 C:\\Users\\Mikasa Ackerman\\arymaid\\Arymaid\\vendor\\laravel\\framework\\src\\Illuminate\\Session\\Middleware\\StartSession.php(64): Illuminate\\Session\\Middleware\\StartSession->handleStatefulRequest(Object(Illuminate\\Http\\Request), Object(Illuminate\\Session\\Store), Object(Closure))
#29 C:\\Users\\Mikasa Ackerman\\arymaid\\Arymaid\\vendor\\laravel\\framework\\src\\Illuminate\\Pipeline\\Pipeline.php(180): Illuminate\\Session\\Middleware\\StartSession->handle(Object(Illuminate\\Http\\Request), Object(Closure))
#30 C:\\Users\\Mikasa Ackerman\\arymaid\\Arymaid\\vendor\\laravel\\framework\\src\\Illuminate\\Cookie\\Middleware\\AddQueuedCookiesToResponse.php(37): Illuminate\\Pipeline\\Pipeline->Illuminate\\Pipeline\\{closure}(Object(Illuminate\\Http\\Request))
#31 C:\\Users\\Mikasa Ackerman\\arymaid\\Arymaid\\vendor\\laravel\\framework\\src\\Illuminate\\Pipeline\\Pipeline.php(180): Illuminate\\Cookie\\Middleware\\AddQueuedCookiesToResponse->handle(Object(Illuminate\\Http\\Request), Object(Closure))
#32 C:\\Users\\Mikasa Ackerman\\arymaid\\Arymaid\\vendor\\laravel\\framework\\src\\Illuminate\\Cookie\\Middleware\\EncryptCookies.php(67): Illuminate\\Pipeline\\Pipeline->Illuminate\\Pipeline\\{closure}(Object(Illuminate\\Http\\Request))
#33 C:\\Users\\Mikasa Ackerman\\arymaid\\Arymaid\\vendor\\laravel\\framework\\src\\Illuminate\\Pipeline\\Pipeline.php(180): Illuminate\\Cookie\\Middleware\\EncryptCookies->handle(Object(Illuminate\\Http\\Request), Object(Closure))
#34 C:\\Users\\Mikasa Ackerman\\arymaid\\Arymaid\\vendor\\laravel\\framework\\src\\Illuminate\\Pipeline\\Pipeline.php(116): Illuminate\\Pipeline\\Pipeline->Illuminate\\Pipeline\\{closure}(Object(Illuminate\\Http\\Request))
#35 C:\\Users\\Mikasa Ackerman\\arymaid\\Arymaid\\vendor\\laravel\\framework\\src\\Illuminate\\Routing\\Router.php(797): Illuminate\\Pipeline\\Pipeline->then(Object(Closure))
#36 C:\\Users\\Mikasa Ackerman\\arymaid\\Arymaid\\vendor\\laravel\\framework\\src\\Illuminate\\Routing\\Router.php(776): Illuminate\\Routing\\Router->runRouteWithinStack(Object(Illuminate\\Routing\\Route), Object(Illuminate\\Http\\Request))
#37 C:\\Users\\Mikasa Ackerman\\arymaid\\Arymaid\\vendor\\laravel\\framework\\src\\Illuminate\\Routing\\Router.php(740): Illuminate\\Routing\\Router->runRoute(Object(Illuminate\\Http\\Request), Object(Illuminate\\Routing\\Route))
#38 C:\\Users\\Mikasa Ackerman\\arymaid\\Arymaid\\vendor\\laravel\\framework\\src\\Illuminate\\Routing\\Router.php(729): Illuminate\\Routing\\Router->dispatchToRoute(Object(Illuminate\\Http\\Request))
#39 C:\\Users\\Mikasa Ackerman\\arymaid\\Arymaid\\vendor\\laravel\\framework\\src\\Illuminate\\Foundation\\Http\\Kernel.php(200): Illuminate\\Routing\\Router->dispatch(Object(Illuminate\\Http\\Request))
#40 C:\\Users\\Mikasa Ackerman\\arymaid\\Arymaid\\vendor\\laravel\\framework\\src\\Illuminate\\Pipeline\\Pipeline.php(141): Illuminate\\Foundation\\Http\\Kernel->Illuminate\\Foundation\\Http\\{closure}(Object(Illuminate\\Http\\Request))
#41 C:\\Users\\Mikasa Ackerman\\arymaid\\Arymaid\\vendor\\laravel\\framework\\src\\Illuminate\\Foundation\\Http\\Middleware\\TransformsRequest.php(21): Illuminate\\Pipeline\\Pipeline->Illuminate\\Pipeline\\{closure}(Object(Illuminate\\Http\\Request))
#42 C:\\Users\\Mikasa Ackerman\\arymaid\\Arymaid\\vendor\\laravel\\framework\\src\\Illuminate\\Foundation\\Http\\Middleware\\ConvertEmptyStringsToNull.php(31): Illuminate\\Foundation\\Http\\Middleware\\TransformsRequest->handle(Object(Illuminate\\Http\\Request), Object(Closure))
#43 C:\\Users\\Mikasa Ackerman\\arymaid\\Arymaid\\vendor\\laravel\\framework\\src\\Illuminate\\Pipeline\\Pipeline.php(180): Illuminate\\Foundation\\Http\\Middleware\\ConvertEmptyStringsToNull->handle(Object(Illuminate\\Http\\Request), Object(Closure))
#44 C:\\Users\\Mikasa Ackerman\\arymaid\\Arymaid\\vendor\\laravel\\framework\\src\\Illuminate\\Foundation\\Http\\Middleware\\TransformsRequest.php(21): Illuminate\\Pipeline\\Pipeline->Illuminate\\Pipeline\\{closure}(Object(Illuminate\\Http\\Request))
#45 C:\\Users\\Mikasa Ackerman\\arymaid\\Arymaid\\vendor\\laravel\\framework\\src\\Illuminate\\Foundation\\Http\\Middleware\\TrimStrings.php(40): Illuminate\\Foundation\\Http\\Middleware\\TransformsRequest->handle(Object(Illuminate\\Http\\Request), Object(Closure))
#46 C:\\Users\\Mikasa Ackerman\\arymaid\\Arymaid\\vendor\\laravel\\framework\\src\\Illuminate\\Pipeline\\Pipeline.php(180): Illuminate\\Foundation\\Http\\Middleware\\TrimStrings->handle(Object(Illuminate\\Http\\Request), Object(Closure))
#47 C:\\Users\\Mikasa Ackerman\\arymaid\\Arymaid\\vendor\\laravel\\framework\\src\\Illuminate\\Foundation\\Http\\Middleware\\ValidatePostSize.php(27): Illuminate\\Pipeline\\Pipeline->Illuminate\\Pipeline\\{closure}(Object(Illuminate\\Http\\Request))
#48 C:\\Users\\Mikasa Ackerman\\arymaid\\Arymaid\\vendor\\laravel\\framework\\src\\Illuminate\\Pipeline\\Pipeline.php(180): Illuminate\\Foundation\\Http\\Middleware\\ValidatePostSize->handle(Object(Illuminate\\Http\\Request), Object(Closure))
#49 C:\\Users\\Mikasa Ackerman\\arymaid\\Arymaid\\vendor\\laravel\\framework\\src\\Illuminate\\Foundation\\Http\\Middleware\\PreventRequestsDuringMaintenance.php(86): Illuminate\\Pipeline\\Pipeline->Illuminate\\Pipeline\\{closure}(Object(Illuminate\\Http\\Request))
#50 C:\\Users\\Mikasa Ackerman\\arymaid\\Arymaid\\vendor\\laravel\\framework\\src\\Illuminate\\Pipeline\\Pipeline.php(180): Illuminate\\Foundation\\Http\\Middleware\\PreventRequestsDuringMaintenance->handle(Object(Illuminate\\Http\\Request), Object(Closure))
#51 C:\\Users\\Mikasa Ackerman\\arymaid\\Arymaid\\vendor\\laravel\\framework\\src\\Illuminate\\Http\\Middleware\\HandleCors.php(49): Illuminate\\Pipeline\\Pipeline->Illuminate\\Pipeline\\{closure}(Object(Illuminate\\Http\\Request))
#52 C:\\Users\\Mikasa Ackerman\\arymaid\\Arymaid\\vendor\\laravel\\framework\\src\\Illuminate\\Pipeline\\Pipeline.php(180): Illuminate\\Http\\Middleware\\HandleCors->handle(Object(Illuminate\\Http\\Request), Object(Closure))
#53 C:\\Users\\Mikasa Ackerman\\arymaid\\Arymaid\\vendor\\laravel\\framework\\src\\Illuminate\\Http\\Middleware\\TrustProxies.php(39): Illuminate\\Pipeline\\Pipeline->Illuminate\\Pipeline\\{closure}(Object(Illuminate\\Http\\Request))
#54 C:\\Users\\Mikasa Ackerman\\arymaid\\Arymaid\\vendor\\laravel\\framework\\src\\Illuminate\\Pipeline\\Pipeline.php(180): Illuminate\\Http\\Middleware\\TrustProxies->handle(Object(Illuminate\\Http\\Request), Object(Closure))
#55 C:\\Users\\Mikasa Ackerman\\arymaid\\Arymaid\\vendor\\laravel\\framework\\src\\Illuminate\\Pipeline\\Pipeline.php(116): Illuminate\\Pipeline\\Pipeline->Illuminate\\Pipeline\\{closure}(Object(Illuminate\\Http\\Request))
#56 C:\\Users\\Mikasa Ackerman\\arymaid\\Arymaid\\vendor\\laravel\\framework\\src\\Illuminate\\Foundation\\Http\\Kernel.php(175): Illuminate\\Pipeline\\Pipeline->then(Object(Closure))
#57 C:\\Users\\Mikasa Ackerman\\arymaid\\Arymaid\\vendor\\laravel\\framework\\src\\Illuminate\\Foundation\\Http\\Kernel.php(144): Illuminate\\Foundation\\Http\\Kernel->sendRequestThroughRouter(Object(Illuminate\\Http\\Request))
#58 C:\\Users\\Mikasa Ackerman\\arymaid\\Arymaid\\public\\index.php(51): Illuminate\\Foundation\\Http\\Kernel->handle(Object(Illuminate\\Http\\Request))
#59 C:\\Users\\Mikasa Ackerman\\arymaid\\Arymaid\\vendor\\laravel\\framework\\src\\Illuminate\\Foundation\\resources\\server.php(16): require_once('C:\\\\Users\\\\Mikasa...')
#60 {main}
"} 
[2026-02-21 23:44:37] local.ERROR: file_put_contents(C:\Users\Mikasa Ackerman\arymaid\Arymaid\storage\framework/sessions/c9Akuq5oQJlpjLNnqYWzlIwXYnbsT0RgjuC4qQ9W): Failed to open stream: No such file or directory {"exception":"[object] (ErrorException(code: 0): file_put_contents(C:\\Users\\Mikasa Ackerman\\arymaid\\Arymaid\\storage\\framework/sessions/c9Akuq5oQJlpjLNnqYWzlIwXYnbsT0RgjuC4qQ9W): Failed to open stream: No such file or directory at C:\\Users\\Mikasa Ackerman\\arymaid\\Arymaid\\vendor\\laravel\\framework\\src\\Illuminate\\Filesystem\\Filesystem.php:190)
[stacktrace]
#0 C:\\Users\\Mikasa Ackerman\\arymaid\\Arymaid\\vendor\\laravel\\framework\\src\\Illuminate\\Foundation\\Bootstrap\\HandleExceptions.php(250): Illuminate\\Foundation\\Bootstrap\\HandleExceptions->handleError(2, 'file_put_conten...', 'C:\\\\Users\\\\Mikasa...', 190)
#1 [internal function]: Illuminate\\Foundation\\Bootstrap\\HandleExceptions->Illuminate\\Foundation\\Bootstrap\\{closure}(2, 'file_put_conten...', 'C:\\\\Users\\\\Mikasa...', 190)
#2 C:\\Users\\Mikasa Ackerman\\arymaid\\Arymaid\\vendor\\laravel\\framework\\src\\Illuminate\\Filesystem\\Filesystem.php(190): file_put_contents('C:\\\\Users\\\\Mikasa...', 'a:3:{s:6:\"_toke...', 2)
#3 C:\\Users\\Mikasa Ackerman\\arymaid\\Arymaid\\vendor\\laravel\\framework\\src\\Illuminate\\Session\\FileSessionHandler.php(90): Illuminate\\Filesystem\\Filesystem->put('C:\\\\Users\\\\Mikasa...', 'a:3:{s:6:\"_toke...', true)
#4 C:\\Users\\Mikasa Ackerman\\arymaid\\Arymaid\\vendor\\laravel\\framework\\src\\Illuminate\\Session\\Store.php(172): Illuminate\\Session\\FileSessionHandler->write('c9Akuq5oQJlpjLN...', 'a:3:{s:6:\"_toke...')
#5 C:\\Users\\Mikasa Ackerman\\arymaid\\Arymaid\\vendor\\laravel\\framework\\src\\Illuminate\\Session\\Middleware\\StartSession.php(238): Illuminate\\Session\\Store->save()
#6 C:\\Users\\Mikasa Ackerman\\arymaid\\Arymaid\\vendor\\laravel\\framework\\src\\Illuminate\\Session\\Middleware\\StartSession.php(130): Illuminate\\Session\\Middleware\\StartSession->saveSession(Object(Illuminate\\Http\\Request))
#7 C:\\Users\\Mikasa Ackerman\\arymaid\\Arymaid\\vendor\\laravel\\framework\\src\\Illuminate\\Session\\Middleware\\StartSession.php(64): Illuminate\\Session\\Middleware\\StartSession->handleStatefulRequest(Object(Illuminate\\Http\\Request), Object(Illuminate\\Session\\Store), Object(Closure))
#8 C:\\Users\\Mikasa Ackerman\\arymaid\\Arymaid\\vendor\\laravel\\framework\\src\\Illuminate\\Pipeline\\Pipeline.php(180): Illuminate\\Session\\Middleware\\StartSession->handle(Object(Illuminate\\Http\\Request), Object(Closure))
#9 C:\\Users\\Mikasa Ackerman\\arymaid\\Arymaid\\vendor\\laravel\\framework\\src\\Illuminate\\Cookie\\Middleware\\AddQueuedCookiesToResponse.php(37): Illuminate\\Pipeline\\Pipeline->Illuminate\\Pipeline\\{closure}(Object(Illuminate\\Http\\Request))
#10 C:\\Users\\Mikasa Ackerman\\arymaid\\Arymaid\\vendor\\laravel\\framework\\src\\Illuminate\\Pipeline\\Pipeline.php(180): Illuminate\\Cookie\\Middleware\\AddQueuedCookiesToResponse->handle(Object(Illuminate\\Http\\Request), Object(Closure))
#11 C:\\Users\\Mikasa Ackerman\\arymaid\\Arymaid\\vendor\\laravel\\framework\\src\\Illuminate\\Cookie\\Middleware\\EncryptCookies.php(67): Illuminate\\Pipeline\\Pipeline->Illuminate\\Pipeline\\{closure}(Object(Illuminate\\Http\\Request))
#12 C:\\Users\\Mikasa Ackerman\\arymaid\\Arymaid\\vendor\\laravel\\framework\\src\\Illuminate\\Pipeline\\Pipeline.php(180): Illuminate\\Cookie\\Middleware\\EncryptCookies->handle(Object(Illuminate\\Http\\Request), Object(Closure))
#13 C:\\Users\\Mikasa Ackerman\\arymaid\\Arymaid\\vendor\\laravel\\framework\\src\\Illuminate\\Pipeline\\Pipeline.php(116): Illuminate\\Pipeline\\Pipeline->Illuminate\\Pipeline\\{closure}(Object(Illuminate\\Http\\Request))
#14 C:\\Users\\Mikasa Ackerman\\arymaid\\Arymaid\\vendor\\laravel\\framework\\src\\Illuminate\\Routing\\Router.php(797): Illuminate\\Pipeline\\Pipeline->then(Object(Closure))
#15 C:\\Users\\Mikasa Ackerman\\arymaid\\Arymaid\\vendor\\laravel\\framework\\src\\Illuminate\\Routing\\Router.php(776): Illuminate\\Routing\\Router->runRouteWithinStack(Object(Illuminate\\Routing\\Route), Object(Illuminate\\Http\\Request))
#16 C:\\Users\\Mikasa Ackerman\\arymaid\\Arymaid\\vendor\\laravel\\framework\\src\\Illuminate\\Routing\\Router.php(740): Illuminate\\Routing\\Router->runRoute(Object(Illuminate\\Http\\Request), Object(Illuminate\\Routing\\Route))
#17 C:\\Users\\Mikasa Ackerman\\arymaid\\Arymaid\\vendor\\laravel\\framework\\src\\Illuminate\\Routing\\Router.php(729): Illuminate\\Routing\\Router->dispatchToRoute(Object(Illuminate\\Http\\Request))
#18 C:\\Users\\Mikasa Ackerman\\arymaid\\Arymaid\\vendor\\laravel\\framework\\src\\Illuminate\\Foundation\\Http\\Kernel.php(200): Illuminate\\Routing\\Router->dispatch(Object(Illuminate\\Http\\Request))
#19 C:\\Users\\Mikasa Ackerman\\arymaid\\Arymaid\\vendor\\laravel\\framework\\src\\Illuminate\\Pipeline\\Pipeline.php(141): Illuminate\\Foundation\\Http\\Kernel->Illuminate\\Foundation\\Http\\{closure}(Object(Illuminate\\Http\\Request))
#20 C:\\Users\\Mikasa Ackerman\\arymaid\\Arymaid\\vendor\\laravel\\framework\\src\\Illuminate\\Foundation\\Http\\Middleware\\TransformsRequest.php(21): Illuminate\\Pipeline\\Pipeline->Illuminate\\Pipeline\\{closure}(Object(Illuminate\\Http\\Request))
#21 C:\\Users\\Mikasa Ackerman\\arymaid\\Arymaid\\vendor\\laravel\\framework\\src\\Illuminate\\Foundation\\Http\\Middleware\\ConvertEmptyStringsToNull.php(31): Illuminate\\Foundation\\Http\\Middleware\\TransformsRequest->handle(Object(Illuminate\\Http\\Request), Object(Closure))
#22 C:\\Users\\Mikasa Ackerman\\arymaid\\Arymaid\\vendor\\laravel\\framework\\src\\Illuminate\\Pipeline\\Pipeline.php(180): Illuminate\\Foundation\\Http\\Middleware\\ConvertEmptyStringsToNull->handle(Object(Illuminate\\Http\\Request), Object(Closure))
#23 C:\\Users\\Mikasa Ackerman\\arymaid\\Arymaid\\vendor\\laravel\\framework\\src\\Illuminate\\Foundation\\Http\\Middleware\\TransformsRequest.php(21): Illuminate\\Pipeline\\Pipeline->Illuminate\\Pipeline\\{closure}(Object(Illuminate\\Http\\Request))
#24 C:\\Users\\Mikasa Ackerman\\arymaid\\Arymaid\\vendor\\laravel\\framework\\src\\Illuminate\\Foundation\\Http\\Middleware\\TrimStrings.php(40): Illuminate\\Foundation\\Http\\Middleware\\TransformsRequest->handle(Object(Illuminate\\Http\\Request), Object(Closure))
#25 C:\\Users\\Mikasa Ackerman\\arymaid\\Arymaid\\vendor\\laravel\\framework\\src\\Illuminate\\Pipeline\\Pipeline.php(180): Illuminate\\Foundation\\Http\\Middleware\\TrimStrings->handle(Object(Illuminate\\Http\\Request), Object(Closure))
#26 C:\\Users\\Mikasa Ackerman\\arymaid\\Arymaid\\vendor\\laravel\\framework\\src\\Illuminate\\Foundation\\Http\\Middleware\\ValidatePostSize.php(27): Illuminate\\Pipeline\\Pipeline->Illuminate\\Pipeline\\{closure}(Object(Illuminate\\Http\\Request))
#27 C:\\Users\\Mikasa Ackerman\\arymaid\\Arymaid\\vendor\\laravel\\framework\\src\\Illuminate\\Pipeline\\Pipeline.php(180): Illuminate\\Foundation\\Http\\Middleware\\ValidatePostSize->handle(Object(Illuminate\\Http\\Request), Object(Closure))
#28 C:\\Users\\Mikasa Ackerman\\arymaid\\Arymaid\\vendor\\laravel\\framework\\src\\Illuminate\\Foundation\\Http\\Middleware\\PreventRequestsDuringMaintenance.php(86): Illuminate\\Pipeline\\Pipeline->Illuminate\\Pipeline\\{closure}(Object(Illuminate\\Http\\Request))
#29 C:\\Users\\Mikasa Ackerman\\arymaid\\Arymaid\\vendor\\laravel\\framework\\src\\Illuminate\\Pipeline\\Pipeline.php(180): Illuminate\\Foundation\\Http\\Middleware\\PreventRequestsDuringMaintenance->handle(Object(Illuminate\\Http\\Request), Object(Closure))
#30 C:\\Users\\Mikasa Ackerman\\arymaid\\Arymaid\\vendor\\laravel\\framework\\src\\Illuminate\\Http\\Middleware\\HandleCors.php(49): Illuminate\\Pipeline\\Pipeline->Illuminate\\Pipeline\\{closure}(Object(Illuminate\\Http\\Request))
#31 C:\\Users\\Mikasa Ackerman\\arymaid\\Arymaid\\vendor\\laravel\\framework\\src\\Illuminate\\Pipeline\\Pipeline.php(180): Illuminate\\Http\\Middleware\\HandleCors->handle(Object(Illuminate\\Http\\Request), Object(Closure))
#32 C:\\Users\\Mikasa Ackerman\\arymaid\\Arymaid\\vendor\\laravel\\framework\\src\\Illuminate\\Http\\Middleware\\TrustProxies.php(39): Illuminate\\Pipeline\\Pipeline->Illuminate\\Pipeline\\{closure}(Object(Illuminate\\Http\\Request))
#33 C:\\Users\\Mikasa Ackerman\\arymaid\\Arymaid\\vendor\\laravel\\framework\\src\\Illuminate\\Pipeline\\Pipeline.php(180): Illuminate\\Http\\Middleware\\TrustProxies->handle(Object(Illuminate\\Http\\Request), Object(Closure))
#34 C:\\Users\\Mikasa Ackerman\\arymaid\\Arymaid\\vendor\\laravel\\framework\\src\\Illuminate\\Pipeline\\Pipeline.php(116): Illuminate\\Pipeline\\Pipeline->Illuminate\\Pipeline\\{closure}(Object(Illuminate\\Http\\Request))
#35 C:\\Users\\Mikasa Ackerman\\arymaid\\Arymaid\\vendor\\laravel\\framework\\src\\Illuminate\\Foundation\\Http\\Kernel.php(175): Illuminate\\Pipeline\\Pipeline->then(Object(Closure))
#36 C:\\Users\\Mikasa Ackerman\\arymaid\\Arymaid\\vendor\\laravel\\framework\\src\\Illuminate\\Foundation\\Http\\Kernel.php(144): Illuminate\\Foundation\\Http\\Kernel->sendRequestThroughRouter(Object(Illuminate\\Http\\Request))
#37 C:\\Users\\Mikasa Ackerman\\arymaid\\Arymaid\\public\\index.php(51): Illuminate\\Foundation\\Http\\Kernel->handle(Object(Illuminate\\Http\\Request))
#38 C:\\Users\\Mikasa Ackerman\\arymaid\\Arymaid\\vendor\\laravel\\framework\\src\\Illuminate\\Foundation\\resources\\server.php(16): require_once('C:\\\\Users\\\\Mikasa...')
#39 {main}
"} 
[2026-02-21 23:45:46] local.ERROR: View path not found. {"exception":"[object] (RuntimeException(code: 0): View path not found. at C:\\Users\\Mikasa Ackerman\\arymaid\\Arymaid\\vendor\\laravel\\framework\\src\\Illuminate\\Foundation\\Console\\ViewClearCommand.php:59)
[stacktrace]
#0 C:\\Users\\Mikasa Ackerman\\arymaid\\Arymaid\\vendor\\laravel\\framework\\src\\Illuminate\\Container\\BoundMethod.php(36): Illuminate\\Foundation\\Console\\ViewClearCommand->handle()
#1 C:\\Users\\Mikasa Ackerman\\arymaid\\Arymaid\\vendor\\laravel\\framework\\src\\Illuminate\\Container\\Util.php(41): Illuminate\\Container\\BoundMethod::Illuminate\\Container\\{closure}()
#2 C:\\Users\\Mikasa Ackerman\\arymaid\\Arymaid\\vendor\\laravel\\framework\\src\\Illuminate\\Container\\BoundMethod.php(93): Illuminate\\Container\\Util::unwrapIfClosure(Object(Closure))
#3 C:\\Users\\Mikasa Ackerman\\arymaid\\Arymaid\\vendor\\laravel\\framework\\src\\Illuminate\\Container\\BoundMethod.php(35): Illuminate\\Container\\BoundMethod::callBoundMethod(Object(Illuminate\\Foundation\\Application), Array, Object(Closure))
#4 C:\\Users\\Mikasa Ackerman\\arymaid\\Arymaid\\vendor\\laravel\\framework\\src\\Illuminate\\Container\\Container.php(661): Illuminate\\Container\\BoundMethod::call(Object(Illuminate\\Foundation\\Application), Array, Array, NULL)
#5 C:\\Users\\Mikasa Ackerman\\arymaid\\Arymaid\\vendor\\laravel\\framework\\src\\Illuminate\\Console\\Command.php(194): Illuminate\\Container\\Container->call(Array)
#6 C:\\Users\\Mikasa Ackerman\\arymaid\\Arymaid\\vendor\\symfony\\console\\Command\\Command.php(312): Illuminate\\Console\\Command->execute(Object(Symfony\\Component\\Console\\Input\\ArgvInput), Object(Illuminate\\Console\\OutputStyle))
#7 C:\\Users\\Mikasa Ackerman\\arymaid\\Arymaid\\vendor\\laravel\\framework\\src\\Illuminate\\Console\\Command.php(163): Symfony\\Component\\Console\\Command\\Command->run(Object(Symfony\\Component\\Console\\Input\\ArgvInput), Object(Illuminate\\Console\\OutputStyle))
#8 C:\\Users\\Mikasa Ackerman\\arymaid\\Arymaid\\vendor\\symfony\\console\\Application.php(1022): Illuminate\\Console\\Command->run(Object(Symfony\\Component\\Console\\Input\\ArgvInput), Object(Symfony\\Component\\Console\\Output\\ConsoleOutput))
#9 C:\\Users\\Mikasa Ackerman\\arymaid\\Arymaid\\vendor\\symfony\\console\\Application.php(314): Symfony\\Component\\Console\\Application->doRunCommand(Object(Illuminate\\Foundation\\Console\\ViewClearCommand), Object(Symfony\\Component\\Console\\Input\\ArgvInput), Object(Symfony\\Component\\Console\\Output\\ConsoleOutput))
#10 C:\\Users\\Mikasa Ackerman\\arymaid\\Arymaid\\vendor\\symfony\\console\\Application.php(168): Symfony\\Component\\Console\\Application->doRun(Object(Symfony\\Component\\Console\\Input\\ArgvInput), Object(Symfony\\Component\\Console\\Output\\ConsoleOutput))
#11 C:\\Users\\Mikasa Ackerman\\arymaid\\Arymaid\\vendor\\laravel\\framework\\src\\Illuminate\\Console\\Application.php(102): Symfony\\Component\\Console\\Application->run(Object(Symfony\\Component\\Console\\Input\\ArgvInput), Object(Symfony\\Component\\Console\\Output\\ConsoleOutput))
#12 C:\\Users\\Mikasa Ackerman\\arymaid\\Arymaid\\vendor\\laravel\\framework\\src\\Illuminate\\Foundation\\Console\\Kernel.php(155): Illuminate\\Console\\Application->run(Object(Symfony\\Component\\Console\\Input\\ArgvInput), Object(Symfony\\Component\\Console\\Output\\ConsoleOutput))
#13 C:\\Users\\Mikasa Ackerman\\arymaid\\Arymaid\\artisan(35): Illuminate\\Foundation\\Console\\Kernel->handle(Object(Symfony\\Component\\Console\\Input\\ArgvInput), Object(Symfony\\Component\\Console\\Output\\ConsoleOutput))
#14 {main}
"} 
[2026-02-21 23:46:41] local.ERROR: Please provide a valid cache path. {"exception":"[object] (InvalidArgumentException(code: 0): Please provide a valid cache path. at C:\\Users\\Mikasa Ackerman\\arymaid\\Arymaid\\vendor\\laravel\\framework\\src\\Illuminate\\View\\Compilers\\Compiler.php:66)
[stacktrace]
#0 C:\\Users\\Mikasa Ackerman\\arymaid\\Arymaid\\vendor\\laravel\\framework\\src\\Illuminate\\View\\ViewServiceProvider.php(96): Illuminate\\View\\Compilers\\Compiler->__construct(Object(Illuminate\\Filesystem\\Filesystem), false, '', true, 'php')
#1 C:\\Users\\Mikasa Ackerman\\arymaid\\Arymaid\\vendor\\laravel\\framework\\src\\Illuminate\\Container\\Container.php(885): Illuminate\\View\\ViewServiceProvider->Illuminate\\View\\{closure}(Object(Illuminate\\Foundation\\Application), Array)
#2 C:\\Users\\Mikasa Ackerman\\arymaid\\Arymaid\\vendor\\laravel\\framework\\src\\Illuminate\\Container\\Container.php(770): Illuminate\\Container\\Container->build(Object(Closure))
#3 C:\\Users\\Mikasa Ackerman\\arymaid\\Arymaid\\vendor\\laravel\\framework\\src\\Illuminate\\Foundation\\Application.php(933): Illuminate\\Container\\Container->resolve('blade.compiler', Array, true)
#4 C:\\Users\\Mikasa Ackerman\\arymaid\\Arymaid\\vendor\\laravel\\framework\\src\\Illuminate\\Container\\Container.php(706): Illuminate\\Foundation\\Application->resolve('blade.compiler', Array)
#5 C:\\Users\\Mikasa Ackerman\\arymaid\\Arymaid\\vendor\\laravel\\framework\\src\\Illuminate\\Foundation\\Application.php(918): Illuminate\\Container\\Container->make('blade.compiler', Array)
#6 C:\\Users\\Mikasa Ackerman\\arymaid\\Arymaid\\vendor\\laravel\\framework\\src\\Illuminate\\Container\\Container.php(1431): Illuminate\\Foundation\\Application->make('blade.compiler')
#7 C:\\Users\\Mikasa Ackerman\\arymaid\\Arymaid\\vendor\\laravel\\framework\\src\\Illuminate\\View\\ViewServiceProvider.php(164): Illuminate\\Container\\Container->offsetGet('blade.compiler')
#8 [internal function]: Illuminate\\View\\ViewServiceProvider->Illuminate\\View\\{closure}()
#9 C:\\Users\\Mikasa Ackerman\\arymaid\\Arymaid\\vendor\\laravel\\framework\\src\\Illuminate\\View\\Engines\\EngineResolver.php(55): call_user_func(Object(Closure))
#10 C:\\Users\\Mikasa Ackerman\\arymaid\\Arymaid\\vendor\\laravel\\framework\\src\\Illuminate\\View\\Factory.php(310): Illuminate\\View\\Engines\\EngineResolver->resolve('blade')
#11 C:\\Users\\Mikasa Ackerman\\arymaid\\Arymaid\\vendor\\laravel\\framework\\src\\Illuminate\\View\\Factory.php(274): Illuminate\\View\\Factory->getEngineFromPath('C:\\\\Users\\\\Mikasa...')
#12 C:\\Users\\Mikasa Ackerman\\arymaid\\Arymaid\\vendor\\laravel\\framework\\src\\Illuminate\\View\\Factory.php(146): Illuminate\\View\\Factory->viewInstance('components.home', 'C:\\\\Users\\\\Mikasa...', Array)
#13 C:\\Users\\Mikasa Ackerman\\arymaid\\Arymaid\\vendor\\laravel\\framework\\src\\Illuminate\\Foundation\\helpers.php(1019): Illuminate\\View\\Factory->make('components.home', Array, Array)
#14 C:\\Users\\Mikasa Ackerman\\arymaid\\Arymaid\\app\\Http\\Controllers\\HomeController.php(22): view('components.home', Array)
#15 C:\\Users\\Mikasa Ackerman\\arymaid\\Arymaid\\vendor\\laravel\\framework\\src\\Illuminate\\Routing\\Controller.php(54): App\\Http\\Controllers\\HomeController->Home()
#16 C:\\Users\\Mikasa Ackerman\\arymaid\\Arymaid\\vendor\\laravel\\framework\\src\\Illuminate\\Routing\\ControllerDispatcher.php(43): Illuminate\\Routing\\Controller->callAction('Home', Array)
#17 C:\\Users\\Mikasa Ackerman\\arymaid\\Arymaid\\vendor\\laravel\\framework\\src\\Illuminate\\Routing\\Route.php(259): Illuminate\\Routing\\ControllerDispatcher->dispatch(Object(Illuminate\\Routing\\Route), Object(App\\Http\\Controllers\\HomeController), 'Home')
#18 C:\\Users\\Mikasa Ackerman\\arymaid\\Arymaid\\vendor\\laravel\\framework\\src\\Illuminate\\Routing\\Route.php(205): Illuminate\\Routing\\Route->runController()
#19 C:\\Users\\Mikasa Ackerman\\arymaid\\Arymaid\\vendor\\laravel\\framework\\src\\Illuminate\\Routing\\Router.php(798): Illuminate\\Routing\\Route->run()
#20 C:\\Users\\Mikasa Ackerman\\arymaid\\Arymaid\\vendor\\laravel\\framework\\src\\Illuminate\\Pipeline\\Pipeline.php(141): Illuminate\\Routing\\Router->Illuminate\\Routing\\{closure}(Object(Illuminate\\Http\\Request))
#21 C:\\Users\\Mikasa Ackerman\\arymaid\\Arymaid\\vendor\\laravel\\framework\\src\\Illuminate\\Routing\\Middleware\\SubstituteBindings.php(50): Illuminate\\Pipeline\\Pipeline->Illuminate\\Pipeline\\{closure}(Object(Illuminate\\Http\\Request))
#22 C:\\Users\\Mikasa Ackerman\\arymaid\\Arymaid\\vendor\\laravel\\framework\\src\\Illuminate\\Pipeline\\Pipeline.php(180): Illuminate\\Routing\\Middleware\\SubstituteBindings->handle(Object(Illuminate\\Http\\Request), Object(Closure))
#23 C:\\Users\\Mikasa Ackerman\\arymaid\\Arymaid\\vendor\\laravel\\framework\\src\\Illuminate\\Foundation\\Http\\Middleware\\VerifyCsrfToken.php(78): Illuminate\\Pipeline\\Pipeline->Illuminate\\Pipeline\\{closure}(Object(Illuminate\\Http\\Request))
#24 C:\\Users\\Mikasa Ackerman\\arymaid\\Arymaid\\vendor\\laravel\\framework\\src\\Illuminate\\Pipeline\\Pipeline.php(180): Illuminate\\Foundation\\Http\\Middleware\\VerifyCsrfToken->handle(Object(Illuminate\\Http\\Request), Object(Closure))
#25 C:\\Users\\Mikasa Ackerman\\arymaid\\Arymaid\\vendor\\laravel\\framework\\src\\Illuminate\\View\\Middleware\\ShareErrorsFromSession.php(49): Illuminate\\Pipeline\\Pipeline->Illuminate\\Pipeline\\{closure}(Object(Illuminate\\Http\\Request))
#26 C:\\Users\\Mikasa Ackerman\\arymaid\\Arymaid\\vendor\\laravel\\framework\\src\\Illuminate\\Pipeline\\Pipeline.php(180): Illuminate\\View\\Middleware\\ShareErrorsFromSession->handle(Object(Illuminate\\Http\\Request), Object(Closure))
#27 C:\\Users\\Mikasa Ackerman\\arymaid\\Arymaid\\vendor\\laravel\\framework\\src\\Illuminate\\Session\\Middleware\\StartSession.php(121): Illuminate\\Pipeline\\Pipeline->Illuminate\\Pipeline\\{closure}(Object(Illuminate\\Http\\Request))
#28 C:\\Users\\Mikasa Ackerman\\arymaid\\Arymaid\\vendor\\laravel\\framework\\src\\Illuminate\\Session\\Middleware\\StartSession.php(64): Illuminate\\Session\\Middleware\\StartSession->handleStatefulRequest(Object(Illuminate\\Http\\Request), Object(Illuminate\\Session\\Store), Object(Closure))
#29 C:\\Users\\Mikasa Ackerman\\arymaid\\Arymaid\\vendor\\laravel\\framework\\src\\Illuminate\\Pipeline\\Pipeline.php(180): Illuminate\\Session\\Middleware\\StartSession->handle(Object(Illuminate\\Http\\Request), Object(Closure))
#30 C:\\Users\\Mikasa Ackerman\\arymaid\\Arymaid\\vendor\\laravel\\framework\\src\\Illuminate\\Cookie\\Middleware\\AddQueuedCookiesToResponse.php(37): Illuminate\\Pipeline\\Pipeline->Illuminate\\Pipeline\\{closure}(Object(Illuminate\\Http\\Request))
#31 C:\\Users\\Mikasa Ackerman\\arymaid\\Arymaid\\vendor\\laravel\\framework\\src\\Illuminate\\Pipeline\\Pipeline.php(180): Illuminate\\Cookie\\Middleware\\AddQueuedCookiesToResponse->handle(Object(Illuminate\\Http\\Request), Object(Closure))
#32 C:\\Users\\Mikasa Ackerman\\arymaid\\Arymaid\\vendor\\laravel\\framework\\src\\Illuminate\\Cookie\\Middleware\\EncryptCookies.php(67): Illuminate\\Pipeline\\Pipeline->Illuminate\\Pipeline\\{closure}(Object(Illuminate\\Http\\Request))
#33 C:\\Users\\Mikasa Ackerman\\arymaid\\Arymaid\\vendor\\laravel\\framework\\src\\Illuminate\\Pipeline\\Pipeline.php(180): Illuminate\\Cookie\\Middleware\\EncryptCookies->handle(Object(Illuminate\\Http\\Request), Object(Closure))
#34 C:\\Users\\Mikasa Ackerman\\arymaid\\Arymaid\\vendor\\laravel\\framework\\src\\Illuminate\\Pipeline\\Pipeline.php(116): Illuminate\\Pipeline\\Pipeline->Illuminate\\Pipeline\\{closure}(Object(Illuminate\\Http\\Request))
#35 C:\\Users\\Mikasa Ackerman\\arymaid\\Arymaid\\vendor\\laravel\\framework\\src\\Illuminate\\Routing\\Router.php(797): Illuminate\\Pipeline\\Pipeline->then(Object(Closure))
#36 C:\\Users\\Mikasa Ackerman\\arymaid\\Arymaid\\vendor\\laravel\\framework\\src\\Illuminate\\Routing\\Router.php(776): Illuminate\\Routing\\Router->runRouteWithinStack(Object(Illuminate\\Routing\\Route), Object(Illuminate\\Http\\Request))
#37 C:\\Users\\Mikasa Ackerman\\arymaid\\Arymaid\\vendor\\laravel\\framework\\src\\Illuminate\\Routing\\Router.php(740): Illuminate\\Routing\\Router->runRoute(Object(Illuminate\\Http\\Request), Object(Illuminate\\Routing\\Route))
#38 C:\\Users\\Mikasa Ackerman\\arymaid\\Arymaid\\vendor\\laravel\\framework\\src\\Illuminate\\Routing\\Router.php(729): Illuminate\\Routing\\Router->dispatchToRoute(Object(Illuminate\\Http\\Request))
#39 C:\\Users\\Mikasa Ackerman\\arymaid\\Arymaid\\vendor\\laravel\\framework\\src\\Illuminate\\Foundation\\Http\\Kernel.php(200): Illuminate\\Routing\\Router->dispatch(Object(Illuminate\\Http\\Request))
#40 C:\\Users\\Mikasa Ackerman\\arymaid\\Arymaid\\vendor\\laravel\\framework\\src\\Illuminate\\Pipeline\\Pipeline.php(141): Illuminate\\Foundation\\Http\\Kernel->Illuminate\\Foundation\\Http\\{closure}(Object(Illuminate\\Http\\Request))
#41 C:\\Users\\Mikasa Ackerman\\arymaid\\Arymaid\\vendor\\laravel\\framework\\src\\Illuminate\\Foundation\\Http\\Middleware\\TransformsRequest.php(21): Illuminate\\Pipeline\\Pipeline->Illuminate\\Pipeline\\{closure}(Object(Illuminate\\Http\\Request))
#42 C:\\Users\\Mikasa Ackerman\\arymaid\\Arymaid\\vendor\\laravel\\framework\\src\\Illuminate\\Foundation\\Http\\Middleware\\ConvertEmptyStringsToNull.php(31): Illuminate\\Foundation\\Http\\Middleware\\TransformsRequest->handle(Object(Illuminate\\Http\\Request), Object(Closure))
#43 C:\\Users\\Mikasa Ackerman\\arymaid\\Arymaid\\vendor\\laravel\\framework\\src\\Illuminate\\Pipeline\\Pipeline.php(180): Illuminate\\Foundation\\Http\\Middleware\\ConvertEmptyStringsToNull->handle(Object(Illuminate\\Http\\Request), Object(Closure))
#44 C:\\Users\\Mikasa Ackerman\\arymaid\\Arymaid\\vendor\\laravel\\framework\\src\\Illuminate\\Foundation\\Http\\Middleware\\TransformsRequest.php(21): Illuminate\\Pipeline\\Pipeline->Illuminate\\Pipeline\\{closure}(Object(Illuminate\\Http\\Request))
#45 C:\\Users\\Mikasa Ackerman\\arymaid\\Arymaid\\vendor\\laravel\\framework\\src\\Illuminate\\Foundation\\Http\\Middleware\\TrimStrings.php(40): Illuminate\\Foundation\\Http\\Middleware\\TransformsRequest->handle(Object(Illuminate\\Http\\Request), Object(Closure))
#46 C:\\Users\\Mikasa Ackerman\\arymaid\\Arymaid\\vendor\\laravel\\framework\\src\\Illuminate\\Pipeline\\Pipeline.php(180): Illuminate\\Foundation\\Http\\Middleware\\TrimStrings->handle(Object(Illuminate\\Http\\Request), Object(Closure))
#47 C:\\Users\\Mikasa Ackerman\\arymaid\\Arymaid\\vendor\\laravel\\framework\\src\\Illuminate\\Foundation\\Http\\Middleware\\ValidatePostSize.php(27): Illuminate\\Pipeline\\Pipeline->Illuminate\\Pipeline\\{closure}(Object(Illuminate\\Http\\Request))
#48 C:\\Users\\Mikasa Ackerman\\arymaid\\Arymaid\\vendor\\laravel\\framework\\src\\Illuminate\\Pipeline\\Pipeline.php(180): Illuminate\\Foundation\\Http\\Middleware\\ValidatePostSize->handle(Object(Illuminate\\Http\\Request), Object(Closure))
#49 C:\\Users\\Mikasa Ackerman\\arymaid\\Arymaid\\vendor\\laravel\\framework\\src\\Illuminate\\Foundation\\Http\\Middleware\\PreventRequestsDuringMaintenance.php(86): Illuminate\\Pipeline\\Pipeline->Illuminate\\Pipeline\\{closure}(Object(Illuminate\\Http\\Request))
#50 C:\\Users\\Mikasa Ackerman\\arymaid\\Arymaid\\vendor\\laravel\\framework\\src\\Illuminate\\Pipeline\\Pipeline.php(180): Illuminate\\Foundation\\Http\\Middleware\\PreventRequestsDuringMaintenance->handle(Object(Illuminate\\Http\\Request), Object(Closure))
#51 C:\\Users\\Mikasa Ackerman\\arymaid\\Arymaid\\vendor\\laravel\\framework\\src\\Illuminate\\Http\\Middleware\\HandleCors.php(49): Illuminate\\Pipeline\\Pipeline->Illuminate\\Pipeline\\{closure}(Object(Illuminate\\Http\\Request))
#52 C:\\Users\\Mikasa Ackerman\\arymaid\\Arymaid\\vendor\\laravel\\framework\\src\\Illuminate\\Pipeline\\Pipeline.php(180): Illuminate\\Http\\Middleware\\HandleCors->handle(Object(Illuminate\\Http\\Request), Object(Closure))
#53 C:\\Users\\Mikasa Ackerman\\arymaid\\Arymaid\\vendor\\laravel\\framework\\src\\Illuminate\\Http\\Middleware\\TrustProxies.php(39): Illuminate\\Pipeline\\Pipeline->Illuminate\\Pipeline\\{closure}(Object(Illuminate\\Http\\Request))
#54 C:\\Users\\Mikasa Ackerman\\arymaid\\Arymaid\\vendor\\laravel\\framework\\src\\Illuminate\\Pipeline\\Pipeline.php(180): Illuminate\\Http\\Middleware\\TrustProxies->handle(Object(Illuminate\\Http\\Request), Object(Closure))
#55 C:\\Users\\Mikasa Ackerman\\arymaid\\Arymaid\\vendor\\laravel\\framework\\src\\Illuminate\\Pipeline\\Pipeline.php(116): Illuminate\\Pipeline\\Pipeline->Illuminate\\Pipeline\\{closure}(Object(Illuminate\\Http\\Request))
#56 C:\\Users\\Mikasa Ackerman\\arymaid\\Arymaid\\vendor\\laravel\\framework\\src\\Illuminate\\Foundation\\Http\\Kernel.php(175): Illuminate\\Pipeline\\Pipeline->then(Object(Closure))
#57 C:\\Users\\Mikasa Ackerman\\arymaid\\Arymaid\\vendor\\laravel\\framework\\src\\Illuminate\\Foundation\\Http\\Kernel.php(144): Illuminate\\Foundation\\Http\\Kernel->sendRequestThroughRouter(Object(Illuminate\\Http\\Request))
#58 C:\\Users\\Mikasa Ackerman\\arymaid\\Arymaid\\public\\index.php(51): Illuminate\\Foundation\\Http\\Kernel->handle(Object(Illuminate\\Http\\Request))
#59 C:\\Users\\Mikasa Ackerman\\arymaid\\Arymaid\\vendor\\laravel\\framework\\src\\Illuminate\\Foundation\\resources\\server.php(16): require_once('C:\\\\Users\\\\Mikasa...')
#60 {main}
"} 
[2026-02-21 23:46:41] local.ERROR: file_put_contents(C:\Users\Mikasa Ackerman\arymaid\Arymaid\storage\framework/sessions/EXmTlCR001OmSUqZ49koyr3SYiV2TZaY6hnRDAsW): Failed to open stream: No such file or directory {"exception":"[object] (ErrorException(code: 0): file_put_contents(C:\\Users\\Mikasa Ackerman\\arymaid\\Arymaid\\storage\\framework/sessions/EXmTlCR001OmSUqZ49koyr3SYiV2TZaY6hnRDAsW): Failed to open stream: No such file or directory at C:\\Users\\Mikasa Ackerman\\arymaid\\Arymaid\\vendor\\laravel\\framework\\src\\Illuminate\\Filesystem\\Filesystem.php:190)
[stacktrace]
#0 C:\\Users\\Mikasa Ackerman\\arymaid\\Arymaid\\vendor\\laravel\\framework\\src\\Illuminate\\Foundation\\Bootstrap\\HandleExceptions.php(250): Illuminate\\Foundation\\Bootstrap\\HandleExceptions->handleError(2, 'file_put_conten...', 'C:\\\\Users\\\\Mikasa...', 190)
#1 [internal function]: Illuminate\\Foundation\\Bootstrap\\HandleExceptions->Illuminate\\Foundation\\Bootstrap\\{closure}(2, 'file_put_conten...', 'C:\\\\Users\\\\Mikasa...', 190)
#2 C:\\Users\\Mikasa Ackerman\\arymaid\\Arymaid\\vendor\\laravel\\framework\\src\\Illuminate\\Filesystem\\Filesystem.php(190): file_put_contents('C:\\\\Users\\\\Mikasa...', 'a:3:{s:6:\"_toke...', 2)
#3 C:\\Users\\Mikasa Ackerman\\arymaid\\Arymaid\\vendor\\laravel\\framework\\src\\Illuminate\\Session\\FileSessionHandler.php(90): Illuminate\\Filesystem\\Filesystem->put('C:\\\\Users\\\\Mikasa...', 'a:3:{s:6:\"_toke...', true)
#4 C:\\Users\\Mikasa Ackerman\\arymaid\\Arymaid\\vendor\\laravel\\framework\\src\\Illuminate\\Session\\Store.php(172): Illuminate\\Session\\FileSessionHandler->write('EXmTlCR001OmSUq...', 'a:3:{s:6:\"_toke...')
#5 C:\\Users\\Mikasa Ackerman\\arymaid\\Arymaid\\vendor\\laravel\\framework\\src\\Illuminate\\Session\\Middleware\\StartSession.php(238): Illuminate\\Session\\Store->save()
#6 C:\\Users\\Mikasa Ackerman\\arymaid\\Arymaid\\vendor\\laravel\\framework\\src\\Illuminate\\Session\\Middleware\\StartSession.php(130): Illuminate\\Session\\Middleware\\StartSession->saveSession(Object(Illuminate\\Http\\Request))
#7 C:\\Users\\Mikasa Ackerman\\arymaid\\Arymaid\\vendor\\laravel\\framework\\src\\Illuminate\\Session\\Middleware\\StartSession.php(64): Illuminate\\Session\\Middleware\\StartSession->handleStatefulRequest(Object(Illuminate\\Http\\Request), Object(Illuminate\\Session\\Store), Object(Closure))
#8 C:\\Users\\Mikasa Ackerman\\arymaid\\Arymaid\\vendor\\laravel\\framework\\src\\Illuminate\\Pipeline\\Pipeline.php(180): Illuminate\\Session\\Middleware\\StartSession->handle(Object(Illuminate\\Http\\Request), Object(Closure))
#9 C:\\Users\\Mikasa Ackerman\\arymaid\\Arymaid\\vendor\\laravel\\framework\\src\\Illuminate\\Cookie\\Middleware\\AddQueuedCookiesToResponse.php(37): Illuminate\\Pipeline\\Pipeline->Illuminate\\Pipeline\\{closure}(Object(Illuminate\\Http\\Request))
#10 C:\\Users\\Mikasa Ackerman\\arymaid\\Arymaid\\vendor\\laravel\\framework\\src\\Illuminate\\Pipeline\\Pipeline.php(180): Illuminate\\Cookie\\Middleware\\AddQueuedCookiesToResponse->handle(Object(Illuminate\\Http\\Request), Object(Closure))
#11 C:\\Users\\Mikasa Ackerman\\arymaid\\Arymaid\\vendor\\laravel\\framework\\src\\Illuminate\\Cookie\\Middleware\\EncryptCookies.php(67): Illuminate\\Pipeline\\Pipeline->Illuminate\\Pipeline\\{closure}(Object(Illuminate\\Http\\Request))
#12 C:\\Users\\Mikasa Ackerman\\arymaid\\Arymaid\\vendor\\laravel\\framework\\src\\Illuminate\\Pipeline\\Pipeline.php(180): Illuminate\\Cookie\\Middleware\\EncryptCookies->handle(Object(Illuminate\\Http\\Request), Object(Closure))
#13 C:\\Users\\Mikasa Ackerman\\arymaid\\Arymaid\\vendor\\laravel\\framework\\src\\Illuminate\\Pipeline\\Pipeline.php(116): Illuminate\\Pipeline\\Pipeline->Illuminate\\Pipeline\\{closure}(Object(Illuminate\\Http\\Request))
#14 C:\\Users\\Mikasa Ackerman\\arymaid\\Arymaid\\vendor\\laravel\\framework\\src\\Illuminate\\Routing\\Router.php(797): Illuminate\\Pipeline\\Pipeline->then(Object(Closure))
#15 C:\\Users\\Mikasa Ackerman\\arymaid\\Arymaid\\vendor\\laravel\\framework\\src\\Illuminate\\Routing\\Router.php(776): Illuminate\\Routing\\Router->runRouteWithinStack(Object(Illuminate\\Routing\\Route), Object(Illuminate\\Http\\Request))
#16 C:\\Users\\Mikasa Ackerman\\arymaid\\Arymaid\\vendor\\laravel\\framework\\src\\Illuminate\\Routing\\Router.php(740): Illuminate\\Routing\\Router->runRoute(Object(Illuminate\\Http\\Request), Object(Illuminate\\Routing\\Route))
#17 C:\\Users\\Mikasa Ackerman\\arymaid\\Arymaid\\vendor\\laravel\\framework\\src\\Illuminate\\Routing\\Router.php(729): Illuminate\\Routing\\Router->dispatchToRoute(Object(Illuminate\\Http\\Request))
#18 C:\\Users\\Mikasa Ackerman\\arymaid\\Arymaid\\vendor\\laravel\\framework\\src\\Illuminate\\Foundation\\Http\\Kernel.php(200): Illuminate\\Routing\\Router->dispatch(Object(Illuminate\\Http\\Request))
#19 C:\\Users\\Mikasa Ackerman\\arymaid\\Arymaid\\vendor\\laravel\\framework\\src\\Illuminate\\Pipeline\\Pipeline.php(141): Illuminate\\Foundation\\Http\\Kernel->Illuminate\\Foundation\\Http\\{closure}(Object(Illuminate\\Http\\Request))
#20 C:\\Users\\Mikasa Ackerman\\arymaid\\Arymaid\\vendor\\laravel\\framework\\src\\Illuminate\\Foundation\\Http\\Middleware\\TransformsRequest.php(21): Illuminate\\Pipeline\\Pipeline->Illuminate\\Pipeline\\{closure}(Object(Illuminate\\Http\\Request))
#21 C:\\Users\\Mikasa Ackerman\\arymaid\\Arymaid\\vendor\\laravel\\framework\\src\\Illuminate\\Foundation\\Http\\Middleware\\ConvertEmptyStringsToNull.php(31): Illuminate\\Foundation\\Http\\Middleware\\TransformsRequest->handle(Object(Illuminate\\Http\\Request), Object(Closure))
#22 C:\\Users\\Mikasa Ackerman\\arymaid\\Arymaid\\vendor\\laravel\\framework\\src\\Illuminate\\Pipeline\\Pipeline.php(180): Illuminate\\Foundation\\Http\\Middleware\\ConvertEmptyStringsToNull->handle(Object(Illuminate\\Http\\Request), Object(Closure))
#23 C:\\Users\\Mikasa Ackerman\\arymaid\\Arymaid\\vendor\\laravel\\framework\\src\\Illuminate\\Foundation\\Http\\Middleware\\TransformsRequest.php(21): Illuminate\\Pipeline\\Pipeline->Illuminate\\Pipeline\\{closure}(Object(Illuminate\\Http\\Request))
#24 C:\\Users\\Mikasa Ackerman\\arymaid\\Arymaid\\vendor\\laravel\\framework\\src\\Illuminate\\Foundation\\Http\\Middleware\\TrimStrings.php(40): Illuminate\\Foundation\\Http\\Middleware\\TransformsRequest->handle(Object(Illuminate\\Http\\Request), Object(Closure))
#25 C:\\Users\\Mikasa Ackerman\\arymaid\\Arymaid\\vendor\\laravel\\framework\\src\\Illuminate\\Pipeline\\Pipeline.php(180): Illuminate\\Foundation\\Http\\Middleware\\TrimStrings->handle(Object(Illuminate\\Http\\Request), Object(Closure))
#26 C:\\Users\\Mikasa Ackerman\\arymaid\\Arymaid\\vendor\\laravel\\framework\\src\\Illuminate\\Foundation\\Http\\Middleware\\ValidatePostSize.php(27): Illuminate\\Pipeline\\Pipeline->Illuminate\\Pipeline\\{closure}(Object(Illuminate\\Http\\Request))
#27 C:\\Users\\Mikasa Ackerman\\arymaid\\Arymaid\\vendor\\laravel\\framework\\src\\Illuminate\\Pipeline\\Pipeline.php(180): Illuminate\\Foundation\\Http\\Middleware\\ValidatePostSize->handle(Object(Illuminate\\Http\\Request), Object(Closure))
#28 C:\\Users\\Mikasa Ackerman\\arymaid\\Arymaid\\vendor\\laravel\\framework\\src\\Illuminate\\Foundation\\Http\\Middleware\\PreventRequestsDuringMaintenance.php(86): Illuminate\\Pipeline\\Pipeline->Illuminate\\Pipeline\\{closure}(Object(Illuminate\\Http\\Request))
#29 C:\\Users\\Mikasa Ackerman\\arymaid\\Arymaid\\vendor\\laravel\\framework\\src\\Illuminate\\Pipeline\\Pipeline.php(180): Illuminate\\Foundation\\Http\\Middleware\\PreventRequestsDuringMaintenance->handle(Object(Illuminate\\Http\\Request), Object(Closure))
#30 C:\\Users\\Mikasa Ackerman\\arymaid\\Arymaid\\vendor\\laravel\\framework\\src\\Illuminate\\Http\\Middleware\\HandleCors.php(49): Illuminate\\Pipeline\\Pipeline->Illuminate\\Pipeline\\{closure}(Object(Illuminate\\Http\\Request))
#31 C:\\Users\\Mikasa Ackerman\\arymaid\\Arymaid\\vendor\\laravel\\framework\\src\\Illuminate\\Pipeline\\Pipeline.php(180): Illuminate\\Http\\Middleware\\HandleCors->handle(Object(Illuminate\\Http\\Request), Object(Closure))
#32 C:\\Users\\Mikasa Ackerman\\arymaid\\Arymaid\\vendor\\laravel\\framework\\src\\Illuminate\\Http\\Middleware\\TrustProxies.php(39): Illuminate\\Pipeline\\Pipeline->Illuminate\\Pipeline\\{closure}(Object(Illuminate\\Http\\Request))
#33 C:\\Users\\Mikasa Ackerman\\arymaid\\Arymaid\\vendor\\laravel\\framework\\src\\Illuminate\\Pipeline\\Pipeline.php(180): Illuminate\\Http\\Middleware\\TrustProxies->handle(Object(Illuminate\\Http\\Request), Object(Closure))
#34 C:\\Users\\Mikasa Ackerman\\arymaid\\Arymaid\\vendor\\laravel\\framework\\src\\Illuminate\\Pipeline\\Pipeline.php(116): Illuminate\\Pipeline\\Pipeline->Illuminate\\Pipeline\\{closure}(Object(Illuminate\\Http\\Request))
#35 C:\\Users\\Mikasa Ackerman\\arymaid\\Arymaid\\vendor\\laravel\\framework\\src\\Illuminate\\Foundation\\Http\\Kernel.php(175): Illuminate\\Pipeline\\Pipeline->then(Object(Closure))
#36 C:\\Users\\Mikasa Ackerman\\arymaid\\Arymaid\\vendor\\laravel\\framework\\src\\Illuminate\\Foundation\\Http\\Kernel.php(144): Illuminate\\Foundation\\Http\\Kernel->sendRequestThroughRouter(Object(Illuminate\\Http\\Request))
#37 C:\\Users\\Mikasa Ackerman\\arymaid\\Arymaid\\public\\index.php(51): Illuminate\\Foundation\\Http\\Kernel->handle(Object(Illuminate\\Http\\Request))
#38 C:\\Users\\Mikasa Ackerman\\arymaid\\Arymaid\\vendor\\laravel\\framework\\src\\Illuminate\\Foundation\\resources\\server.php(16): require_once('C:\\\\Users\\\\Mikasa...')
#39 {main}
"} 
[2026-02-21 23:53:58] local.ERROR: SQLSTATE[42S22]: Column not found: 1054 Unknown column 'statuts' in 'field list' (Connection: mysql, SQL: insert into `produits` (`name`, `price`, `image`, `hoverImg`, `utilisation`, `description`, `description2`, `stock`, `statuts`, `oldPrice`, `categorie_id`, `updated_at`, `created_at`) values (Laundry Detergent Premium, 75, laundry_detergent.png, laundry_detergent.png, Add to washing machine for deep clean., Gentle on fabrics, tough on stains., Environmentally friendly formula., 100, In stock, 85, 2, 2026-02-21 23:53:58, 2026-02-21 23:53:58)) {"exception":"[object] (Illuminate\\Database\\QueryException(code: 42S22): SQLSTATE[42S22]: Column not found: 1054 Unknown column 'statuts' in 'field list' (Connection: mysql, SQL: insert into `produits` (`name`, `price`, `image`, `hoverImg`, `utilisation`, `description`, `description2`, `stock`, `statuts`, `oldPrice`, `categorie_id`, `updated_at`, `created_at`) values (Laundry Detergent Premium, 75, laundry_detergent.png, laundry_detergent.png, Add to washing machine for deep clean., Gentle on fabrics, tough on stains., Environmentally friendly formula., 100, In stock, 85, 2, 2026-02-21 23:53:58, 2026-02-21 23:53:58)) at C:\\Users\\Mikasa Ackerman\\arymaid\\Arymaid\\vendor\\laravel\\framework\\src\\Illuminate\\Database\\Connection.php:760)
[stacktrace]
#0 C:\\Users\\Mikasa Ackerman\\arymaid\\Arymaid\\vendor\\laravel\\framework\\src\\Illuminate\\Database\\Connection.php(720): Illuminate\\Database\\Connection->runQueryCallback('insert into `pr...', Array, Object(Closure))
#1 C:\\Users\\Mikasa Ackerman\\arymaid\\Arymaid\\vendor\\laravel\\framework\\src\\Illuminate\\Database\\Connection.php(534): Illuminate\\Database\\Connection->run('insert into `pr...', Array, Object(Closure))
#2 C:\\Users\\Mikasa Ackerman\\arymaid\\Arymaid\\vendor\\laravel\\framework\\src\\Illuminate\\Database\\Connection.php(498): Illuminate\\Database\\Connection->statement('insert into `pr...', Array)
#3 C:\\Users\\Mikasa Ackerman\\arymaid\\Arymaid\\vendor\\laravel\\framework\\src\\Illuminate\\Database\\Query\\Processors\\Processor.php(32): Illuminate\\Database\\Connection->insert('insert into `pr...', Array)
#4 C:\\Users\\Mikasa Ackerman\\arymaid\\Arymaid\\vendor\\laravel\\framework\\src\\Illuminate\\Database\\Query\\Builder.php(3339): Illuminate\\Database\\Query\\Processors\\Processor->processInsertGetId(Object(Illuminate\\Database\\Query\\Builder), 'insert into `pr...', Array, 'id')
#5 C:\\Users\\Mikasa Ackerman\\arymaid\\Arymaid\\vendor\\laravel\\framework\\src\\Illuminate\\Database\\Eloquent\\Builder.php(1903): Illuminate\\Database\\Query\\Builder->insertGetId(Array, 'id')
#6 C:\\Users\\Mikasa Ackerman\\arymaid\\Arymaid\\vendor\\laravel\\framework\\src\\Illuminate\\Database\\Eloquent\\Model.php(1335): Illuminate\\Database\\Eloquent\\Builder->__call('insertGetId', Array)
#7 C:\\Users\\Mikasa Ackerman\\arymaid\\Arymaid\\vendor\\laravel\\framework\\src\\Illuminate\\Database\\Eloquent\\Model.php(1300): Illuminate\\Database\\Eloquent\\Model->insertAndSetId(Object(Illuminate\\Database\\Eloquent\\Builder), Array)
#8 C:\\Users\\Mikasa Ackerman\\arymaid\\Arymaid\\vendor\\laravel\\framework\\src\\Illuminate\\Database\\Eloquent\\Model.php(1139): Illuminate\\Database\\Eloquent\\Model->performInsert(Object(Illuminate\\Database\\Eloquent\\Builder))
#9 C:\\Users\\Mikasa Ackerman\\arymaid\\Arymaid\\vendor\\laravel\\framework\\src\\Illuminate\\Database\\Eloquent\\Builder.php(995): Illuminate\\Database\\Eloquent\\Model->save()
#10 C:\\Users\\Mikasa Ackerman\\arymaid\\Arymaid\\vendor\\laravel\\framework\\src\\Illuminate\\Support\\helpers.php(306): Illuminate\\Database\\Eloquent\\Builder->Illuminate\\Database\\Eloquent\\{closure}(Object(App\\Models\\produit))
#11 C:\\Users\\Mikasa Ackerman\\arymaid\\Arymaid\\vendor\\laravel\\framework\\src\\Illuminate\\Database\\Eloquent\\Builder.php(994): tap(Object(App\\Models\\produit), Object(Closure))
#12 C:\\Users\\Mikasa Ackerman\\arymaid\\Arymaid\\vendor\\laravel\\framework\\src\\Illuminate\\Support\\Traits\\ForwardsCalls.php(23): Illuminate\\Database\\Eloquent\\Builder->create(Array)
#13 C:\\Users\\Mikasa Ackerman\\arymaid\\Arymaid\\vendor\\laravel\\framework\\src\\Illuminate\\Database\\Eloquent\\Model.php(2335): Illuminate\\Database\\Eloquent\\Model->forwardCallTo(Object(Illuminate\\Database\\Eloquent\\Builder), 'create', Array)
#14 C:\\Users\\Mikasa Ackerman\\arymaid\\Arymaid\\vendor\\laravel\\framework\\src\\Illuminate\\Database\\Eloquent\\Model.php(2347): Illuminate\\Database\\Eloquent\\Model->__call('create', Array)
#15 C:\\Users\\Mikasa Ackerman\\arymaid\\Arymaid\\database\\seeders\\ProduitSeeder.php(102): Illuminate\\Database\\Eloquent\\Model::__callStatic('create', Array)
#16 C:\\Users\\Mikasa Ackerman\\arymaid\\Arymaid\\vendor\\laravel\\framework\\src\\Illuminate\\Container\\BoundMethod.php(36): Database\\Seeders\\ProduitSeeder->run()
#17 C:\\Users\\Mikasa Ackerman\\arymaid\\Arymaid\\vendor\\laravel\\framework\\src\\Illuminate\\Container\\Util.php(41): Illuminate\\Container\\BoundMethod::Illuminate\\Container\\{closure}()
#18 C:\\Users\\Mikasa Ackerman\\arymaid\\Arymaid\\vendor\\laravel\\framework\\src\\Illuminate\\Container\\BoundMethod.php(93): Illuminate\\Container\\Util::unwrapIfClosure(Object(Closure))
#19 C:\\Users\\Mikasa Ackerman\\arymaid\\Arymaid\\vendor\\laravel\\framework\\src\\Illuminate\\Container\\BoundMethod.php(35): Illuminate\\Container\\BoundMethod::callBoundMethod(Object(Illuminate\\Foundation\\Application), Array, Object(Closure))
#20 C:\\Users\\Mikasa Ackerman\\arymaid\\Arymaid\\vendor\\laravel\\framework\\src\\Illuminate\\Container\\Container.php(661): Illuminate\\Container\\BoundMethod::call(Object(Illuminate\\Foundation\\Application), Array, Array, NULL)
#21 C:\\Users\\Mikasa Ackerman\\arymaid\\Arymaid\\vendor\\laravel\\framework\\src\\Illuminate\\Database\\Seeder.php(184): Illuminate\\Container\\Container->call(Array, Array)
#22 C:\\Users\\Mikasa Ackerman\\arymaid\\Arymaid\\vendor\\laravel\\framework\\src\\Illuminate\\Database\\Seeder.php(193): Illuminate\\Database\\Seeder->Illuminate\\Database\\{closure}()
#23 C:\\Users\\Mikasa Ackerman\\arymaid\\Arymaid\\vendor\\laravel\\framework\\src\\Illuminate\\Database\\Seeder.php(61): Illuminate\\Database\\Seeder->__invoke(Array)
#24 C:\\Users\\Mikasa Ackerman\\arymaid\\Arymaid\\database\\seeders\\DatabaseSeeder.php(25): Illuminate\\Database\\Seeder->call('Database\\\\Seeder...')
#25 C:\\Users\\Mikasa Ackerman\\arymaid\\Arymaid\\vendor\\laravel\\framework\\src\\Illuminate\\Container\\BoundMethod.php(36): Database\\Seeders\\DatabaseSeeder->run()
#26 C:\\Users\\Mikasa Ackerman\\arymaid\\Arymaid\\vendor\\laravel\\framework\\src\\Illuminate\\Container\\Util.php(41): Illuminate\\Container\\BoundMethod::Illuminate\\Container\\{closure}()
#27 C:\\Users\\Mikasa Ackerman\\arymaid\\Arymaid\\vendor\\laravel\\framework\\src\\Illuminate\\Container\\BoundMethod.php(93): Illuminate\\Container\\Util::unwrapIfClosure(Object(Closure))
#28 C:\\Users\\Mikasa Ackerman\\arymaid\\Arymaid\\vendor\\laravel\\framework\\src\\Illuminate\\Container\\BoundMethod.php(35): Illuminate\\Container\\BoundMethod::callBoundMethod(Object(Illuminate\\Foundation\\Application), Array, Object(Closure))
#29 C:\\Users\\Mikasa Ackerman\\arymaid\\Arymaid\\vendor\\laravel\\framework\\src\\Illuminate\\Container\\Container.php(661): Illuminate\\Container\\BoundMethod::call(Object(Illuminate\\Foundation\\Application), Array, Array, NULL)
#30 C:\\Users\\Mikasa Ackerman\\arymaid\\Arymaid\\vendor\\laravel\\framework\\src\\Illuminate\\Database\\Seeder.php(184): Illuminate\\Container\\Container->call(Array, Array)
#31 C:\\Users\\Mikasa Ackerman\\arymaid\\Arymaid\\vendor\\laravel\\framework\\src\\Illuminate\\Database\\Seeder.php(193): Illuminate\\Database\\Seeder->Illuminate\\Database\\{closure}()
#32 C:\\Users\\Mikasa Ackerman\\arymaid\\Arymaid\\vendor\\laravel\\framework\\src\\Illuminate\\Database\\Console\\Seeds\\SeedCommand.php(70): Illuminate\\Database\\Seeder->__invoke()
#33 C:\\Users\\Mikasa Ackerman\\arymaid\\Arymaid\\vendor\\laravel\\framework\\src\\Illuminate\\Database\\Eloquent\\Concerns\\GuardsAttributes.php(155): Illuminate\\Database\\Console\\Seeds\\SeedCommand->Illuminate\\Database\\Console\\Seeds\\{closure}()
#34 C:\\Users\\Mikasa Ackerman\\arymaid\\Arymaid\\vendor\\laravel\\framework\\src\\Illuminate\\Database\\Console\\Seeds\\SeedCommand.php(69): Illuminate\\Database\\Eloquent\\Model::unguarded(Object(Closure))
#35 C:\\Users\\Mikasa Ackerman\\arymaid\\Arymaid\\vendor\\laravel\\framework\\src\\Illuminate\\Container\\BoundMethod.php(36): Illuminate\\Database\\Console\\Seeds\\SeedCommand->handle()
#36 C:\\Users\\Mikasa Ackerman\\arymaid\\Arymaid\\vendor\\laravel\\framework\\src\\Illuminate\\Container\\Util.php(41): Illuminate\\Container\\BoundMethod::Illuminate\\Container\\{closure}()
#37 C:\\Users\\Mikasa Ackerman\\arymaid\\Arymaid\\vendor\\laravel\\framework\\src\\Illuminate\\Container\\BoundMethod.php(93): Illuminate\\Container\\Util::unwrapIfClosure(Object(Closure))
#38 C:\\Users\\Mikasa Ackerman\\arymaid\\Arymaid\\vendor\\laravel\\framework\\src\\Illuminate\\Container\\BoundMethod.php(35): Illuminate\\Container\\BoundMethod::callBoundMethod(Object(Illuminate\\Foundation\\Application), Array, Object(Closure))
#39 C:\\Users\\Mikasa Ackerman\\arymaid\\Arymaid\\vendor\\laravel\\framework\\src\\Illuminate\\Container\\Container.php(661): Illuminate\\Container\\BoundMethod::call(Object(Illuminate\\Foundation\\Application), Array, Array, NULL)
#40 C:\\Users\\Mikasa Ackerman\\arymaid\\Arymaid\\vendor\\laravel\\framework\\src\\Illuminate\\Console\\Command.php(194): Illuminate\\Container\\Container->call(Array)
#41 C:\\Users\\Mikasa Ackerman\\arymaid\\Arymaid\\vendor\\symfony\\console\\Command\\Command.php(312): Illuminate\\Console\\Command->execute(Object(Symfony\\Component\\Console\\Input\\ArrayInput), Object(Illuminate\\Console\\OutputStyle))
#42 C:\\Users\\Mikasa Ackerman\\arymaid\\Arymaid\\vendor\\laravel\\framework\\src\\Illuminate\\Console\\Command.php(163): Symfony\\Component\\Console\\Command\\Command->run(Object(Symfony\\Component\\Console\\Input\\ArrayInput), Object(Illuminate\\Console\\OutputStyle))
#43 C:\\Users\\Mikasa Ackerman\\arymaid\\Arymaid\\vendor\\laravel\\framework\\src\\Illuminate\\Console\\Concerns\\CallsCommands.php(67): Illuminate\\Console\\Command->run(Object(Symfony\\Component\\Console\\Input\\ArrayInput), Object(Illuminate\\Console\\OutputStyle))
#44 C:\\Users\\Mikasa Ackerman\\arymaid\\Arymaid\\vendor\\laravel\\framework\\src\\Illuminate\\Console\\Concerns\\CallsCommands.php(28): Illuminate\\Console\\Command->runCommand('db:seed', Array, Object(Illuminate\\Console\\OutputStyle))
#45 C:\\Users\\Mikasa Ackerman\\arymaid\\Arymaid\\vendor\\laravel\\framework\\src\\Illuminate\\Database\\Console\\Migrations\\FreshCommand.php(93): Illuminate\\Console\\Command->call('db:seed', Array)
#46 C:\\Users\\Mikasa Ackerman\\arymaid\\Arymaid\\vendor\\laravel\\framework\\src\\Illuminate\\Database\\Console\\Migrations\\FreshCommand.php(69): Illuminate\\Database\\Console\\Migrations\\FreshCommand->runSeeder(NULL)
#47 C:\\Users\\Mikasa Ackerman\\arymaid\\Arymaid\\vendor\\laravel\\framework\\src\\Illuminate\\Container\\BoundMethod.php(36): Illuminate\\Database\\Console\\Migrations\\FreshCommand->handle()
#48 C:\\Users\\Mikasa Ackerman\\arymaid\\Arymaid\\vendor\\laravel\\framework\\src\\Illuminate\\Container\\Util.php(41): Illuminate\\Container\\BoundMethod::Illuminate\\Container\\{closure}()
#49 C:\\Users\\Mikasa Ackerman\\arymaid\\Arymaid\\vendor\\laravel\\framework\\src\\Illuminate\\Container\\BoundMethod.php(93): Illuminate\\Container\\Util::unwrapIfClosure(Object(Closure))
#50 C:\\Users\\Mikasa Ackerman\\arymaid\\Arymaid\\vendor\\laravel\\framework\\src\\Illuminate\\Container\\BoundMethod.php(35): Illuminate\\Container\\BoundMethod::callBoundMethod(Object(Illuminate\\Foundation\\Application), Array, Object(Closure))
#51 C:\\Users\\Mikasa Ackerman\\arymaid\\Arymaid\\vendor\\laravel\\framework\\src\\Illuminate\\Container\\Container.php(661): Illuminate\\Container\\BoundMethod::call(Object(Illuminate\\Foundation\\Application), Array, Array, NULL)
#52 C:\\Users\\Mikasa Ackerman\\arymaid\\Arymaid\\vendor\\laravel\\framework\\src\\Illuminate\\Console\\Command.php(194): Illuminate\\Container\\Container->call(Array)
#53 C:\\Users\\Mikasa Ackerman\\arymaid\\Arymaid\\vendor\\symfony\\console\\Command\\Command.php(312): Illuminate\\Console\\Command->execute(Object(Symfony\\Component\\Console\\Input\\ArgvInput), Object(Illuminate\\Console\\OutputStyle))
#54 C:\\Users\\Mikasa Ackerman\\arymaid\\Arymaid\\vendor\\laravel\\framework\\src\\Illuminate\\Console\\Command.php(163): Symfony\\Component\\Console\\Command\\Command->run(Object(Symfony\\Component\\Console\\Input\\ArgvInput), Object(Illuminate\\Console\\OutputStyle))
#55 C:\\Users\\Mikasa Ackerman\\arymaid\\Arymaid\\vendor\\symfony\\console\\Application.php(1022): Illuminate\\Console\\Command->run(Object(Symfony\\Component\\Console\\Input\\ArgvInput), Object(Symfony\\Component\\Console\\Output\\ConsoleOutput))
#56 C:\\Users\\Mikasa Ackerman\\arymaid\\Arymaid\\vendor\\symfony\\console\\Application.php(314): Symfony\\Component\\Console\\Application->doRunCommand(Object(Illuminate\\Database\\Console\\Migrations\\FreshCommand), Object(Symfony\\Component\\Console\\Input\\ArgvInput), Object(Symfony\\Component\\Console\\Output\\ConsoleOutput))
#57 C:\\Users\\Mikasa Ackerman\\arymaid\\Arymaid\\vendor\\symfony\\console\\Application.php(168): Symfony\\Component\\Console\\Application->doRun(Object(Symfony\\Component\\Console\\Input\\ArgvInput), Object(Symfony\\Component\\Console\\Output\\ConsoleOutput))
#58 C:\\Users\\Mikasa Ackerman\\arymaid\\Arymaid\\vendor\\laravel\\framework\\src\\Illuminate\\Console\\Application.php(102): Symfony\\Component\\Console\\Application->run(Object(Symfony\\Component\\Console\\Input\\ArgvInput), Object(Symfony\\Component\\Console\\Output\\ConsoleOutput))
#59 C:\\Users\\Mikasa Ackerman\\arymaid\\Arymaid\\vendor\\laravel\\framework\\src\\Illuminate\\Foundation\\Console\\Kernel.php(155): Illuminate\\Console\\Application->run(Object(Symfony\\Component\\Console\\Input\\ArgvInput), Object(Symfony\\Component\\Console\\Output\\ConsoleOutput))
#60 C:\\Users\\Mikasa Ackerman\\arymaid\\Arymaid\\artisan(35): Illuminate\\Foundation\\Console\\Kernel->handle(Object(Symfony\\Component\\Console\\Input\\ArgvInput), Object(Symfony\\Component\\Console\\Output\\ConsoleOutput))
#61 {main}

[previous exception] [object] (PDOException(code: 42S22): SQLSTATE[42S22]: Column not found: 1054 Unknown column 'statuts' in 'field list' at C:\\Users\\Mikasa Ackerman\\arymaid\\Arymaid\\vendor\\laravel\\framework\\src\\Illuminate\\Database\\Connection.php:539)
[stacktrace]
#0 C:\\Users\\Mikasa Ackerman\\arymaid\\Arymaid\\vendor\\laravel\\framework\\src\\Illuminate\\Database\\Connection.php(539): PDO->prepare('insert into `pr...')
#1 C:\\Users\\Mikasa Ackerman\\arymaid\\Arymaid\\vendor\\laravel\\framework\\src\\Illuminate\\Database\\Connection.php(753): Illuminate\\Database\\Connection->Illuminate\\Database\\{closure}('insert into `pr...', Array)
#2 C:\\Users\\Mikasa Ackerman\\arymaid\\Arymaid\\vendor\\laravel\\framework\\src\\Illuminate\\Database\\Connection.php(720): Illuminate\\Database\\Connection->runQueryCallback('insert into `pr...', Array, Object(Closure))
#3 C:\\Users\\Mikasa Ackerman\\arymaid\\Arymaid\\vendor\\laravel\\framework\\src\\Illuminate\\Database\\Connection.php(534): Illuminate\\Database\\Connection->run('insert into `pr...', Array, Object(Closure))
#4 C:\\Users\\Mikasa Ackerman\\arymaid\\Arymaid\\vendor\\laravel\\framework\\src\\Illuminate\\Database\\Connection.php(498): Illuminate\\Database\\Connection->statement('insert into `pr...', Array)
#5 C:\\Users\\Mikasa Ackerman\\arymaid\\Arymaid\\vendor\\laravel\\framework\\src\\Illuminate\\Database\\Query\\Processors\\Processor.php(32): Illuminate\\Database\\Connection->insert('insert into `pr...', Array)
#6 C:\\Users\\Mikasa Ackerman\\arymaid\\Arymaid\\vendor\\laravel\\framework\\src\\Illuminate\\Database\\Query\\Builder.php(3339): Illuminate\\Database\\Query\\Processors\\Processor->processInsertGetId(Object(Illuminate\\Database\\Query\\Builder), 'insert into `pr...', Array, 'id')
#7 C:\\Users\\Mikasa Ackerman\\arymaid\\Arymaid\\vendor\\laravel\\framework\\src\\Illuminate\\Database\\Eloquent\\Builder.php(1903): Illuminate\\Database\\Query\\Builder->insertGetId(Array, 'id')
#8 C:\\Users\\Mikasa Ackerman\\arymaid\\Arymaid\\vendor\\laravel\\framework\\src\\Illuminate\\Database\\Eloquent\\Model.php(1335): Illuminate\\Database\\Eloquent\\Builder->__call('insertGetId', Array)
#9 C:\\Users\\Mikasa Ackerman\\arymaid\\Arymaid\\vendor\\laravel\\framework\\src\\Illuminate\\Database\\Eloquent\\Model.php(1300): Illuminate\\Database\\Eloquent\\Model->insertAndSetId(Object(Illuminate\\Database\\Eloquent\\Builder), Array)
#10 C:\\Users\\Mikasa Ackerman\\arymaid\\Arymaid\\vendor\\laravel\\framework\\src\\Illuminate\\Database\\Eloquent\\Model.php(1139): Illuminate\\Database\\Eloquent\\Model->performInsert(Object(Illuminate\\Database\\Eloquent\\Builder))
#11 C:\\Users\\Mikasa Ackerman\\arymaid\\Arymaid\\vendor\\laravel\\framework\\src\\Illuminate\\Database\\Eloquent\\Builder.php(995): Illuminate\\Database\\Eloquent\\Model->save()
#12 C:\\Users\\Mikasa Ackerman\\arymaid\\Arymaid\\vendor\\laravel\\framework\\src\\Illuminate\\Support\\helpers.php(306): Illuminate\\Database\\Eloquent\\Builder->Illuminate\\Database\\Eloquent\\{closure}(Object(App\\Models\\produit))
#13 C:\\Users\\Mikasa Ackerman\\arymaid\\Arymaid\\vendor\\laravel\\framework\\src\\Illuminate\\Database\\Eloquent\\Builder.php(994): tap(Object(App\\Models\\produit), Object(Closure))
#14 C:\\Users\\Mikasa Ackerman\\arymaid\\Arymaid\\vendor\\laravel\\framework\\src\\Illuminate\\Support\\Traits\\ForwardsCalls.php(23): Illuminate\\Database\\Eloquent\\Builder->create(Array)
#15 C:\\Users\\Mikasa Ackerman\\arymaid\\Arymaid\\vendor\\laravel\\framework\\src\\Illuminate\\Database\\Eloquent\\Model.php(2335): Illuminate\\Database\\Eloquent\\Model->forwardCallTo(Object(Illuminate\\Database\\Eloquent\\Builder), 'create', Array)
#16 C:\\Users\\Mikasa Ackerman\\arymaid\\Arymaid\\vendor\\laravel\\framework\\src\\Illuminate\\Database\\Eloquent\\Model.php(2347): Illuminate\\Database\\Eloquent\\Model->__call('create', Array)
#17 C:\\Users\\Mikasa Ackerman\\arymaid\\Arymaid\\database\\seeders\\ProduitSeeder.php(102): Illuminate\\Database\\Eloquent\\Model::__callStatic('create', Array)
#18 C:\\Users\\Mikasa Ackerman\\arymaid\\Arymaid\\vendor\\laravel\\framework\\src\\Illuminate\\Container\\BoundMethod.php(36): Database\\Seeders\\ProduitSeeder->run()
#19 C:\\Users\\Mikasa Ackerman\\arymaid\\Arymaid\\vendor\\laravel\\framework\\src\\Illuminate\\Container\\Util.php(41): Illuminate\\Container\\BoundMethod::Illuminate\\Container\\{closure}()
#20 C:\\Users\\Mikasa Ackerman\\arymaid\\Arymaid\\vendor\\laravel\\framework\\src\\Illuminate\\Container\\BoundMethod.php(93): Illuminate\\Container\\Util::unwrapIfClosure(Object(Closure))
#21 C:\\Users\\Mikasa Ackerman\\arymaid\\Arymaid\\vendor\\laravel\\framework\\src\\Illuminate\\Container\\BoundMethod.php(35): Illuminate\\Container\\BoundMethod::callBoundMethod(Object(Illuminate\\Foundation\\Application), Array, Object(Closure))
#22 C:\\Users\\Mikasa Ackerman\\arymaid\\Arymaid\\vendor\\laravel\\framework\\src\\Illuminate\\Container\\Container.php(661): Illuminate\\Container\\BoundMethod::call(Object(Illuminate\\Foundation\\Application), Array, Array, NULL)
#23 C:\\Users\\Mikasa Ackerman\\arymaid\\Arymaid\\vendor\\laravel\\framework\\src\\Illuminate\\Database\\Seeder.php(184): Illuminate\\Container\\Container->call(Array, Array)
#24 C:\\Users\\Mikasa Ackerman\\arymaid\\Arymaid\\vendor\\laravel\\framework\\src\\Illuminate\\Database\\Seeder.php(193): Illuminate\\Database\\Seeder->Illuminate\\Database\\{closure}()
#25 C:\\Users\\Mikasa Ackerman\\arymaid\\Arymaid\\vendor\\laravel\\framework\\src\\Illuminate\\Database\\Seeder.php(61): Illuminate\\Database\\Seeder->__invoke(Array)
#26 C:\\Users\\Mikasa Ackerman\\arymaid\\Arymaid\\database\\seeders\\DatabaseSeeder.php(25): Illuminate\\Database\\Seeder->call('Database\\\\Seeder...')
#27 C:\\Users\\Mikasa Ackerman\\arymaid\\Arymaid\\vendor\\laravel\\framework\\src\\Illuminate\\Container\\BoundMethod.php(36): Database\\Seeders\\DatabaseSeeder->run()
#28 C:\\Users\\Mikasa Ackerman\\arymaid\\Arymaid\\vendor\\laravel\\framework\\src\\Illuminate\\Container\\Util.php(41): Illuminate\\Container\\BoundMethod::Illuminate\\Container\\{closure}()
#29 C:\\Users\\Mikasa Ackerman\\arymaid\\Arymaid\\vendor\\laravel\\framework\\src\\Illuminate\\Container\\BoundMethod.php(93): Illuminate\\Container\\Util::unwrapIfClosure(Object(Closure))
#30 C:\\Users\\Mikasa Ackerman\\arymaid\\Arymaid\\vendor\\laravel\\framework\\src\\Illuminate\\Container\\BoundMethod.php(35): Illuminate\\Container\\BoundMethod::callBoundMethod(Object(Illuminate\\Foundation\\Application), Array, Object(Closure))
#31 C:\\Users\\Mikasa Ackerman\\arymaid\\Arymaid\\vendor\\laravel\\framework\\src\\Illuminate\\Container\\Container.php(661): Illuminate\\Container\\BoundMethod::call(Object(Illuminate\\Foundation\\Application), Array, Array, NULL)
#32 C:\\Users\\Mikasa Ackerman\\arymaid\\Arymaid\\vendor\\laravel\\framework\\src\\Illuminate\\Database\\Seeder.php(184): Illuminate\\Container\\Container->call(Array, Array)
#33 C:\\Users\\Mikasa Ackerman\\arymaid\\Arymaid\\vendor\\laravel\\framework\\src\\Illuminate\\Database\\Seeder.php(193): Illuminate\\Database\\Seeder->Illuminate\\Database\\{closure}()
#34 C:\\Users\\Mikasa Ackerman\\arymaid\\Arymaid\\vendor\\laravel\\framework\\src\\Illuminate\\Database\\Console\\Seeds\\SeedCommand.php(70): Illuminate\\Database\\Seeder->__invoke()
#35 C:\\Users\\Mikasa Ackerman\\arymaid\\Arymaid\\vendor\\laravel\\framework\\src\\Illuminate\\Database\\Eloquent\\Concerns\\GuardsAttributes.php(155): Illuminate\\Database\\Console\\Seeds\\SeedCommand->Illuminate\\Database\\Console\\Seeds\\{closure}()
#36 C:\\Users\\Mikasa Ackerman\\arymaid\\Arymaid\\vendor\\laravel\\framework\\src\\Illuminate\\Database\\Console\\Seeds\\SeedCommand.php(69): Illuminate\\Database\\Eloquent\\Model::unguarded(Object(Closure))
#37 C:\\Users\\Mikasa Ackerman\\arymaid\\Arymaid\\vendor\\laravel\\framework\\src\\Illuminate\\Container\\BoundMethod.php(36): Illuminate\\Database\\Console\\Seeds\\SeedCommand->handle()
#38 C:\\Users\\Mikasa Ackerman\\arymaid\\Arymaid\\vendor\\laravel\\framework\\src\\Illuminate\\Container\\Util.php(41): Illuminate\\Container\\BoundMethod::Illuminate\\Container\\{closure}()
#39 C:\\Users\\Mikasa Ackerman\\arymaid\\Arymaid\\vendor\\laravel\\framework\\src\\Illuminate\\Container\\BoundMethod.php(93): Illuminate\\Container\\Util::unwrapIfClosure(Object(Closure))
#40 C:\\Users\\Mikasa Ackerman\\arymaid\\Arymaid\\vendor\\laravel\\framework\\src\\Illuminate\\Container\\BoundMethod.php(35): Illuminate\\Container\\BoundMethod::callBoundMethod(Object(Illuminate\\Foundation\\Application), Array, Object(Closure))
#41 C:\\Users\\Mikasa Ackerman\\arymaid\\Arymaid\\vendor\\laravel\\framework\\src\\Illuminate\\Container\\Container.php(661): Illuminate\\Container\\BoundMethod::call(Object(Illuminate\\Foundation\\Application), Array, Array, NULL)
#42 C:\\Users\\Mikasa Ackerman\\arymaid\\Arymaid\\vendor\\laravel\\framework\\src\\Illuminate\\Console\\Command.php(194): Illuminate\\Container\\Container->call(Array)
#43 C:\\Users\\Mikasa Ackerman\\arymaid\\Arymaid\\vendor\\symfony\\console\\Command\\Command.php(312): Illuminate\\Console\\Command->execute(Object(Symfony\\Component\\Console\\Input\\ArrayInput), Object(Illuminate\\Console\\OutputStyle))
#44 C:\\Users\\Mikasa Ackerman\\arymaid\\Arymaid\\vendor\\laravel\\framework\\src\\Illuminate\\Console\\Command.php(163): Symfony\\Component\\Console\\Command\\Command->run(Object(Symfony\\Component\\Console\\Input\\ArrayInput), Object(Illuminate\\Console\\OutputStyle))
#45 C:\\Users\\Mikasa Ackerman\\arymaid\\Arymaid\\vendor\\laravel\\framework\\src\\Illuminate\\Console\\Concerns\\CallsCommands.php(67): Illuminate\\Console\\Command->run(Object(Symfony\\Component\\Console\\Input\\ArrayInput), Object(Illuminate\\Console\\OutputStyle))
#46 C:\\Users\\Mikasa Ackerman\\arymaid\\Arymaid\\vendor\\laravel\\framework\\src\\Illuminate\\Console\\Concerns\\CallsCommands.php(28): Illuminate\\Console\\Command->runCommand('db:seed', Array, Object(Illuminate\\Console\\OutputStyle))
#47 C:\\Users\\Mikasa Ackerman\\arymaid\\Arymaid\\vendor\\laravel\\framework\\src\\Illuminate\\Database\\Console\\Migrations\\FreshCommand.php(93): Illuminate\\Console\\Command->call('db:seed', Array)
#48 C:\\Users\\Mikasa Ackerman\\arymaid\\Arymaid\\vendor\\laravel\\framework\\src\\Illuminate\\Database\\Console\\Migrations\\FreshCommand.php(69): Illuminate\\Database\\Console\\Migrations\\FreshCommand->runSeeder(NULL)
#49 C:\\Users\\Mikasa Ackerman\\arymaid\\Arymaid\\vendor\\laravel\\framework\\src\\Illuminate\\Container\\BoundMethod.php(36): Illuminate\\Database\\Console\\Migrations\\FreshCommand->handle()
#50 C:\\Users\\Mikasa Ackerman\\arymaid\\Arymaid\\vendor\\laravel\\framework\\src\\Illuminate\\Container\\Util.php(41): Illuminate\\Container\\BoundMethod::Illuminate\\Container\\{closure}()
#51 C:\\Users\\Mikasa Ackerman\\arymaid\\Arymaid\\vendor\\laravel\\framework\\src\\Illuminate\\Container\\BoundMethod.php(93): Illuminate\\Container\\Util::unwrapIfClosure(Object(Closure))
#52 C:\\Users\\Mikasa Ackerman\\arymaid\\Arymaid\\vendor\\laravel\\framework\\src\\Illuminate\\Container\\BoundMethod.php(35): Illuminate\\Container\\BoundMethod::callBoundMethod(Object(Illuminate\\Foundation\\Application), Array, Object(Closure))
#53 C:\\Users\\Mikasa Ackerman\\arymaid\\Arymaid\\vendor\\laravel\\framework\\src\\Illuminate\\Container\\Container.php(661): Illuminate\\Container\\BoundMethod::call(Object(Illuminate\\Foundation\\Application), Array, Array, NULL)
#54 C:\\Users\\Mikasa Ackerman\\arymaid\\Arymaid\\vendor\\laravel\\framework\\src\\Illuminate\\Console\\Command.php(194): Illuminate\\Container\\Container->call(Array)
#55 C:\\Users\\Mikasa Ackerman\\arymaid\\Arymaid\\vendor\\symfony\\console\\Command\\Command.php(312): Illuminate\\Console\\Command->execute(Object(Symfony\\Component\\Console\\Input\\ArgvInput), Object(Illuminate\\Console\\OutputStyle))
#56 C:\\Users\\Mikasa Ackerman\\arymaid\\Arymaid\\vendor\\laravel\\framework\\src\\Illuminate\\Console\\Command.php(163): Symfony\\Component\\Console\\Command\\Command->run(Object(Symfony\\Component\\Console\\Input\\ArgvInput), Object(Illuminate\\Console\\OutputStyle))
#57 C:\\Users\\Mikasa Ackerman\\arymaid\\Arymaid\\vendor\\symfony\\console\\Application.php(1022): Illuminate\\Console\\Command->run(Object(Symfony\\Component\\Console\\Input\\ArgvInput), Object(Symfony\\Component\\Console\\Output\\ConsoleOutput))
#58 C:\\Users\\Mikasa Ackerman\\arymaid\\Arymaid\\vendor\\symfony\\console\\Application.php(314): Symfony\\Component\\Console\\Application->doRunCommand(Object(Illuminate\\Database\\Console\\Migrations\\FreshCommand), Object(Symfony\\Component\\Console\\Input\\ArgvInput), Object(Symfony\\Component\\Console\\Output\\ConsoleOutput))
#59 C:\\Users\\Mikasa Ackerman\\arymaid\\Arymaid\\vendor\\symfony\\console\\Application.php(168): Symfony\\Component\\Console\\Application->doRun(Object(Symfony\\Component\\Console\\Input\\ArgvInput), Object(Symfony\\Component\\Console\\Output\\ConsoleOutput))
#60 C:\\Users\\Mikasa Ackerman\\arymaid\\Arymaid\\vendor\\laravel\\framework\\src\\Illuminate\\Console\\Application.php(102): Symfony\\Component\\Console\\Application->run(Object(Symfony\\Component\\Console\\Input\\ArgvInput), Object(Symfony\\Component\\Console\\Output\\ConsoleOutput))
#61 C:\\Users\\Mikasa Ackerman\\arymaid\\Arymaid\\vendor\\laravel\\framework\\src\\Illuminate\\Foundation\\Console\\Kernel.php(155): Illuminate\\Console\\Application->run(Object(Symfony\\Component\\Console\\Input\\ArgvInput), Object(Symfony\\Component\\Console\\Output\\ConsoleOutput))
#62 C:\\Users\\Mikasa Ackerman\\arymaid\\Arymaid\\artisan(35): Illuminate\\Foundation\\Console\\Kernel->handle(Object(Symfony\\Component\\Console\\Input\\ArgvInput), Object(Symfony\\Component\\Console\\Output\\ConsoleOutput))
#63 {main}
"} 
[2026-02-21 23:54:22] local.ERROR: SQLSTATE[42S22]: Column not found: 1054 Unknown column 'statuts' in 'field list' (Connection: mysql, SQL: insert into `produits` (`name`, `price`, `image`, `hoverImg`, `utilisation`, `description`, `description2`, `stock`, `statuts`, `oldPrice`, `categorie_id`, `updated_at`, `created_at`) values (Laundry Detergent Premium, 75, laundry_detergent.png, laundry_detergent.png, Add to washing machine for deep clean., Gentle on fabrics, tough on stains., Environmentally friendly formula., 100, In stock, 85, 2, 2026-02-21 23:54:22, 2026-02-21 23:54:22)) {"exception":"[object] (Illuminate\\Database\\QueryException(code: 42S22): SQLSTATE[42S22]: Column not found: 1054 Unknown column 'statuts' in 'field list' (Connection: mysql, SQL: insert into `produits` (`name`, `price`, `image`, `hoverImg`, `utilisation`, `description`, `description2`, `stock`, `statuts`, `oldPrice`, `categorie_id`, `updated_at`, `created_at`) values (Laundry Detergent Premium, 75, laundry_detergent.png, laundry_detergent.png, Add to washing machine for deep clean., Gentle on fabrics, tough on stains., Environmentally friendly formula., 100, In stock, 85, 2, 2026-02-21 23:54:22, 2026-02-21 23:54:22)) at C:\\Users\\Mikasa Ackerman\\arymaid\\Arymaid\\vendor\\laravel\\framework\\src\\Illuminate\\Database\\Connection.php:760)
[stacktrace]
#0 C:\\Users\\Mikasa Ackerman\\arymaid\\Arymaid\\vendor\\laravel\\framework\\src\\Illuminate\\Database\\Connection.php(720): Illuminate\\Database\\Connection->runQueryCallback('insert into `pr...', Array, Object(Closure))
#1 C:\\Users\\Mikasa Ackerman\\arymaid\\Arymaid\\vendor\\laravel\\framework\\src\\Illuminate\\Database\\Connection.php(534): Illuminate\\Database\\Connection->run('insert into `pr...', Array, Object(Closure))
#2 C:\\Users\\Mikasa Ackerman\\arymaid\\Arymaid\\vendor\\laravel\\framework\\src\\Illuminate\\Database\\Connection.php(498): Illuminate\\Database\\Connection->statement('insert into `pr...', Array)
#3 C:\\Users\\Mikasa Ackerman\\arymaid\\Arymaid\\vendor\\laravel\\framework\\src\\Illuminate\\Database\\Query\\Processors\\Processor.php(32): Illuminate\\Database\\Connection->insert('insert into `pr...', Array)
#4 C:\\Users\\Mikasa Ackerman\\arymaid\\Arymaid\\vendor\\laravel\\framework\\src\\Illuminate\\Database\\Query\\Builder.php(3339): Illuminate\\Database\\Query\\Processors\\Processor->processInsertGetId(Object(Illuminate\\Database\\Query\\Builder), 'insert into `pr...', Array, 'id')
#5 C:\\Users\\Mikasa Ackerman\\arymaid\\Arymaid\\vendor\\laravel\\framework\\src\\Illuminate\\Database\\Eloquent\\Builder.php(1903): Illuminate\\Database\\Query\\Builder->insertGetId(Array, 'id')
#6 C:\\Users\\Mikasa Ackerman\\arymaid\\Arymaid\\vendor\\laravel\\framework\\src\\Illuminate\\Database\\Eloquent\\Model.php(1335): Illuminate\\Database\\Eloquent\\Builder->__call('insertGetId', Array)
#7 C:\\Users\\Mikasa Ackerman\\arymaid\\Arymaid\\vendor\\laravel\\framework\\src\\Illuminate\\Database\\Eloquent\\Model.php(1300): Illuminate\\Database\\Eloquent\\Model->insertAndSetId(Object(Illuminate\\Database\\Eloquent\\Builder), Array)
#8 C:\\Users\\Mikasa Ackerman\\arymaid\\Arymaid\\vendor\\laravel\\framework\\src\\Illuminate\\Database\\Eloquent\\Model.php(1139): Illuminate\\Database\\Eloquent\\Model->performInsert(Object(Illuminate\\Database\\Eloquent\\Builder))
#9 C:\\Users\\Mikasa Ackerman\\arymaid\\Arymaid\\vendor\\laravel\\framework\\src\\Illuminate\\Database\\Eloquent\\Builder.php(995): Illuminate\\Database\\Eloquent\\Model->save()
#10 C:\\Users\\Mikasa Ackerman\\arymaid\\Arymaid\\vendor\\laravel\\framework\\src\\Illuminate\\Support\\helpers.php(306): Illuminate\\Database\\Eloquent\\Builder->Illuminate\\Database\\Eloquent\\{closure}(Object(App\\Models\\produit))
#11 C:\\Users\\Mikasa Ackerman\\arymaid\\Arymaid\\vendor\\laravel\\framework\\src\\Illuminate\\Database\\Eloquent\\Builder.php(994): tap(Object(App\\Models\\produit), Object(Closure))
#12 C:\\Users\\Mikasa Ackerman\\arymaid\\Arymaid\\vendor\\laravel\\framework\\src\\Illuminate\\Support\\Traits\\ForwardsCalls.php(23): Illuminate\\Database\\Eloquent\\Builder->create(Array)
#13 C:\\Users\\Mikasa Ackerman\\arymaid\\Arymaid\\vendor\\laravel\\framework\\src\\Illuminate\\Database\\Eloquent\\Model.php(2335): Illuminate\\Database\\Eloquent\\Model->forwardCallTo(Object(Illuminate\\Database\\Eloquent\\Builder), 'create', Array)
#14 C:\\Users\\Mikasa Ackerman\\arymaid\\Arymaid\\vendor\\laravel\\framework\\src\\Illuminate\\Database\\Eloquent\\Model.php(2347): Illuminate\\Database\\Eloquent\\Model->__call('create', Array)
#15 C:\\Users\\Mikasa Ackerman\\arymaid\\Arymaid\\database\\seeders\\ProduitSeeder.php(102): Illuminate\\Database\\Eloquent\\Model::__callStatic('create', Array)
#16 C:\\Users\\Mikasa Ackerman\\arymaid\\Arymaid\\vendor\\laravel\\framework\\src\\Illuminate\\Container\\BoundMethod.php(36): Database\\Seeders\\ProduitSeeder->run()
#17 C:\\Users\\Mikasa Ackerman\\arymaid\\Arymaid\\vendor\\laravel\\framework\\src\\Illuminate\\Container\\Util.php(41): Illuminate\\Container\\BoundMethod::Illuminate\\Container\\{closure}()
#18 C:\\Users\\Mikasa Ackerman\\arymaid\\Arymaid\\vendor\\laravel\\framework\\src\\Illuminate\\Container\\BoundMethod.php(93): Illuminate\\Container\\Util::unwrapIfClosure(Object(Closure))
#19 C:\\Users\\Mikasa Ackerman\\arymaid\\Arymaid\\vendor\\laravel\\framework\\src\\Illuminate\\Container\\BoundMethod.php(35): Illuminate\\Container\\BoundMethod::callBoundMethod(Object(Illuminate\\Foundation\\Application), Array, Object(Closure))
#20 C:\\Users\\Mikasa Ackerman\\arymaid\\Arymaid\\vendor\\laravel\\framework\\src\\Illuminate\\Container\\Container.php(661): Illuminate\\Container\\BoundMethod::call(Object(Illuminate\\Foundation\\Application), Array, Array, NULL)
#21 C:\\Users\\Mikasa Ackerman\\arymaid\\Arymaid\\vendor\\laravel\\framework\\src\\Illuminate\\Database\\Seeder.php(184): Illuminate\\Container\\Container->call(Array, Array)
#22 C:\\Users\\Mikasa Ackerman\\arymaid\\Arymaid\\vendor\\laravel\\framework\\src\\Illuminate\\Database\\Seeder.php(193): Illuminate\\Database\\Seeder->Illuminate\\Database\\{closure}()
#23 C:\\Users\\Mikasa Ackerman\\arymaid\\Arymaid\\vendor\\laravel\\framework\\src\\Illuminate\\Database\\Seeder.php(61): Illuminate\\Database\\Seeder->__invoke(Array)
#24 C:\\Users\\Mikasa Ackerman\\arymaid\\Arymaid\\database\\seeders\\DatabaseSeeder.php(25): Illuminate\\Database\\Seeder->call('Database\\\\Seeder...')
#25 C:\\Users\\Mikasa Ackerman\\arymaid\\Arymaid\\vendor\\laravel\\framework\\src\\Illuminate\\Container\\BoundMethod.php(36): Database\\Seeders\\DatabaseSeeder->run()
#26 C:\\Users\\Mikasa Ackerman\\arymaid\\Arymaid\\vendor\\laravel\\framework\\src\\Illuminate\\Container\\Util.php(41): Illuminate\\Container\\BoundMethod::Illuminate\\Container\\{closure}()
#27 C:\\Users\\Mikasa Ackerman\\arymaid\\Arymaid\\vendor\\laravel\\framework\\src\\Illuminate\\Container\\BoundMethod.php(93): Illuminate\\Container\\Util::unwrapIfClosure(Object(Closure))
#28 C:\\Users\\Mikasa Ackerman\\arymaid\\Arymaid\\vendor\\laravel\\framework\\src\\Illuminate\\Container\\BoundMethod.php(35): Illuminate\\Container\\BoundMethod::callBoundMethod(Object(Illuminate\\Foundation\\Application), Array, Object(Closure))
#29 C:\\Users\\Mikasa Ackerman\\arymaid\\Arymaid\\vendor\\laravel\\framework\\src\\Illuminate\\Container\\Container.php(661): Illuminate\\Container\\BoundMethod::call(Object(Illuminate\\Foundation\\Application), Array, Array, NULL)
#30 C:\\Users\\Mikasa Ackerman\\arymaid\\Arymaid\\vendor\\laravel\\framework\\src\\Illuminate\\Database\\Seeder.php(184): Illuminate\\Container\\Container->call(Array, Array)
#31 C:\\Users\\Mikasa Ackerman\\arymaid\\Arymaid\\vendor\\laravel\\framework\\src\\Illuminate\\Database\\Seeder.php(193): Illuminate\\Database\\Seeder->Illuminate\\Database\\{closure}()
#32 C:\\Users\\Mikasa Ackerman\\arymaid\\Arymaid\\vendor\\laravel\\framework\\src\\Illuminate\\Database\\Console\\Seeds\\SeedCommand.php(70): Illuminate\\Database\\Seeder->__invoke()
#33 C:\\Users\\Mikasa Ackerman\\arymaid\\Arymaid\\vendor\\laravel\\framework\\src\\Illuminate\\Database\\Eloquent\\Concerns\\GuardsAttributes.php(155): Illuminate\\Database\\Console\\Seeds\\SeedCommand->Illuminate\\Database\\Console\\Seeds\\{closure}()
#34 C:\\Users\\Mikasa Ackerman\\arymaid\\Arymaid\\vendor\\laravel\\framework\\src\\Illuminate\\Database\\Console\\Seeds\\SeedCommand.php(69): Illuminate\\Database\\Eloquent\\Model::unguarded(Object(Closure))
#35 C:\\Users\\Mikasa Ackerman\\arymaid\\Arymaid\\vendor\\laravel\\framework\\src\\Illuminate\\Container\\BoundMethod.php(36): Illuminate\\Database\\Console\\Seeds\\SeedCommand->handle()
#36 C:\\Users\\Mikasa Ackerman\\arymaid\\Arymaid\\vendor\\laravel\\framework\\src\\Illuminate\\Container\\Util.php(41): Illuminate\\Container\\BoundMethod::Illuminate\\Container\\{closure}()
#37 C:\\Users\\Mikasa Ackerman\\arymaid\\Arymaid\\vendor\\laravel\\framework\\src\\Illuminate\\Container\\BoundMethod.php(93): Illuminate\\Container\\Util::unwrapIfClosure(Object(Closure))
#38 C:\\Users\\Mikasa Ackerman\\arymaid\\Arymaid\\vendor\\laravel\\framework\\src\\Illuminate\\Container\\BoundMethod.php(35): Illuminate\\Container\\BoundMethod::callBoundMethod(Object(Illuminate\\Foundation\\Application), Array, Object(Closure))
#39 C:\\Users\\Mikasa Ackerman\\arymaid\\Arymaid\\vendor\\laravel\\framework\\src\\Illuminate\\Container\\Container.php(661): Illuminate\\Container\\BoundMethod::call(Object(Illuminate\\Foundation\\Application), Array, Array, NULL)
#40 C:\\Users\\Mikasa Ackerman\\arymaid\\Arymaid\\vendor\\laravel\\framework\\src\\Illuminate\\Console\\Command.php(194): Illuminate\\Container\\Container->call(Array)
#41 C:\\Users\\Mikasa Ackerman\\arymaid\\Arymaid\\vendor\\symfony\\console\\Command\\Command.php(312): Illuminate\\Console\\Command->execute(Object(Symfony\\Component\\Console\\Input\\ArrayInput), Object(Illuminate\\Console\\OutputStyle))
#42 C:\\Users\\Mikasa Ackerman\\arymaid\\Arymaid\\vendor\\laravel\\framework\\src\\Illuminate\\Console\\Command.php(163): Symfony\\Component\\Console\\Command\\Command->run(Object(Symfony\\Component\\Console\\Input\\ArrayInput), Object(Illuminate\\Console\\OutputStyle))
#43 C:\\Users\\Mikasa Ackerman\\arymaid\\Arymaid\\vendor\\laravel\\framework\\src\\Illuminate\\Console\\Concerns\\CallsCommands.php(67): Illuminate\\Console\\Command->run(Object(Symfony\\Component\\Console\\Input\\ArrayInput), Object(Illuminate\\Console\\OutputStyle))
#44 C:\\Users\\Mikasa Ackerman\\arymaid\\Arymaid\\vendor\\laravel\\framework\\src\\Illuminate\\Console\\Concerns\\CallsCommands.php(28): Illuminate\\Console\\Command->runCommand('db:seed', Array, Object(Illuminate\\Console\\OutputStyle))
#45 C:\\Users\\Mikasa Ackerman\\arymaid\\Arymaid\\vendor\\laravel\\framework\\src\\Illuminate\\Database\\Console\\Migrations\\FreshCommand.php(93): Illuminate\\Console\\Command->call('db:seed', Array)
#46 C:\\Users\\Mikasa Ackerman\\arymaid\\Arymaid\\vendor\\laravel\\framework\\src\\Illuminate\\Database\\Console\\Migrations\\FreshCommand.php(69): Illuminate\\Database\\Console\\Migrations\\FreshCommand->runSeeder(NULL)
#47 C:\\Users\\Mikasa Ackerman\\arymaid\\Arymaid\\vendor\\laravel\\framework\\src\\Illuminate\\Container\\BoundMethod.php(36): Illuminate\\Database\\Console\\Migrations\\FreshCommand->handle()
#48 C:\\Users\\Mikasa Ackerman\\arymaid\\Arymaid\\vendor\\laravel\\framework\\src\\Illuminate\\Container\\Util.php(41): Illuminate\\Container\\BoundMethod::Illuminate\\Container\\{closure}()
#49 C:\\Users\\Mikasa Ackerman\\arymaid\\Arymaid\\vendor\\laravel\\framework\\src\\Illuminate\\Container\\BoundMethod.php(93): Illuminate\\Container\\Util::unwrapIfClosure(Object(Closure))
#50 C:\\Users\\Mikasa Ackerman\\arymaid\\Arymaid\\vendor\\laravel\\framework\\src\\Illuminate\\Container\\BoundMethod.php(35): Illuminate\\Container\\BoundMethod::callBoundMethod(Object(Illuminate\\Foundation\\Application), Array, Object(Closure))
#51 C:\\Users\\Mikasa Ackerman\\arymaid\\Arymaid\\vendor\\laravel\\framework\\src\\Illuminate\\Container\\Container.php(661): Illuminate\\Container\\BoundMethod::call(Object(Illuminate\\Foundation\\Application), Array, Array, NULL)
#52 C:\\Users\\Mikasa Ackerman\\arymaid\\Arymaid\\vendor\\laravel\\framework\\src\\Illuminate\\Console\\Command.php(194): Illuminate\\Container\\Container->call(Array)
#53 C:\\Users\\Mikasa Ackerman\\arymaid\\Arymaid\\vendor\\symfony\\console\\Command\\Command.php(312): Illuminate\\Console\\Command->execute(Object(Symfony\\Component\\Console\\Input\\ArgvInput), Object(Illuminate\\Console\\OutputStyle))
#54 C:\\Users\\Mikasa Ackerman\\arymaid\\Arymaid\\vendor\\laravel\\framework\\src\\Illuminate\\Console\\Command.php(163): Symfony\\Component\\Console\\Command\\Command->run(Object(Symfony\\Component\\Console\\Input\\ArgvInput), Object(Illuminate\\Console\\OutputStyle))
#55 C:\\Users\\Mikasa Ackerman\\arymaid\\Arymaid\\vendor\\symfony\\console\\Application.php(1022): Illuminate\\Console\\Command->run(Object(Symfony\\Component\\Console\\Input\\ArgvInput), Object(Symfony\\Component\\Console\\Output\\ConsoleOutput))
#56 C:\\Users\\Mikasa Ackerman\\arymaid\\Arymaid\\vendor\\symfony\\console\\Application.php(314): Symfony\\Component\\Console\\Application->doRunCommand(Object(Illuminate\\Database\\Console\\Migrations\\FreshCommand), Object(Symfony\\Component\\Console\\Input\\ArgvInput), Object(Symfony\\Component\\Console\\Output\\ConsoleOutput))
#57 C:\\Users\\Mikasa Ackerman\\arymaid\\Arymaid\\vendor\\symfony\\console\\Application.php(168): Symfony\\Component\\Console\\Application->doRun(Object(Symfony\\Component\\Console\\Input\\ArgvInput), Object(Symfony\\Component\\Console\\Output\\ConsoleOutput))
#58 C:\\Users\\Mikasa Ackerman\\arymaid\\Arymaid\\vendor\\laravel\\framework\\src\\Illuminate\\Console\\Application.php(102): Symfony\\Component\\Console\\Application->run(Object(Symfony\\Component\\Console\\Input\\ArgvInput), Object(Symfony\\Component\\Console\\Output\\ConsoleOutput))
#59 C:\\Users\\Mikasa Ackerman\\arymaid\\Arymaid\\vendor\\laravel\\framework\\src\\Illuminate\\Foundation\\Console\\Kernel.php(155): Illuminate\\Console\\Application->run(Object(Symfony\\Component\\Console\\Input\\ArgvInput), Object(Symfony\\Component\\Console\\Output\\ConsoleOutput))
#60 C:\\Users\\Mikasa Ackerman\\arymaid\\Arymaid\\artisan(35): Illuminate\\Foundation\\Console\\Kernel->handle(Object(Symfony\\Component\\Console\\Input\\ArgvInput), Object(Symfony\\Component\\Console\\Output\\ConsoleOutput))
#61 {main}

[previous exception] [object] (PDOException(code: 42S22): SQLSTATE[42S22]: Column not found: 1054 Unknown column 'statuts' in 'field list' at C:\\Users\\Mikasa Ackerman\\arymaid\\Arymaid\\vendor\\laravel\\framework\\src\\Illuminate\\Database\\Connection.php:539)
[stacktrace]
#0 C:\\Users\\Mikasa Ackerman\\arymaid\\Arymaid\\vendor\\laravel\\framework\\src\\Illuminate\\Database\\Connection.php(539): PDO->prepare('insert into `pr...')
#1 C:\\Users\\Mikasa Ackerman\\arymaid\\Arymaid\\vendor\\laravel\\framework\\src\\Illuminate\\Database\\Connection.php(753): Illuminate\\Database\\Connection->Illuminate\\Database\\{closure}('insert into `pr...', Array)
#2 C:\\Users\\Mikasa Ackerman\\arymaid\\Arymaid\\vendor\\laravel\\framework\\src\\Illuminate\\Database\\Connection.php(720): Illuminate\\Database\\Connection->runQueryCallback('insert into `pr...', Array, Object(Closure))
#3 C:\\Users\\Mikasa Ackerman\\arymaid\\Arymaid\\vendor\\laravel\\framework\\src\\Illuminate\\Database\\Connection.php(534): Illuminate\\Database\\Connection->run('insert into `pr...', Array, Object(Closure))
#4 C:\\Users\\Mikasa Ackerman\\arymaid\\Arymaid\\vendor\\laravel\\framework\\src\\Illuminate\\Database\\Connection.php(498): Illuminate\\Database\\Connection->statement('insert into `pr...', Array)
#5 C:\\Users\\Mikasa Ackerman\\arymaid\\Arymaid\\vendor\\laravel\\framework\\src\\Illuminate\\Database\\Query\\Processors\\Processor.php(32): Illuminate\\Database\\Connection->insert('insert into `pr...', Array)
#6 C:\\Users\\Mikasa Ackerman\\arymaid\\Arymaid\\vendor\\laravel\\framework\\src\\Illuminate\\Database\\Query\\Builder.php(3339): Illuminate\\Database\\Query\\Processors\\Processor->processInsertGetId(Object(Illuminate\\Database\\Query\\Builder), 'insert into `pr...', Array, 'id')
#7 C:\\Users\\Mikasa Ackerman\\arymaid\\Arymaid\\vendor\\laravel\\framework\\src\\Illuminate\\Database\\Eloquent\\Builder.php(1903): Illuminate\\Database\\Query\\Builder->insertGetId(Array, 'id')
#8 C:\\Users\\Mikasa Ackerman\\arymaid\\Arymaid\\vendor\\laravel\\framework\\src\\Illuminate\\Database\\Eloquent\\Model.php(1335): Illuminate\\Database\\Eloquent\\Builder->__call('insertGetId', Array)
#9 C:\\Users\\Mikasa Ackerman\\arymaid\\Arymaid\\vendor\\laravel\\framework\\src\\Illuminate\\Database\\Eloquent\\Model.php(1300): Illuminate\\Database\\Eloquent\\Model->insertAndSetId(Object(Illuminate\\Database\\Eloquent\\Builder), Array)
#10 C:\\Users\\Mikasa Ackerman\\arymaid\\Arymaid\\vendor\\laravel\\framework\\src\\Illuminate\\Database\\Eloquent\\Model.php(1139): Illuminate\\Database\\Eloquent\\Model->performInsert(Object(Illuminate\\Database\\Eloquent\\Builder))
#11 C:\\Users\\Mikasa Ackerman\\arymaid\\Arymaid\\vendor\\laravel\\framework\\src\\Illuminate\\Database\\Eloquent\\Builder.php(995): Illuminate\\Database\\Eloquent\\Model->save()
#12 C:\\Users\\Mikasa Ackerman\\arymaid\\Arymaid\\vendor\\laravel\\framework\\src\\Illuminate\\Support\\helpers.php(306): Illuminate\\Database\\Eloquent\\Builder->Illuminate\\Database\\Eloquent\\{closure}(Object(App\\Models\\produit))
#13 C:\\Users\\Mikasa Ackerman\\arymaid\\Arymaid\\vendor\\laravel\\framework\\src\\Illuminate\\Database\\Eloquent\\Builder.php(994): tap(Object(App\\Models\\produit), Object(Closure))
#14 C:\\Users\\Mikasa Ackerman\\arymaid\\Arymaid\\vendor\\laravel\\framework\\src\\Illuminate\\Support\\Traits\\ForwardsCalls.php(23): Illuminate\\Database\\Eloquent\\Builder->create(Array)
#15 C:\\Users\\Mikasa Ackerman\\arymaid\\Arymaid\\vendor\\laravel\\framework\\src\\Illuminate\\Database\\Eloquent\\Model.php(2335): Illuminate\\Database\\Eloquent\\Model->forwardCallTo(Object(Illuminate\\Database\\Eloquent\\Builder), 'create', Array)
#16 C:\\Users\\Mikasa Ackerman\\arymaid\\Arymaid\\vendor\\laravel\\framework\\src\\Illuminate\\Database\\Eloquent\\Model.php(2347): Illuminate\\Database\\Eloquent\\Model->__call('create', Array)
#17 C:\\Users\\Mikasa Ackerman\\arymaid\\Arymaid\\database\\seeders\\ProduitSeeder.php(102): Illuminate\\Database\\Eloquent\\Model::__callStatic('create', Array)
#18 C:\\Users\\Mikasa Ackerman\\arymaid\\Arymaid\\vendor\\laravel\\framework\\src\\Illuminate\\Container\\BoundMethod.php(36): Database\\Seeders\\ProduitSeeder->run()
#19 C:\\Users\\Mikasa Ackerman\\arymaid\\Arymaid\\vendor\\laravel\\framework\\src\\Illuminate\\Container\\Util.php(41): Illuminate\\Container\\BoundMethod::Illuminate\\Container\\{closure}()
#20 C:\\Users\\Mikasa Ackerman\\arymaid\\Arymaid\\vendor\\laravel\\framework\\src\\Illuminate\\Container\\BoundMethod.php(93): Illuminate\\Container\\Util::unwrapIfClosure(Object(Closure))
#21 C:\\Users\\Mikasa Ackerman\\arymaid\\Arymaid\\vendor\\laravel\\framework\\src\\Illuminate\\Container\\BoundMethod.php(35): Illuminate\\Container\\BoundMethod::callBoundMethod(Object(Illuminate\\Foundation\\Application), Array, Object(Closure))
#22 C:\\Users\\Mikasa Ackerman\\arymaid\\Arymaid\\vendor\\laravel\\framework\\src\\Illuminate\\Container\\Container.php(661): Illuminate\\Container\\BoundMethod::call(Object(Illuminate\\Foundation\\Application), Array, Array, NULL)
#23 C:\\Users\\Mikasa Ackerman\\arymaid\\Arymaid\\vendor\\laravel\\framework\\src\\Illuminate\\Database\\Seeder.php(184): Illuminate\\Container\\Container->call(Array, Array)
#24 C:\\Users\\Mikasa Ackerman\\arymaid\\Arymaid\\vendor\\laravel\\framework\\src\\Illuminate\\Database\\Seeder.php(193): Illuminate\\Database\\Seeder->Illuminate\\Database\\{closure}()
#25 C:\\Users\\Mikasa Ackerman\\arymaid\\Arymaid\\vendor\\laravel\\framework\\src\\Illuminate\\Database\\Seeder.php(61): Illuminate\\Database\\Seeder->__invoke(Array)
#26 C:\\Users\\Mikasa Ackerman\\arymaid\\Arymaid\\database\\seeders\\DatabaseSeeder.php(25): Illuminate\\Database\\Seeder->call('Database\\\\Seeder...')
#27 C:\\Users\\Mikasa Ackerman\\arymaid\\Arymaid\\vendor\\laravel\\framework\\src\\Illuminate\\Container\\BoundMethod.php(36): Database\\Seeders\\DatabaseSeeder->run()
#28 C:\\Users\\Mikasa Ackerman\\arymaid\\Arymaid\\vendor\\laravel\\framework\\src\\Illuminate\\Container\\Util.php(41): Illuminate\\Container\\BoundMethod::Illuminate\\Container\\{closure}()
#29 C:\\Users\\Mikasa Ackerman\\arymaid\\Arymaid\\vendor\\laravel\\framework\\src\\Illuminate\\Container\\BoundMethod.php(93): Illuminate\\Container\\Util::unwrapIfClosure(Object(Closure))
#30 C:\\Users\\Mikasa Ackerman\\arymaid\\Arymaid\\vendor\\laravel\\framework\\src\\Illuminate\\Container\\BoundMethod.php(35): Illuminate\\Container\\BoundMethod::callBoundMethod(Object(Illuminate\\Foundation\\Application), Array, Object(Closure))
#31 C:\\Users\\Mikasa Ackerman\\arymaid\\Arymaid\\vendor\\laravel\\framework\\src\\Illuminate\\Container\\Container.php(661): Illuminate\\Container\\BoundMethod::call(Object(Illuminate\\Foundation\\Application), Array, Array, NULL)
#32 C:\\Users\\Mikasa Ackerman\\arymaid\\Arymaid\\vendor\\laravel\\framework\\src\\Illuminate\\Database\\Seeder.php(184): Illuminate\\Container\\Container->call(Array, Array)
#33 C:\\Users\\Mikasa Ackerman\\arymaid\\Arymaid\\vendor\\laravel\\framework\\src\\Illuminate\\Database\\Seeder.php(193): Illuminate\\Database\\Seeder->Illuminate\\Database\\{closure}()
#34 C:\\Users\\Mikasa Ackerman\\arymaid\\Arymaid\\vendor\\laravel\\framework\\src\\Illuminate\\Database\\Console\\Seeds\\SeedCommand.php(70): Illuminate\\Database\\Seeder->__invoke()
#35 C:\\Users\\Mikasa Ackerman\\arymaid\\Arymaid\\vendor\\laravel\\framework\\src\\Illuminate\\Database\\Eloquent\\Concerns\\GuardsAttributes.php(155): Illuminate\\Database\\Console\\Seeds\\SeedCommand->Illuminate\\Database\\Console\\Seeds\\{closure}()
#36 C:\\Users\\Mikasa Ackerman\\arymaid\\Arymaid\\vendor\\laravel\\framework\\src\\Illuminate\\Database\\Console\\Seeds\\SeedCommand.php(69): Illuminate\\Database\\Eloquent\\Model::unguarded(Object(Closure))
#37 C:\\Users\\Mikasa Ackerman\\arymaid\\Arymaid\\vendor\\laravel\\framework\\src\\Illuminate\\Container\\BoundMethod.php(36): Illuminate\\Database\\Console\\Seeds\\SeedCommand->handle()
#38 C:\\Users\\Mikasa Ackerman\\arymaid\\Arymaid\\vendor\\laravel\\framework\\src\\Illuminate\\Container\\Util.php(41): Illuminate\\Container\\BoundMethod::Illuminate\\Container\\{closure}()
#39 C:\\Users\\Mikasa Ackerman\\arymaid\\Arymaid\\vendor\\laravel\\framework\\src\\Illuminate\\Container\\BoundMethod.php(93): Illuminate\\Container\\Util::unwrapIfClosure(Object(Closure))
#40 C:\\Users\\Mikasa Ackerman\\arymaid\\Arymaid\\vendor\\laravel\\framework\\src\\Illuminate\\Container\\BoundMethod.php(35): Illuminate\\Container\\BoundMethod::callBoundMethod(Object(Illuminate\\Foundation\\Application), Array, Object(Closure))
#41 C:\\Users\\Mikasa Ackerman\\arymaid\\Arymaid\\vendor\\laravel\\framework\\src\\Illuminate\\Container\\Container.php(661): Illuminate\\Container\\BoundMethod::call(Object(Illuminate\\Foundation\\Application), Array, Array, NULL)
#42 C:\\Users\\Mikasa Ackerman\\arymaid\\Arymaid\\vendor\\laravel\\framework\\src\\Illuminate\\Console\\Command.php(194): Illuminate\\Container\\Container->call(Array)
#43 C:\\Users\\Mikasa Ackerman\\arymaid\\Arymaid\\vendor\\symfony\\console\\Command\\Command.php(312): Illuminate\\Console\\Command->execute(Object(Symfony\\Component\\Console\\Input\\ArrayInput), Object(Illuminate\\Console\\OutputStyle))
#44 C:\\Users\\Mikasa Ackerman\\arymaid\\Arymaid\\vendor\\laravel\\framework\\src\\Illuminate\\Console\\Command.php(163): Symfony\\Component\\Console\\Command\\Command->run(Object(Symfony\\Component\\Console\\Input\\ArrayInput), Object(Illuminate\\Console\\OutputStyle))
#45 C:\\Users\\Mikasa Ackerman\\arymaid\\Arymaid\\vendor\\laravel\\framework\\src\\Illuminate\\Console\\Concerns\\CallsCommands.php(67): Illuminate\\Console\\Command->run(Object(Symfony\\Component\\Console\\Input\\ArrayInput), Object(Illuminate\\Console\\OutputStyle))
#46 C:\\Users\\Mikasa Ackerman\\arymaid\\Arymaid\\vendor\\laravel\\framework\\src\\Illuminate\\Console\\Concerns\\CallsCommands.php(28): Illuminate\\Console\\Command->runCommand('db:seed', Array, Object(Illuminate\\Console\\OutputStyle))
#47 C:\\Users\\Mikasa Ackerman\\arymaid\\Arymaid\\vendor\\laravel\\framework\\src\\Illuminate\\Database\\Console\\Migrations\\FreshCommand.php(93): Illuminate\\Console\\Command->call('db:seed', Array)
#48 C:\\Users\\Mikasa Ackerman\\arymaid\\Arymaid\\vendor\\laravel\\framework\\src\\Illuminate\\Database\\Console\\Migrations\\FreshCommand.php(69): Illuminate\\Database\\Console\\Migrations\\FreshCommand->runSeeder(NULL)
#49 C:\\Users\\Mikasa Ackerman\\arymaid\\Arymaid\\vendor\\laravel\\framework\\src\\Illuminate\\Container\\BoundMethod.php(36): Illuminate\\Database\\Console\\Migrations\\FreshCommand->handle()
#50 C:\\Users\\Mikasa Ackerman\\arymaid\\Arymaid\\vendor\\laravel\\framework\\src\\Illuminate\\Container\\Util.php(41): Illuminate\\Container\\BoundMethod::Illuminate\\Container\\{closure}()
#51 C:\\Users\\Mikasa Ackerman\\arymaid\\Arymaid\\vendor\\laravel\\framework\\src\\Illuminate\\Container\\BoundMethod.php(93): Illuminate\\Container\\Util::unwrapIfClosure(Object(Closure))
#52 C:\\Users\\Mikasa Ackerman\\arymaid\\Arymaid\\vendor\\laravel\\framework\\src\\Illuminate\\Container\\BoundMethod.php(35): Illuminate\\Container\\BoundMethod::callBoundMethod(Object(Illuminate\\Foundation\\Application), Array, Object(Closure))
#53 C:\\Users\\Mikasa Ackerman\\arymaid\\Arymaid\\vendor\\laravel\\framework\\src\\Illuminate\\Container\\Container.php(661): Illuminate\\Container\\BoundMethod::call(Object(Illuminate\\Foundation\\Application), Array, Array, NULL)
#54 C:\\Users\\Mikasa Ackerman\\arymaid\\Arymaid\\vendor\\laravel\\framework\\src\\Illuminate\\Console\\Command.php(194): Illuminate\\Container\\Container->call(Array)
#55 C:\\Users\\Mikasa Ackerman\\arymaid\\Arymaid\\vendor\\symfony\\console\\Command\\Command.php(312): Illuminate\\Console\\Command->execute(Object(Symfony\\Component\\Console\\Input\\ArgvInput), Object(Illuminate\\Console\\OutputStyle))
#56 C:\\Users\\Mikasa Ackerman\\arymaid\\Arymaid\\vendor\\laravel\\framework\\src\\Illuminate\\Console\\Command.php(163): Symfony\\Component\\Console\\Command\\Command->run(Object(Symfony\\Component\\Console\\Input\\ArgvInput), Object(Illuminate\\Console\\OutputStyle))
#57 C:\\Users\\Mikasa Ackerman\\arymaid\\Arymaid\\vendor\\symfony\\console\\Application.php(1022): Illuminate\\Console\\Command->run(Object(Symfony\\Component\\Console\\Input\\ArgvInput), Object(Symfony\\Component\\Console\\Output\\ConsoleOutput))
#58 C:\\Users\\Mikasa Ackerman\\arymaid\\Arymaid\\vendor\\symfony\\console\\Application.php(314): Symfony\\Component\\Console\\Application->doRunCommand(Object(Illuminate\\Database\\Console\\Migrations\\FreshCommand), Object(Symfony\\Component\\Console\\Input\\ArgvInput), Object(Symfony\\Component\\Console\\Output\\ConsoleOutput))
#59 C:\\Users\\Mikasa Ackerman\\arymaid\\Arymaid\\vendor\\symfony\\console\\Application.php(168): Symfony\\Component\\Console\\Application->doRun(Object(Symfony\\Component\\Console\\Input\\ArgvInput), Object(Symfony\\Component\\Console\\Output\\ConsoleOutput))
#60 C:\\Users\\Mikasa Ackerman\\arymaid\\Arymaid\\vendor\\laravel\\framework\\src\\Illuminate\\Console\\Application.php(102): Symfony\\Component\\Console\\Application->run(Object(Symfony\\Component\\Console\\Input\\ArgvInput), Object(Symfony\\Component\\Console\\Output\\ConsoleOutput))
#61 C:\\Users\\Mikasa Ackerman\\arymaid\\Arymaid\\vendor\\laravel\\framework\\src\\Illuminate\\Foundation\\Console\\Kernel.php(155): Illuminate\\Console\\Application->run(Object(Symfony\\Component\\Console\\Input\\ArgvInput), Object(Symfony\\Component\\Console\\Output\\ConsoleOutput))
#62 C:\\Users\\Mikasa Ackerman\\arymaid\\Arymaid\\artisan(35): Illuminate\\Foundation\\Console\\Kernel->handle(Object(Symfony\\Component\\Console\\Input\\ArgvInput), Object(Symfony\\Component\\Console\\Output\\ConsoleOutput))
#63 {main}
"} 
[2026-02-21 23:55:39] local.ERROR: SQLSTATE[HY000]: General error: 1005 Can't create table `arymaid`.`produits` (errno: 150 "Foreign key constraint is incorrectly formed") (Connection: mysql, SQL: alter table `produits` add constraint `produits_categorie_id_foreign` foreign key (`categorie_id`) references `categories` (`id`) on delete cascade) {"exception":"[object] (Illuminate\\Database\\QueryException(code: HY000): SQLSTATE[HY000]: General error: 1005 Can't create table `arymaid`.`produits` (errno: 150 \"Foreign key constraint is incorrectly formed\") (Connection: mysql, SQL: alter table `produits` add constraint `produits_categorie_id_foreign` foreign key (`categorie_id`) references `categories` (`id`) on delete cascade) at C:\\Users\\Mikasa Ackerman\\arymaid\\Arymaid\\vendor\\laravel\\framework\\src\\Illuminate\\Database\\Connection.php:760)
[stacktrace]
#0 C:\\Users\\Mikasa Ackerman\\arymaid\\Arymaid\\vendor\\laravel\\framework\\src\\Illuminate\\Database\\Connection.php(720): Illuminate\\Database\\Connection->runQueryCallback('alter table `pr...', Array, Object(Closure))
#1 C:\\Users\\Mikasa Ackerman\\arymaid\\Arymaid\\vendor\\laravel\\framework\\src\\Illuminate\\Database\\Connection.php(534): Illuminate\\Database\\Connection->run('alter table `pr...', Array, Object(Closure))
#2 C:\\Users\\Mikasa Ackerman\\arymaid\\Arymaid\\vendor\\laravel\\framework\\src\\Illuminate\\Database\\Schema\\Blueprint.php(109): Illuminate\\Database\\Connection->statement('alter table `pr...')
#3 C:\\Users\\Mikasa Ackerman\\arymaid\\Arymaid\\vendor\\laravel\\framework\\src\\Illuminate\\Database\\Schema\\Builder.php(439): Illuminate\\Database\\Schema\\Blueprint->build(Object(Illuminate\\Database\\MySqlConnection), Object(Illuminate\\Database\\Schema\\Grammars\\MySqlGrammar))
#4 C:\\Users\\Mikasa Ackerman\\arymaid\\Arymaid\\vendor\\laravel\\framework\\src\\Illuminate\\Database\\Schema\\Builder.php(281): Illuminate\\Database\\Schema\\Builder->build(Object(Illuminate\\Database\\Schema\\Blueprint))
#5 C:\\Users\\Mikasa Ackerman\\arymaid\\Arymaid\\vendor\\laravel\\framework\\src\\Illuminate\\Support\\Facades\\Facade.php(353): Illuminate\\Database\\Schema\\Builder->create('produits', Object(Closure))
#6 C:\\Users\\Mikasa Ackerman\\arymaid\\Arymaid\\database\\migrations\\2023_03_10_150656_create_produits_table.php(14): Illuminate\\Support\\Facades\\Facade::__callStatic('create', Array)
#7 C:\\Users\\Mikasa Ackerman\\arymaid\\Arymaid\\vendor\\laravel\\framework\\src\\Illuminate\\Database\\Migrations\\Migrator.php(492): Illuminate\\Database\\Migrations\\Migration@anonymous->up()
#8 C:\\Users\\Mikasa Ackerman\\arymaid\\Arymaid\\vendor\\laravel\\framework\\src\\Illuminate\\Database\\Migrations\\Migrator.php(410): Illuminate\\Database\\Migrations\\Migrator->runMethod(Object(Illuminate\\Database\\MySqlConnection), Object(Illuminate\\Database\\Migrations\\Migration@anonymous), 'up')
#9 C:\\Users\\Mikasa Ackerman\\arymaid\\Arymaid\\vendor\\laravel\\framework\\src\\Illuminate\\Database\\Migrations\\Migrator.php(419): Illuminate\\Database\\Migrations\\Migrator->Illuminate\\Database\\Migrations\\{closure}()
#10 C:\\Users\\Mikasa Ackerman\\arymaid\\Arymaid\\vendor\\laravel\\framework\\src\\Illuminate\\Database\\Migrations\\Migrator.php(216): Illuminate\\Database\\Migrations\\Migrator->runMigration(Object(Illuminate\\Database\\Migrations\\Migration@anonymous), 'up')
#11 C:\\Users\\Mikasa Ackerman\\arymaid\\Arymaid\\vendor\\laravel\\framework\\src\\Illuminate\\Console\\View\\Components\\Task.php(36): Illuminate\\Database\\Migrations\\Migrator->Illuminate\\Database\\Migrations\\{closure}()
#12 C:\\Users\\Mikasa Ackerman\\arymaid\\Arymaid\\vendor\\laravel\\framework\\src\\Illuminate\\Database\\Migrations\\Migrator.php(755): Illuminate\\Console\\View\\Components\\Task->render('2023_03_10_1506...', Object(Closure))
#13 C:\\Users\\Mikasa Ackerman\\arymaid\\Arymaid\\vendor\\laravel\\framework\\src\\Illuminate\\Database\\Migrations\\Migrator.php(216): Illuminate\\Database\\Migrations\\Migrator->write('Illuminate\\\\Cons...', '2023_03_10_1506...', Object(Closure))
#14 C:\\Users\\Mikasa Ackerman\\arymaid\\Arymaid\\vendor\\laravel\\framework\\src\\Illuminate\\Database\\Migrations\\Migrator.php(181): Illuminate\\Database\\Migrations\\Migrator->runUp('C:\\\\Users\\\\Mikasa...', 1, false)
#15 C:\\Users\\Mikasa Ackerman\\arymaid\\Arymaid\\vendor\\laravel\\framework\\src\\Illuminate\\Database\\Migrations\\Migrator.php(124): Illuminate\\Database\\Migrations\\Migrator->runPending(Array, Array)
#16 C:\\Users\\Mikasa Ackerman\\arymaid\\Arymaid\\vendor\\laravel\\framework\\src\\Illuminate\\Database\\Console\\Migrations\\MigrateCommand.php(88): Illuminate\\Database\\Migrations\\Migrator->run(Array, Array)
#17 C:\\Users\\Mikasa Ackerman\\arymaid\\Arymaid\\vendor\\laravel\\framework\\src\\Illuminate\\Database\\Migrations\\Migrator.php(632): Illuminate\\Database\\Console\\Migrations\\MigrateCommand->Illuminate\\Database\\Console\\Migrations\\{closure}()
#18 C:\\Users\\Mikasa Ackerman\\arymaid\\Arymaid\\vendor\\laravel\\framework\\src\\Illuminate\\Database\\Console\\Migrations\\MigrateCommand.php(81): Illuminate\\Database\\Migrations\\Migrator->usingConnection(NULL, Object(Closure))
#19 C:\\Users\\Mikasa Ackerman\\arymaid\\Arymaid\\vendor\\laravel\\framework\\src\\Illuminate\\Container\\BoundMethod.php(36): Illuminate\\Database\\Console\\Migrations\\MigrateCommand->handle()
#20 C:\\Users\\Mikasa Ackerman\\arymaid\\Arymaid\\vendor\\laravel\\framework\\src\\Illuminate\\Container\\Util.php(41): Illuminate\\Container\\BoundMethod::Illuminate\\Container\\{closure}()
#21 C:\\Users\\Mikasa Ackerman\\arymaid\\Arymaid\\vendor\\laravel\\framework\\src\\Illuminate\\Container\\BoundMethod.php(93): Illuminate\\Container\\Util::unwrapIfClosure(Object(Closure))
#22 C:\\Users\\Mikasa Ackerman\\arymaid\\Arymaid\\vendor\\laravel\\framework\\src\\Illuminate\\Container\\BoundMethod.php(35): Illuminate\\Container\\BoundMethod::callBoundMethod(Object(Illuminate\\Foundation\\Application), Array, Object(Closure))
#23 C:\\Users\\Mikasa Ackerman\\arymaid\\Arymaid\\vendor\\laravel\\framework\\src\\Illuminate\\Container\\Container.php(661): Illuminate\\Container\\BoundMethod::call(Object(Illuminate\\Foundation\\Application), Array, Array, NULL)
#24 C:\\Users\\Mikasa Ackerman\\arymaid\\Arymaid\\vendor\\laravel\\framework\\src\\Illuminate\\Console\\Command.php(194): Illuminate\\Container\\Container->call(Array)
#25 C:\\Users\\Mikasa Ackerman\\arymaid\\Arymaid\\vendor\\symfony\\console\\Command\\Command.php(312): Illuminate\\Console\\Command->execute(Object(Symfony\\Component\\Console\\Input\\ArrayInput), Object(Illuminate\\Console\\OutputStyle))
#26 C:\\Users\\Mikasa Ackerman\\arymaid\\Arymaid\\vendor\\laravel\\framework\\src\\Illuminate\\Console\\Command.php(163): Symfony\\Component\\Console\\Command\\Command->run(Object(Symfony\\Component\\Console\\Input\\ArrayInput), Object(Illuminate\\Console\\OutputStyle))
#27 C:\\Users\\Mikasa Ackerman\\arymaid\\Arymaid\\vendor\\laravel\\framework\\src\\Illuminate\\Console\\Concerns\\CallsCommands.php(67): Illuminate\\Console\\Command->run(Object(Symfony\\Component\\Console\\Input\\ArrayInput), Object(Illuminate\\Console\\OutputStyle))
#28 C:\\Users\\Mikasa Ackerman\\arymaid\\Arymaid\\vendor\\laravel\\framework\\src\\Illuminate\\Console\\Concerns\\CallsCommands.php(28): Illuminate\\Console\\Command->runCommand('migrate', Array, Object(Illuminate\\Console\\OutputStyle))
#29 C:\\Users\\Mikasa Ackerman\\arymaid\\Arymaid\\vendor\\laravel\\framework\\src\\Illuminate\\Database\\Console\\Migrations\\FreshCommand.php(53): Illuminate\\Console\\Command->call('migrate', Array)
#30 C:\\Users\\Mikasa Ackerman\\arymaid\\Arymaid\\vendor\\laravel\\framework\\src\\Illuminate\\Container\\BoundMethod.php(36): Illuminate\\Database\\Console\\Migrations\\FreshCommand->handle()
#31 C:\\Users\\Mikasa Ackerman\\arymaid\\Arymaid\\vendor\\laravel\\framework\\src\\Illuminate\\Container\\Util.php(41): Illuminate\\Container\\BoundMethod::Illuminate\\Container\\{closure}()
#32 C:\\Users\\Mikasa Ackerman\\arymaid\\Arymaid\\vendor\\laravel\\framework\\src\\Illuminate\\Container\\BoundMethod.php(93): Illuminate\\Container\\Util::unwrapIfClosure(Object(Closure))
#33 C:\\Users\\Mikasa Ackerman\\arymaid\\Arymaid\\vendor\\laravel\\framework\\src\\Illuminate\\Container\\BoundMethod.php(35): Illuminate\\Container\\BoundMethod::callBoundMethod(Object(Illuminate\\Foundation\\Application), Array, Object(Closure))
#34 C:\\Users\\Mikasa Ackerman\\arymaid\\Arymaid\\vendor\\laravel\\framework\\src\\Illuminate\\Container\\Container.php(661): Illuminate\\Container\\BoundMethod::call(Object(Illuminate\\Foundation\\Application), Array, Array, NULL)
#35 C:\\Users\\Mikasa Ackerman\\arymaid\\Arymaid\\vendor\\laravel\\framework\\src\\Illuminate\\Console\\Command.php(194): Illuminate\\Container\\Container->call(Array)
#36 C:\\Users\\Mikasa Ackerman\\arymaid\\Arymaid\\vendor\\symfony\\console\\Command\\Command.php(312): Illuminate\\Console\\Command->execute(Object(Symfony\\Component\\Console\\Input\\ArgvInput), Object(Illuminate\\Console\\OutputStyle))
#37 C:\\Users\\Mikasa Ackerman\\arymaid\\Arymaid\\vendor\\laravel\\framework\\src\\Illuminate\\Console\\Command.php(163): Symfony\\Component\\Console\\Command\\Command->run(Object(Symfony\\Component\\Console\\Input\\ArgvInput), Object(Illuminate\\Console\\OutputStyle))
#38 C:\\Users\\Mikasa Ackerman\\arymaid\\Arymaid\\vendor\\symfony\\console\\Application.php(1022): Illuminate\\Console\\Command->run(Object(Symfony\\Component\\Console\\Input\\ArgvInput), Object(Symfony\\Component\\Console\\Output\\ConsoleOutput))
#39 C:\\Users\\Mikasa Ackerman\\arymaid\\Arymaid\\vendor\\symfony\\console\\Application.php(314): Symfony\\Component\\Console\\Application->doRunCommand(Object(Illuminate\\Database\\Console\\Migrations\\FreshCommand), Object(Symfony\\Component\\Console\\Input\\ArgvInput), Object(Symfony\\Component\\Console\\Output\\ConsoleOutput))
#40 C:\\Users\\Mikasa Ackerman\\arymaid\\Arymaid\\vendor\\symfony\\console\\Application.php(168): Symfony\\Component\\Console\\Application->doRun(Object(Symfony\\Component\\Console\\Input\\ArgvInput), Object(Symfony\\Component\\Console\\Output\\ConsoleOutput))
#41 C:\\Users\\Mikasa Ackerman\\arymaid\\Arymaid\\vendor\\laravel\\framework\\src\\Illuminate\\Console\\Application.php(102): Symfony\\Component\\Console\\Application->run(Object(Symfony\\Component\\Console\\Input\\ArgvInput), Object(Symfony\\Component\\Console\\Output\\ConsoleOutput))
#42 C:\\Users\\Mikasa Ackerman\\arymaid\\Arymaid\\vendor\\laravel\\framework\\src\\Illuminate\\Foundation\\Console\\Kernel.php(155): Illuminate\\Console\\Application->run(Object(Symfony\\Component\\Console\\Input\\ArgvInput), Object(Symfony\\Component\\Console\\Output\\ConsoleOutput))
#43 C:\\Users\\Mikasa Ackerman\\arymaid\\Arymaid\\artisan(35): Illuminate\\Foundation\\Console\\Kernel->handle(Object(Symfony\\Component\\Console\\Input\\ArgvInput), Object(Symfony\\Component\\Console\\Output\\ConsoleOutput))
#44 {main}

[previous exception] [object] (PDOException(code: HY000): SQLSTATE[HY000]: General error: 1005 Can't create table `arymaid`.`produits` (errno: 150 \"Foreign key constraint is incorrectly formed\") at C:\\Users\\Mikasa Ackerman\\arymaid\\Arymaid\\vendor\\laravel\\framework\\src\\Illuminate\\Database\\Connection.php:545)
[stacktrace]
#0 C:\\Users\\Mikasa Ackerman\\arymaid\\Arymaid\\vendor\\laravel\\framework\\src\\Illuminate\\Database\\Connection.php(545): PDOStatement->execute()
#1 C:\\Users\\Mikasa Ackerman\\arymaid\\Arymaid\\vendor\\laravel\\framework\\src\\Illuminate\\Database\\Connection.php(753): Illuminate\\Database\\Connection->Illuminate\\Database\\{closure}('alter table `pr...', Array)
#2 C:\\Users\\Mikasa Ackerman\\arymaid\\Arymaid\\vendor\\laravel\\framework\\src\\Illuminate\\Database\\Connection.php(720): Illuminate\\Database\\Connection->runQueryCallback('alter table `pr...', Array, Object(Closure))
#3 C:\\Users\\Mikasa Ackerman\\arymaid\\Arymaid\\vendor\\laravel\\framework\\src\\Illuminate\\Database\\Connection.php(534): Illuminate\\Database\\Connection->run('alter table `pr...', Array, Object(Closure))
#4 C:\\Users\\Mikasa Ackerman\\arymaid\\Arymaid\\vendor\\laravel\\framework\\src\\Illuminate\\Database\\Schema\\Blueprint.php(109): Illuminate\\Database\\Connection->statement('alter table `pr...')
#5 C:\\Users\\Mikasa Ackerman\\arymaid\\Arymaid\\vendor\\laravel\\framework\\src\\Illuminate\\Database\\Schema\\Builder.php(439): Illuminate\\Database\\Schema\\Blueprint->build(Object(Illuminate\\Database\\MySqlConnection), Object(Illuminate\\Database\\Schema\\Grammars\\MySqlGrammar))
#6 C:\\Users\\Mikasa Ackerman\\arymaid\\Arymaid\\vendor\\laravel\\framework\\src\\Illuminate\\Database\\Schema\\Builder.php(281): Illuminate\\Database\\Schema\\Builder->build(Object(Illuminate\\Database\\Schema\\Blueprint))
#7 C:\\Users\\Mikasa Ackerman\\arymaid\\Arymaid\\vendor\\laravel\\framework\\src\\Illuminate\\Support\\Facades\\Facade.php(353): Illuminate\\Database\\Schema\\Builder->create('produits', Object(Closure))
#8 C:\\Users\\Mikasa Ackerman\\arymaid\\Arymaid\\database\\migrations\\2023_03_10_150656_create_produits_table.php(14): Illuminate\\Support\\Facades\\Facade::__callStatic('create', Array)
#9 C:\\Users\\Mikasa Ackerman\\arymaid\\Arymaid\\vendor\\laravel\\framework\\src\\Illuminate\\Database\\Migrations\\Migrator.php(492): Illuminate\\Database\\Migrations\\Migration@anonymous->up()
#10 C:\\Users\\Mikasa Ackerman\\arymaid\\Arymaid\\vendor\\laravel\\framework\\src\\Illuminate\\Database\\Migrations\\Migrator.php(410): Illuminate\\Database\\Migrations\\Migrator->runMethod(Object(Illuminate\\Database\\MySqlConnection), Object(Illuminate\\Database\\Migrations\\Migration@anonymous), 'up')
#11 C:\\Users\\Mikasa Ackerman\\arymaid\\Arymaid\\vendor\\laravel\\framework\\src\\Illuminate\\Database\\Migrations\\Migrator.php(419): Illuminate\\Database\\Migrations\\Migrator->Illuminate\\Database\\Migrations\\{closure}()
#12 C:\\Users\\Mikasa Ackerman\\arymaid\\Arymaid\\vendor\\laravel\\framework\\src\\Illuminate\\Database\\Migrations\\Migrator.php(216): Illuminate\\Database\\Migrations\\Migrator->runMigration(Object(Illuminate\\Database\\Migrations\\Migration@anonymous), 'up')
#13 C:\\Users\\Mikasa Ackerman\\arymaid\\Arymaid\\vendor\\laravel\\framework\\src\\Illuminate\\Console\\View\\Components\\Task.php(36): Illuminate\\Database\\Migrations\\Migrator->Illuminate\\Database\\Migrations\\{closure}()
#14 C:\\Users\\Mikasa Ackerman\\arymaid\\Arymaid\\vendor\\laravel\\framework\\src\\Illuminate\\Database\\Migrations\\Migrator.php(755): Illuminate\\Console\\View\\Components\\Task->render('2023_03_10_1506...', Object(Closure))
#15 C:\\Users\\Mikasa Ackerman\\arymaid\\Arymaid\\vendor\\laravel\\framework\\src\\Illuminate\\Database\\Migrations\\Migrator.php(216): Illuminate\\Database\\Migrations\\Migrator->write('Illuminate\\\\Cons...', '2023_03_10_1506...', Object(Closure))
#16 C:\\Users\\Mikasa Ackerman\\arymaid\\Arymaid\\vendor\\laravel\\framework\\src\\Illuminate\\Database\\Migrations\\Migrator.php(181): Illuminate\\Database\\Migrations\\Migrator->runUp('C:\\\\Users\\\\Mikasa...', 1, false)
#17 C:\\Users\\Mikasa Ackerman\\arymaid\\Arymaid\\vendor\\laravel\\framework\\src\\Illuminate\\Database\\Migrations\\Migrator.php(124): Illuminate\\Database\\Migrations\\Migrator->runPending(Array, Array)
#18 C:\\Users\\Mikasa Ackerman\\arymaid\\Arymaid\\vendor\\laravel\\framework\\src\\Illuminate\\Database\\Console\\Migrations\\MigrateCommand.php(88): Illuminate\\Database\\Migrations\\Migrator->run(Array, Array)
#19 C:\\Users\\Mikasa Ackerman\\arymaid\\Arymaid\\vendor\\laravel\\framework\\src\\Illuminate\\Database\\Migrations\\Migrator.php(632): Illuminate\\Database\\Console\\Migrations\\MigrateCommand->Illuminate\\Database\\Console\\Migrations\\{closure}()
#20 C:\\Users\\Mikasa Ackerman\\arymaid\\Arymaid\\vendor\\laravel\\framework\\src\\Illuminate\\Database\\Console\\Migrations\\MigrateCommand.php(81): Illuminate\\Database\\Migrations\\Migrator->usingConnection(NULL, Object(Closure))
#21 C:\\Users\\Mikasa Ackerman\\arymaid\\Arymaid\\vendor\\laravel\\framework\\src\\Illuminate\\Container\\BoundMethod.php(36): Illuminate\\Database\\Console\\Migrations\\MigrateCommand->handle()
#22 C:\\Users\\Mikasa Ackerman\\arymaid\\Arymaid\\vendor\\laravel\\framework\\src\\Illuminate\\Container\\Util.php(41): Illuminate\\Container\\BoundMethod::Illuminate\\Container\\{closure}()
#23 C:\\Users\\Mikasa Ackerman\\arymaid\\Arymaid\\vendor\\laravel\\framework\\src\\Illuminate\\Container\\BoundMethod.php(93): Illuminate\\Container\\Util::unwrapIfClosure(Object(Closure))
#24 C:\\Users\\Mikasa Ackerman\\arymaid\\Arymaid\\vendor\\laravel\\framework\\src\\Illuminate\\Container\\BoundMethod.php(35): Illuminate\\Container\\BoundMethod::callBoundMethod(Object(Illuminate\\Foundation\\Application), Array, Object(Closure))
#25 C:\\Users\\Mikasa Ackerman\\arymaid\\Arymaid\\vendor\\laravel\\framework\\src\\Illuminate\\Container\\Container.php(661): Illuminate\\Container\\BoundMethod::call(Object(Illuminate\\Foundation\\Application), Array, Array, NULL)
#26 C:\\Users\\Mikasa Ackerman\\arymaid\\Arymaid\\vendor\\laravel\\framework\\src\\Illuminate\\Console\\Command.php(194): Illuminate\\Container\\Container->call(Array)
#27 C:\\Users\\Mikasa Ackerman\\arymaid\\Arymaid\\vendor\\symfony\\console\\Command\\Command.php(312): Illuminate\\Console\\Command->execute(Object(Symfony\\Component\\Console\\Input\\ArrayInput), Object(Illuminate\\Console\\OutputStyle))
#28 C:\\Users\\Mikasa Ackerman\\arymaid\\Arymaid\\vendor\\laravel\\framework\\src\\Illuminate\\Console\\Command.php(163): Symfony\\Component\\Console\\Command\\Command->run(Object(Symfony\\Component\\Console\\Input\\ArrayInput), Object(Illuminate\\Console\\OutputStyle))
#29 C:\\Users\\Mikasa Ackerman\\arymaid\\Arymaid\\vendor\\laravel\\framework\\src\\Illuminate\\Console\\Concerns\\CallsCommands.php(67): Illuminate\\Console\\Command->run(Object(Symfony\\Component\\Console\\Input\\ArrayInput), Object(Illuminate\\Console\\OutputStyle))
#30 C:\\Users\\Mikasa Ackerman\\arymaid\\Arymaid\\vendor\\laravel\\framework\\src\\Illuminate\\Console\\Concerns\\CallsCommands.php(28): Illuminate\\Console\\Command->runCommand('migrate', Array, Object(Illuminate\\Console\\OutputStyle))
#31 C:\\Users\\Mikasa Ackerman\\arymaid\\Arymaid\\vendor\\laravel\\framework\\src\\Illuminate\\Database\\Console\\Migrations\\FreshCommand.php(53): Illuminate\\Console\\Command->call('migrate', Array)
#32 C:\\Users\\Mikasa Ackerman\\arymaid\\Arymaid\\vendor\\laravel\\framework\\src\\Illuminate\\Container\\BoundMethod.php(36): Illuminate\\Database\\Console\\Migrations\\FreshCommand->handle()
#33 C:\\Users\\Mikasa Ackerman\\arymaid\\Arymaid\\vendor\\laravel\\framework\\src\\Illuminate\\Container\\Util.php(41): Illuminate\\Container\\BoundMethod::Illuminate\\Container\\{closure}()
#34 C:\\Users\\Mikasa Ackerman\\arymaid\\Arymaid\\vendor\\laravel\\framework\\src\\Illuminate\\Container\\BoundMethod.php(93): Illuminate\\Container\\Util::unwrapIfClosure(Object(Closure))
#35 C:\\Users\\Mikasa Ackerman\\arymaid\\Arymaid\\vendor\\laravel\\framework\\src\\Illuminate\\Container\\BoundMethod.php(35): Illuminate\\Container\\BoundMethod::callBoundMethod(Object(Illuminate\\Foundation\\Application), Array, Object(Closure))
#36 C:\\Users\\Mikasa Ackerman\\arymaid\\Arymaid\\vendor\\laravel\\framework\\src\\Illuminate\\Container\\Container.php(661): Illuminate\\Container\\BoundMethod::call(Object(Illuminate\\Foundation\\Application), Array, Array, NULL)
#37 C:\\Users\\Mikasa Ackerman\\arymaid\\Arymaid\\vendor\\laravel\\framework\\src\\Illuminate\\Console\\Command.php(194): Illuminate\\Container\\Container->call(Array)
#38 C:\\Users\\Mikasa Ackerman\\arymaid\\Arymaid\\vendor\\symfony\\console\\Command\\Command.php(312): Illuminate\\Console\\Command->execute(Object(Symfony\\Component\\Console\\Input\\ArgvInput), Object(Illuminate\\Console\\OutputStyle))
#39 C:\\Users\\Mikasa Ackerman\\arymaid\\Arymaid\\vendor\\laravel\\framework\\src\\Illuminate\\Console\\Command.php(163): Symfony\\Component\\Console\\Command\\Command->run(Object(Symfony\\Component\\Console\\Input\\ArgvInput), Object(Illuminate\\Console\\OutputStyle))
#40 C:\\Users\\Mikasa Ackerman\\arymaid\\Arymaid\\vendor\\symfony\\console\\Application.php(1022): Illuminate\\Console\\Command->run(Object(Symfony\\Component\\Console\\Input\\ArgvInput), Object(Symfony\\Component\\Console\\Output\\ConsoleOutput))
#41 C:\\Users\\Mikasa Ackerman\\arymaid\\Arymaid\\vendor\\symfony\\console\\Application.php(314): Symfony\\Component\\Console\\Application->doRunCommand(Object(Illuminate\\Database\\Console\\Migrations\\FreshCommand), Object(Symfony\\Component\\Console\\Input\\ArgvInput), Object(Symfony\\Component\\Console\\Output\\ConsoleOutput))
#42 C:\\Users\\Mikasa Ackerman\\arymaid\\Arymaid\\vendor\\symfony\\console\\Application.php(168): Symfony\\Component\\Console\\Application->doRun(Object(Symfony\\Component\\Console\\Input\\ArgvInput), Object(Symfony\\Component\\Console\\Output\\ConsoleOutput))
#43 C:\\Users\\Mikasa Ackerman\\arymaid\\Arymaid\\vendor\\laravel\\framework\\src\\Illuminate\\Console\\Application.php(102): Symfony\\Component\\Console\\Application->run(Object(Symfony\\Component\\Console\\Input\\ArgvInput), Object(Symfony\\Component\\Console\\Output\\ConsoleOutput))
#44 C:\\Users\\Mikasa Ackerman\\arymaid\\Arymaid\\vendor\\laravel\\framework\\src\\Illuminate\\Foundation\\Console\\Kernel.php(155): Illuminate\\Console\\Application->run(Object(Symfony\\Component\\Console\\Input\\ArgvInput), Object(Symfony\\Component\\Console\\Output\\ConsoleOutput))
#45 C:\\Users\\Mikasa Ackerman\\arymaid\\Arymaid\\artisan(35): Illuminate\\Foundation\\Console\\Kernel->handle(Object(Symfony\\Component\\Console\\Input\\ArgvInput), Object(Symfony\\Component\\Console\\Output\\ConsoleOutput))
#46 {main}
"} 
[2026-02-21 23:57:01] local.ERROR: Class "app\Models\categorie" not found {"exception":"[object] (Error(code: 0): Class \"app\\Models\\categorie\" not found at C:\\Users\\Mikasa Ackerman\\arymaid\\Arymaid\\vendor\\laravel\\framework\\src\\Illuminate\\Database\\Eloquent\\Concerns\\HasRelationships.php:793)
[stacktrace]
#0 C:\\Users\\Mikasa Ackerman\\arymaid\\Arymaid\\vendor\\laravel\\framework\\src\\Illuminate\\Database\\Eloquent\\Concerns\\HasRelationships.php(225): Illuminate\\Database\\Eloquent\\Model->newRelatedInstance('app\\\\Models\\\\cate...')
#1 C:\\Users\\Mikasa Ackerman\\arymaid\\Arymaid\\app\\Models\\produit.php(29): Illuminate\\Database\\Eloquent\\Model->belongsTo('app\\\\Models\\\\cate...', 'categorie_id')
#2 C:\\Users\\Mikasa Ackerman\\arymaid\\Arymaid\\vendor\\laravel\\framework\\src\\Illuminate\\Database\\Eloquent\\Builder.php(782): App\\Models\\produit->categorie_rel()
#3 C:\\Users\\Mikasa Ackerman\\arymaid\\Arymaid\\vendor\\laravel\\framework\\src\\Illuminate\\Database\\Eloquent\\Relations\\Relation.php(110): Illuminate\\Database\\Eloquent\\Builder->Illuminate\\Database\\Eloquent\\{closure}()
#4 C:\\Users\\Mikasa Ackerman\\arymaid\\Arymaid\\vendor\\laravel\\framework\\src\\Illuminate\\Database\\Eloquent\\Builder.php(780): Illuminate\\Database\\Eloquent\\Relations\\Relation::noConstraints(Object(Closure))
#5 C:\\Users\\Mikasa Ackerman\\arymaid\\Arymaid\\vendor\\laravel\\framework\\src\\Illuminate\\Database\\Eloquent\\Builder.php(754): Illuminate\\Database\\Eloquent\\Builder->getRelation('categorie_rel')
#6 C:\\Users\\Mikasa Ackerman\\arymaid\\Arymaid\\vendor\\laravel\\framework\\src\\Illuminate\\Database\\Eloquent\\Builder.php(734): Illuminate\\Database\\Eloquent\\Builder->eagerLoadRelation(Array, 'categorie_rel', Object(Closure))
#7 C:\\Users\\Mikasa Ackerman\\arymaid\\Arymaid\\vendor\\laravel\\framework\\src\\Illuminate\\Database\\Eloquent\\Builder.php(702): Illuminate\\Database\\Eloquent\\Builder->eagerLoadRelations(Array)
#8 C:\\Users\\Mikasa Ackerman\\arymaid\\Arymaid\\app\\Http\\Controllers\\HomeController.php(19): Illuminate\\Database\\Eloquent\\Builder->get()
#9 C:\\Users\\Mikasa Ackerman\\arymaid\\Arymaid\\vendor\\laravel\\framework\\src\\Illuminate\\Routing\\Controller.php(54): App\\Http\\Controllers\\HomeController->Home()
#10 C:\\Users\\Mikasa Ackerman\\arymaid\\Arymaid\\vendor\\laravel\\framework\\src\\Illuminate\\Routing\\ControllerDispatcher.php(43): Illuminate\\Routing\\Controller->callAction('Home', Array)
#11 C:\\Users\\Mikasa Ackerman\\arymaid\\Arymaid\\vendor\\laravel\\framework\\src\\Illuminate\\Routing\\Route.php(259): Illuminate\\Routing\\ControllerDispatcher->dispatch(Object(Illuminate\\Routing\\Route), Object(App\\Http\\Controllers\\HomeController), 'Home')
#12 C:\\Users\\Mikasa Ackerman\\arymaid\\Arymaid\\vendor\\laravel\\framework\\src\\Illuminate\\Routing\\Route.php(205): Illuminate\\Routing\\Route->runController()
#13 C:\\Users\\Mikasa Ackerman\\arymaid\\Arymaid\\vendor\\laravel\\framework\\src\\Illuminate\\Routing\\Router.php(798): Illuminate\\Routing\\Route->run()
#14 C:\\Users\\Mikasa Ackerman\\arymaid\\Arymaid\\vendor\\laravel\\framework\\src\\Illuminate\\Pipeline\\Pipeline.php(141): Illuminate\\Routing\\Router->Illuminate\\Routing\\{closure}(Object(Illuminate\\Http\\Request))
#15 C:\\Users\\Mikasa Ackerman\\arymaid\\Arymaid\\vendor\\laravel\\framework\\src\\Illuminate\\Routing\\Middleware\\SubstituteBindings.php(50): Illuminate\\Pipeline\\Pipeline->Illuminate\\Pipeline\\{closure}(Object(Illuminate\\Http\\Request))
#16 C:\\Users\\Mikasa Ackerman\\arymaid\\Arymaid\\vendor\\laravel\\framework\\src\\Illuminate\\Pipeline\\Pipeline.php(180): Illuminate\\Routing\\Middleware\\SubstituteBindings->handle(Object(Illuminate\\Http\\Request), Object(Closure))
#17 C:\\Users\\Mikasa Ackerman\\arymaid\\Arymaid\\vendor\\laravel\\framework\\src\\Illuminate\\Foundation\\Http\\Middleware\\VerifyCsrfToken.php(78): Illuminate\\Pipeline\\Pipeline->Illuminate\\Pipeline\\{closure}(Object(Illuminate\\Http\\Request))
#18 C:\\Users\\Mikasa Ackerman\\arymaid\\Arymaid\\vendor\\laravel\\framework\\src\\Illuminate\\Pipeline\\Pipeline.php(180): Illuminate\\Foundation\\Http\\Middleware\\VerifyCsrfToken->handle(Object(Illuminate\\Http\\Request), Object(Closure))
#19 C:\\Users\\Mikasa Ackerman\\arymaid\\Arymaid\\vendor\\laravel\\framework\\src\\Illuminate\\View\\Middleware\\ShareErrorsFromSession.php(49): Illuminate\\Pipeline\\Pipeline->Illuminate\\Pipeline\\{closure}(Object(Illuminate\\Http\\Request))
#20 C:\\Users\\Mikasa Ackerman\\arymaid\\Arymaid\\vendor\\laravel\\framework\\src\\Illuminate\\Pipeline\\Pipeline.php(180): Illuminate\\View\\Middleware\\ShareErrorsFromSession->handle(Object(Illuminate\\Http\\Request), Object(Closure))
#21 C:\\Users\\Mikasa Ackerman\\arymaid\\Arymaid\\vendor\\laravel\\framework\\src\\Illuminate\\Session\\Middleware\\StartSession.php(121): Illuminate\\Pipeline\\Pipeline->Illuminate\\Pipeline\\{closure}(Object(Illuminate\\Http\\Request))
#22 C:\\Users\\Mikasa Ackerman\\arymaid\\Arymaid\\vendor\\laravel\\framework\\src\\Illuminate\\Session\\Middleware\\StartSession.php(64): Illuminate\\Session\\Middleware\\StartSession->handleStatefulRequest(Object(Illuminate\\Http\\Request), Object(Illuminate\\Session\\Store), Object(Closure))
#23 C:\\Users\\Mikasa Ackerman\\arymaid\\Arymaid\\vendor\\laravel\\framework\\src\\Illuminate\\Pipeline\\Pipeline.php(180): Illuminate\\Session\\Middleware\\StartSession->handle(Object(Illuminate\\Http\\Request), Object(Closure))
#24 C:\\Users\\Mikasa Ackerman\\arymaid\\Arymaid\\vendor\\laravel\\framework\\src\\Illuminate\\Cookie\\Middleware\\AddQueuedCookiesToResponse.php(37): Illuminate\\Pipeline\\Pipeline->Illuminate\\Pipeline\\{closure}(Object(Illuminate\\Http\\Request))
#25 C:\\Users\\Mikasa Ackerman\\arymaid\\Arymaid\\vendor\\laravel\\framework\\src\\Illuminate\\Pipeline\\Pipeline.php(180): Illuminate\\Cookie\\Middleware\\AddQueuedCookiesToResponse->handle(Object(Illuminate\\Http\\Request), Object(Closure))
#26 C:\\Users\\Mikasa Ackerman\\arymaid\\Arymaid\\vendor\\laravel\\framework\\src\\Illuminate\\Cookie\\Middleware\\EncryptCookies.php(67): Illuminate\\Pipeline\\Pipeline->Illuminate\\Pipeline\\{closure}(Object(Illuminate\\Http\\Request))
#27 C:\\Users\\Mikasa Ackerman\\arymaid\\Arymaid\\vendor\\laravel\\framework\\src\\Illuminate\\Pipeline\\Pipeline.php(180): Illuminate\\Cookie\\Middleware\\EncryptCookies->handle(Object(Illuminate\\Http\\Request), Object(Closure))
#28 C:\\Users\\Mikasa Ackerman\\arymaid\\Arymaid\\vendor\\laravel\\framework\\src\\Illuminate\\Pipeline\\Pipeline.php(116): Illuminate\\Pipeline\\Pipeline->Illuminate\\Pipeline\\{closure}(Object(Illuminate\\Http\\Request))
#29 C:\\Users\\Mikasa Ackerman\\arymaid\\Arymaid\\vendor\\laravel\\framework\\src\\Illuminate\\Routing\\Router.php(797): Illuminate\\Pipeline\\Pipeline->then(Object(Closure))
#30 C:\\Users\\Mikasa Ackerman\\arymaid\\Arymaid\\vendor\\laravel\\framework\\src\\Illuminate\\Routing\\Router.php(776): Illuminate\\Routing\\Router->runRouteWithinStack(Object(Illuminate\\Routing\\Route), Object(Illuminate\\Http\\Request))
#31 C:\\Users\\Mikasa Ackerman\\arymaid\\Arymaid\\vendor\\laravel\\framework\\src\\Illuminate\\Routing\\Router.php(740): Illuminate\\Routing\\Router->runRoute(Object(Illuminate\\Http\\Request), Object(Illuminate\\Routing\\Route))
#32 C:\\Users\\Mikasa Ackerman\\arymaid\\Arymaid\\vendor\\laravel\\framework\\src\\Illuminate\\Routing\\Router.php(729): Illuminate\\Routing\\Router->dispatchToRoute(Object(Illuminate\\Http\\Request))
#33 C:\\Users\\Mikasa Ackerman\\arymaid\\Arymaid\\vendor\\laravel\\framework\\src\\Illuminate\\Foundation\\Http\\Kernel.php(200): Illuminate\\Routing\\Router->dispatch(Object(Illuminate\\Http\\Request))
#34 C:\\Users\\Mikasa Ackerman\\arymaid\\Arymaid\\vendor\\laravel\\framework\\src\\Illuminate\\Pipeline\\Pipeline.php(141): Illuminate\\Foundation\\Http\\Kernel->Illuminate\\Foundation\\Http\\{closure}(Object(Illuminate\\Http\\Request))
#35 C:\\Users\\Mikasa Ackerman\\arymaid\\Arymaid\\vendor\\laravel\\framework\\src\\Illuminate\\Foundation\\Http\\Middleware\\TransformsRequest.php(21): Illuminate\\Pipeline\\Pipeline->Illuminate\\Pipeline\\{closure}(Object(Illuminate\\Http\\Request))
#36 C:\\Users\\Mikasa Ackerman\\arymaid\\Arymaid\\vendor\\laravel\\framework\\src\\Illuminate\\Foundation\\Http\\Middleware\\ConvertEmptyStringsToNull.php(31): Illuminate\\Foundation\\Http\\Middleware\\TransformsRequest->handle(Object(Illuminate\\Http\\Request), Object(Closure))
#37 C:\\Users\\Mikasa Ackerman\\arymaid\\Arymaid\\vendor\\laravel\\framework\\src\\Illuminate\\Pipeline\\Pipeline.php(180): Illuminate\\Foundation\\Http\\Middleware\\ConvertEmptyStringsToNull->handle(Object(Illuminate\\Http\\Request), Object(Closure))
#38 C:\\Users\\Mikasa Ackerman\\arymaid\\Arymaid\\vendor\\laravel\\framework\\src\\Illuminate\\Foundation\\Http\\Middleware\\TransformsRequest.php(21): Illuminate\\Pipeline\\Pipeline->Illuminate\\Pipeline\\{closure}(Object(Illuminate\\Http\\Request))
#39 C:\\Users\\Mikasa Ackerman\\arymaid\\Arymaid\\vendor\\laravel\\framework\\src\\Illuminate\\Foundation\\Http\\Middleware\\TrimStrings.php(40): Illuminate\\Foundation\\Http\\Middleware\\TransformsRequest->handle(Object(Illuminate\\Http\\Request), Object(Closure))
#40 C:\\Users\\Mikasa Ackerman\\arymaid\\Arymaid\\vendor\\laravel\\framework\\src\\Illuminate\\Pipeline\\Pipeline.php(180): Illuminate\\Foundation\\Http\\Middleware\\TrimStrings->handle(Object(Illuminate\\Http\\Request), Object(Closure))
#41 C:\\Users\\Mikasa Ackerman\\arymaid\\Arymaid\\vendor\\laravel\\framework\\src\\Illuminate\\Foundation\\Http\\Middleware\\ValidatePostSize.php(27): Illuminate\\Pipeline\\Pipeline->Illuminate\\Pipeline\\{closure}(Object(Illuminate\\Http\\Request))
#42 C:\\Users\\Mikasa Ackerman\\arymaid\\Arymaid\\vendor\\laravel\\framework\\src\\Illuminate\\Pipeline\\Pipeline.php(180): Illuminate\\Foundation\\Http\\Middleware\\ValidatePostSize->handle(Object(Illuminate\\Http\\Request), Object(Closure))
#43 C:\\Users\\Mikasa Ackerman\\arymaid\\Arymaid\\vendor\\laravel\\framework\\src\\Illuminate\\Foundation\\Http\\Middleware\\PreventRequestsDuringMaintenance.php(86): Illuminate\\Pipeline\\Pipeline->Illuminate\\Pipeline\\{closure}(Object(Illuminate\\Http\\Request))
#44 C:\\Users\\Mikasa Ackerman\\arymaid\\Arymaid\\vendor\\laravel\\framework\\src\\Illuminate\\Pipeline\\Pipeline.php(180): Illuminate\\Foundation\\Http\\Middleware\\PreventRequestsDuringMaintenance->handle(Object(Illuminate\\Http\\Request), Object(Closure))
#45 C:\\Users\\Mikasa Ackerman\\arymaid\\Arymaid\\vendor\\laravel\\framework\\src\\Illuminate\\Http\\Middleware\\HandleCors.php(49): Illuminate\\Pipeline\\Pipeline->Illuminate\\Pipeline\\{closure}(Object(Illuminate\\Http\\Request))
#46 C:\\Users\\Mikasa Ackerman\\arymaid\\Arymaid\\vendor\\laravel\\framework\\src\\Illuminate\\Pipeline\\Pipeline.php(180): Illuminate\\Http\\Middleware\\HandleCors->handle(Object(Illuminate\\Http\\Request), Object(Closure))
#47 C:\\Users\\Mikasa Ackerman\\arymaid\\Arymaid\\vendor\\laravel\\framework\\src\\Illuminate\\Http\\Middleware\\TrustProxies.php(39): Illuminate\\Pipeline\\Pipeline->Illuminate\\Pipeline\\{closure}(Object(Illuminate\\Http\\Request))
#48 C:\\Users\\Mikasa Ackerman\\arymaid\\Arymaid\\vendor\\laravel\\framework\\src\\Illuminate\\Pipeline\\Pipeline.php(180): Illuminate\\Http\\Middleware\\TrustProxies->handle(Object(Illuminate\\Http\\Request), Object(Closure))
#49 C:\\Users\\Mikasa Ackerman\\arymaid\\Arymaid\\vendor\\laravel\\framework\\src\\Illuminate\\Pipeline\\Pipeline.php(116): Illuminate\\Pipeline\\Pipeline->Illuminate\\Pipeline\\{closure}(Object(Illuminate\\Http\\Request))
#50 C:\\Users\\Mikasa Ackerman\\arymaid\\Arymaid\\vendor\\laravel\\framework\\src\\Illuminate\\Foundation\\Http\\Kernel.php(175): Illuminate\\Pipeline\\Pipeline->then(Object(Closure))
#51 C:\\Users\\Mikasa Ackerman\\arymaid\\Arymaid\\vendor\\laravel\\framework\\src\\Illuminate\\Foundation\\Http\\Kernel.php(144): Illuminate\\Foundation\\Http\\Kernel->sendRequestThroughRouter(Object(Illuminate\\Http\\Request))
#52 C:\\Users\\Mikasa Ackerman\\arymaid\\Arymaid\\public\\index.php(51): Illuminate\\Foundation\\Http\\Kernel->handle(Object(Illuminate\\Http\\Request))
#53 C:\\Users\\Mikasa Ackerman\\arymaid\\Arymaid\\vendor\\laravel\\framework\\src\\Illuminate\\Foundation\\resources\\server.php(16): require_once('C:\\\\Users\\\\Mikasa...')
#54 {main}
"} 
[2026-02-21 23:57:53] local.ERROR: Class "app\Models\categorie" not found {"exception":"[object] (Error(code: 0): Class \"app\\Models\\categorie\" not found at C:\\Users\\Mikasa Ackerman\\arymaid\\Arymaid\\vendor\\laravel\\framework\\src\\Illuminate\\Database\\Eloquent\\Concerns\\HasRelationships.php:793)
[stacktrace]
#0 C:\\Users\\Mikasa Ackerman\\arymaid\\Arymaid\\vendor\\laravel\\framework\\src\\Illuminate\\Database\\Eloquent\\Concerns\\HasRelationships.php(225): Illuminate\\Database\\Eloquent\\Model->newRelatedInstance('app\\\\Models\\\\cate...')
#1 C:\\Users\\Mikasa Ackerman\\arymaid\\Arymaid\\app\\Models\\produit.php(29): Illuminate\\Database\\Eloquent\\Model->belongsTo('app\\\\Models\\\\cate...', 'categorie_id')
#2 C:\\Users\\Mikasa Ackerman\\arymaid\\Arymaid\\vendor\\laravel\\framework\\src\\Illuminate\\Database\\Eloquent\\Builder.php(782): App\\Models\\produit->categorie_rel()
#3 C:\\Users\\Mikasa Ackerman\\arymaid\\Arymaid\\vendor\\laravel\\framework\\src\\Illuminate\\Database\\Eloquent\\Relations\\Relation.php(110): Illuminate\\Database\\Eloquent\\Builder->Illuminate\\Database\\Eloquent\\{closure}()
#4 C:\\Users\\Mikasa Ackerman\\arymaid\\Arymaid\\vendor\\laravel\\framework\\src\\Illuminate\\Database\\Eloquent\\Builder.php(780): Illuminate\\Database\\Eloquent\\Relations\\Relation::noConstraints(Object(Closure))
#5 C:\\Users\\Mikasa Ackerman\\arymaid\\Arymaid\\vendor\\laravel\\framework\\src\\Illuminate\\Database\\Eloquent\\Builder.php(754): Illuminate\\Database\\Eloquent\\Builder->getRelation('categorie_rel')
#6 C:\\Users\\Mikasa Ackerman\\arymaid\\Arymaid\\vendor\\laravel\\framework\\src\\Illuminate\\Database\\Eloquent\\Builder.php(734): Illuminate\\Database\\Eloquent\\Builder->eagerLoadRelation(Array, 'categorie_rel', Object(Closure))
#7 C:\\Users\\Mikasa Ackerman\\arymaid\\Arymaid\\vendor\\laravel\\framework\\src\\Illuminate\\Database\\Eloquent\\Builder.php(702): Illuminate\\Database\\Eloquent\\Builder->eagerLoadRelations(Array)
#8 C:\\Users\\Mikasa Ackerman\\arymaid\\Arymaid\\app\\Http\\Controllers\\HomeController.php(19): Illuminate\\Database\\Eloquent\\Builder->get()
#9 C:\\Users\\Mikasa Ackerman\\arymaid\\Arymaid\\vendor\\laravel\\framework\\src\\Illuminate\\Routing\\Controller.php(54): App\\Http\\Controllers\\HomeController->Home()
#10 C:\\Users\\Mikasa Ackerman\\arymaid\\Arymaid\\vendor\\laravel\\framework\\src\\Illuminate\\Routing\\ControllerDispatcher.php(43): Illuminate\\Routing\\Controller->callAction('Home', Array)
#11 C:\\Users\\Mikasa Ackerman\\arymaid\\Arymaid\\vendor\\laravel\\framework\\src\\Illuminate\\Routing\\Route.php(259): Illuminate\\Routing\\ControllerDispatcher->dispatch(Object(Illuminate\\Routing\\Route), Object(App\\Http\\Controllers\\HomeController), 'Home')
#12 C:\\Users\\Mikasa Ackerman\\arymaid\\Arymaid\\vendor\\laravel\\framework\\src\\Illuminate\\Routing\\Route.php(205): Illuminate\\Routing\\Route->runController()
#13 C:\\Users\\Mikasa Ackerman\\arymaid\\Arymaid\\vendor\\laravel\\framework\\src\\Illuminate\\Routing\\Router.php(798): Illuminate\\Routing\\Route->run()
#14 C:\\Users\\Mikasa Ackerman\\arymaid\\Arymaid\\vendor\\laravel\\framework\\src\\Illuminate\\Pipeline\\Pipeline.php(141): Illuminate\\Routing\\Router->Illuminate\\Routing\\{closure}(Object(Illuminate\\Http\\Request))
#15 C:\\Users\\Mikasa Ackerman\\arymaid\\Arymaid\\vendor\\laravel\\framework\\src\\Illuminate\\Routing\\Middleware\\SubstituteBindings.php(50): Illuminate\\Pipeline\\Pipeline->Illuminate\\Pipeline\\{closure}(Object(Illuminate\\Http\\Request))
#16 C:\\Users\\Mikasa Ackerman\\arymaid\\Arymaid\\vendor\\laravel\\framework\\src\\Illuminate\\Pipeline\\Pipeline.php(180): Illuminate\\Routing\\Middleware\\SubstituteBindings->handle(Object(Illuminate\\Http\\Request), Object(Closure))
#17 C:\\Users\\Mikasa Ackerman\\arymaid\\Arymaid\\vendor\\laravel\\framework\\src\\Illuminate\\Foundation\\Http\\Middleware\\VerifyCsrfToken.php(78): Illuminate\\Pipeline\\Pipeline->Illuminate\\Pipeline\\{closure}(Object(Illuminate\\Http\\Request))
#18 C:\\Users\\Mikasa Ackerman\\arymaid\\Arymaid\\vendor\\laravel\\framework\\src\\Illuminate\\Pipeline\\Pipeline.php(180): Illuminate\\Foundation\\Http\\Middleware\\VerifyCsrfToken->handle(Object(Illuminate\\Http\\Request), Object(Closure))
#19 C:\\Users\\Mikasa Ackerman\\arymaid\\Arymaid\\vendor\\laravel\\framework\\src\\Illuminate\\View\\Middleware\\ShareErrorsFromSession.php(49): Illuminate\\Pipeline\\Pipeline->Illuminate\\Pipeline\\{closure}(Object(Illuminate\\Http\\Request))
#20 C:\\Users\\Mikasa Ackerman\\arymaid\\Arymaid\\vendor\\laravel\\framework\\src\\Illuminate\\Pipeline\\Pipeline.php(180): Illuminate\\View\\Middleware\\ShareErrorsFromSession->handle(Object(Illuminate\\Http\\Request), Object(Closure))
#21 C:\\Users\\Mikasa Ackerman\\arymaid\\Arymaid\\vendor\\laravel\\framework\\src\\Illuminate\\Session\\Middleware\\StartSession.php(121): Illuminate\\Pipeline\\Pipeline->Illuminate\\Pipeline\\{closure}(Object(Illuminate\\Http\\Request))
#22 C:\\Users\\Mikasa Ackerman\\arymaid\\Arymaid\\vendor\\laravel\\framework\\src\\Illuminate\\Session\\Middleware\\StartSession.php(64): Illuminate\\Session\\Middleware\\StartSession->handleStatefulRequest(Object(Illuminate\\Http\\Request), Object(Illuminate\\Session\\Store), Object(Closure))
#23 C:\\Users\\Mikasa Ackerman\\arymaid\\Arymaid\\vendor\\laravel\\framework\\src\\Illuminate\\Pipeline\\Pipeline.php(180): Illuminate\\Session\\Middleware\\StartSession->handle(Object(Illuminate\\Http\\Request), Object(Closure))
#24 C:\\Users\\Mikasa Ackerman\\arymaid\\Arymaid\\vendor\\laravel\\framework\\src\\Illuminate\\Cookie\\Middleware\\AddQueuedCookiesToResponse.php(37): Illuminate\\Pipeline\\Pipeline->Illuminate\\Pipeline\\{closure}(Object(Illuminate\\Http\\Request))
#25 C:\\Users\\Mikasa Ackerman\\arymaid\\Arymaid\\vendor\\laravel\\framework\\src\\Illuminate\\Pipeline\\Pipeline.php(180): Illuminate\\Cookie\\Middleware\\AddQueuedCookiesToResponse->handle(Object(Illuminate\\Http\\Request), Object(Closure))
#26 C:\\Users\\Mikasa Ackerman\\arymaid\\Arymaid\\vendor\\laravel\\framework\\src\\Illuminate\\Cookie\\Middleware\\EncryptCookies.php(67): Illuminate\\Pipeline\\Pipeline->Illuminate\\Pipeline\\{closure}(Object(Illuminate\\Http\\Request))
#27 C:\\Users\\Mikasa Ackerman\\arymaid\\Arymaid\\vendor\\laravel\\framework\\src\\Illuminate\\Pipeline\\Pipeline.php(180): Illuminate\\Cookie\\Middleware\\EncryptCookies->handle(Object(Illuminate\\Http\\Request), Object(Closure))
#28 C:\\Users\\Mikasa Ackerman\\arymaid\\Arymaid\\vendor\\laravel\\framework\\src\\Illuminate\\Pipeline\\Pipeline.php(116): Illuminate\\Pipeline\\Pipeline->Illuminate\\Pipeline\\{closure}(Object(Illuminate\\Http\\Request))
#29 C:\\Users\\Mikasa Ackerman\\arymaid\\Arymaid\\vendor\\laravel\\framework\\src\\Illuminate\\Routing\\Router.php(797): Illuminate\\Pipeline\\Pipeline->then(Object(Closure))
#30 C:\\Users\\Mikasa Ackerman\\arymaid\\Arymaid\\vendor\\laravel\\framework\\src\\Illuminate\\Routing\\Router.php(776): Illuminate\\Routing\\Router->runRouteWithinStack(Object(Illuminate\\Routing\\Route), Object(Illuminate\\Http\\Request))
#31 C:\\Users\\Mikasa Ackerman\\arymaid\\Arymaid\\vendor\\laravel\\framework\\src\\Illuminate\\Routing\\Router.php(740): Illuminate\\Routing\\Router->runRoute(Object(Illuminate\\Http\\Request), Object(Illuminate\\Routing\\Route))
#32 C:\\Users\\Mikasa Ackerman\\arymaid\\Arymaid\\vendor\\laravel\\framework\\src\\Illuminate\\Routing\\Router.php(729): Illuminate\\Routing\\Router->dispatchToRoute(Object(Illuminate\\Http\\Request))
#33 C:\\Users\\Mikasa Ackerman\\arymaid\\Arymaid\\vendor\\laravel\\framework\\src\\Illuminate\\Foundation\\Http\\Kernel.php(200): Illuminate\\Routing\\Router->dispatch(Object(Illuminate\\Http\\Request))
#34 C:\\Users\\Mikasa Ackerman\\arymaid\\Arymaid\\vendor\\laravel\\framework\\src\\Illuminate\\Pipeline\\Pipeline.php(141): Illuminate\\Foundation\\Http\\Kernel->Illuminate\\Foundation\\Http\\{closure}(Object(Illuminate\\Http\\Request))
#35 C:\\Users\\Mikasa Ackerman\\arymaid\\Arymaid\\vendor\\laravel\\framework\\src\\Illuminate\\Foundation\\Http\\Middleware\\TransformsRequest.php(21): Illuminate\\Pipeline\\Pipeline->Illuminate\\Pipeline\\{closure}(Object(Illuminate\\Http\\Request))
#36 C:\\Users\\Mikasa Ackerman\\arymaid\\Arymaid\\vendor\\laravel\\framework\\src\\Illuminate\\Foundation\\Http\\Middleware\\ConvertEmptyStringsToNull.php(31): Illuminate\\Foundation\\Http\\Middleware\\TransformsRequest->handle(Object(Illuminate\\Http\\Request), Object(Closure))
#37 C:\\Users\\Mikasa Ackerman\\arymaid\\Arymaid\\vendor\\laravel\\framework\\src\\Illuminate\\Pipeline\\Pipeline.php(180): Illuminate\\Foundation\\Http\\Middleware\\ConvertEmptyStringsToNull->handle(Object(Illuminate\\Http\\Request), Object(Closure))
#38 C:\\Users\\Mikasa Ackerman\\arymaid\\Arymaid\\vendor\\laravel\\framework\\src\\Illuminate\\Foundation\\Http\\Middleware\\TransformsRequest.php(21): Illuminate\\Pipeline\\Pipeline->Illuminate\\Pipeline\\{closure}(Object(Illuminate\\Http\\Request))
#39 C:\\Users\\Mikasa Ackerman\\arymaid\\Arymaid\\vendor\\laravel\\framework\\src\\Illuminate\\Foundation\\Http\\Middleware\\TrimStrings.php(40): Illuminate\\Foundation\\Http\\Middleware\\TransformsRequest->handle(Object(Illuminate\\Http\\Request), Object(Closure))
#40 C:\\Users\\Mikasa Ackerman\\arymaid\\Arymaid\\vendor\\laravel\\framework\\src\\Illuminate\\Pipeline\\Pipeline.php(180): Illuminate\\Foundation\\Http\\Middleware\\TrimStrings->handle(Object(Illuminate\\Http\\Request), Object(Closure))
#41 C:\\Users\\Mikasa Ackerman\\arymaid\\Arymaid\\vendor\\laravel\\framework\\src\\Illuminate\\Foundation\\Http\\Middleware\\ValidatePostSize.php(27): Illuminate\\Pipeline\\Pipeline->Illuminate\\Pipeline\\{closure}(Object(Illuminate\\Http\\Request))
#42 C:\\Users\\Mikasa Ackerman\\arymaid\\Arymaid\\vendor\\laravel\\framework\\src\\Illuminate\\Pipeline\\Pipeline.php(180): Illuminate\\Foundation\\Http\\Middleware\\ValidatePostSize->handle(Object(Illuminate\\Http\\Request), Object(Closure))
#43 C:\\Users\\Mikasa Ackerman\\arymaid\\Arymaid\\vendor\\laravel\\framework\\src\\Illuminate\\Foundation\\Http\\Middleware\\PreventRequestsDuringMaintenance.php(86): Illuminate\\Pipeline\\Pipeline->Illuminate\\Pipeline\\{closure}(Object(Illuminate\\Http\\Request))
#44 C:\\Users\\Mikasa Ackerman\\arymaid\\Arymaid\\vendor\\laravel\\framework\\src\\Illuminate\\Pipeline\\Pipeline.php(180): Illuminate\\Foundation\\Http\\Middleware\\PreventRequestsDuringMaintenance->handle(Object(Illuminate\\Http\\Request), Object(Closure))
#45 C:\\Users\\Mikasa Ackerman\\arymaid\\Arymaid\\vendor\\laravel\\framework\\src\\Illuminate\\Http\\Middleware\\HandleCors.php(49): Illuminate\\Pipeline\\Pipeline->Illuminate\\Pipeline\\{closure}(Object(Illuminate\\Http\\Request))
#46 C:\\Users\\Mikasa Ackerman\\arymaid\\Arymaid\\vendor\\laravel\\framework\\src\\Illuminate\\Pipeline\\Pipeline.php(180): Illuminate\\Http\\Middleware\\HandleCors->handle(Object(Illuminate\\Http\\Request), Object(Closure))
#47 C:\\Users\\Mikasa Ackerman\\arymaid\\Arymaid\\vendor\\laravel\\framework\\src\\Illuminate\\Http\\Middleware\\TrustProxies.php(39): Illuminate\\Pipeline\\Pipeline->Illuminate\\Pipeline\\{closure}(Object(Illuminate\\Http\\Request))
#48 C:\\Users\\Mikasa Ackerman\\arymaid\\Arymaid\\vendor\\laravel\\framework\\src\\Illuminate\\Pipeline\\Pipeline.php(180): Illuminate\\Http\\Middleware\\TrustProxies->handle(Object(Illuminate\\Http\\Request), Object(Closure))
#49 C:\\Users\\Mikasa Ackerman\\arymaid\\Arymaid\\vendor\\laravel\\framework\\src\\Illuminate\\Pipeline\\Pipeline.php(116): Illuminate\\Pipeline\\Pipeline->Illuminate\\Pipeline\\{closure}(Object(Illuminate\\Http\\Request))
#50 C:\\Users\\Mikasa Ackerman\\arymaid\\Arymaid\\vendor\\laravel\\framework\\src\\Illuminate\\Foundation\\Http\\Kernel.php(175): Illuminate\\Pipeline\\Pipeline->then(Object(Closure))
#51 C:\\Users\\Mikasa Ackerman\\arymaid\\Arymaid\\vendor\\laravel\\framework\\src\\Illuminate\\Foundation\\Http\\Kernel.php(144): Illuminate\\Foundation\\Http\\Kernel->sendRequestThroughRouter(Object(Illuminate\\Http\\Request))
#52 C:\\Users\\Mikasa Ackerman\\arymaid\\Arymaid\\public\\index.php(51): Illuminate\\Foundation\\Http\\Kernel->handle(Object(Illuminate\\Http\\Request))
#53 C:\\Users\\Mikasa Ackerman\\arymaid\\Arymaid\\vendor\\laravel\\framework\\src\\Illuminate\\Foundation\\resources\\server.php(16): require_once('C:\\\\Users\\\\Mikasa...')
#54 {main}
"} 
[2026-02-21 23:57:56] local.ERROR: Class "app\Models\categorie" not found {"exception":"[object] (Error(code: 0): Class \"app\\Models\\categorie\" not found at C:\\Users\\Mikasa Ackerman\\arymaid\\Arymaid\\vendor\\laravel\\framework\\src\\Illuminate\\Database\\Eloquent\\Concerns\\HasRelationships.php:793)
[stacktrace]
#0 C:\\Users\\Mikasa Ackerman\\arymaid\\Arymaid\\vendor\\laravel\\framework\\src\\Illuminate\\Database\\Eloquent\\Concerns\\HasRelationships.php(225): Illuminate\\Database\\Eloquent\\Model->newRelatedInstance('app\\\\Models\\\\cate...')
#1 C:\\Users\\Mikasa Ackerman\\arymaid\\Arymaid\\app\\Models\\produit.php(29): Illuminate\\Database\\Eloquent\\Model->belongsTo('app\\\\Models\\\\cate...', 'categorie_id')
#2 C:\\Users\\Mikasa Ackerman\\arymaid\\Arymaid\\vendor\\laravel\\framework\\src\\Illuminate\\Database\\Eloquent\\Builder.php(782): App\\Models\\produit->categorie_rel()
#3 C:\\Users\\Mikasa Ackerman\\arymaid\\Arymaid\\vendor\\laravel\\framework\\src\\Illuminate\\Database\\Eloquent\\Relations\\Relation.php(110): Illuminate\\Database\\Eloquent\\Builder->Illuminate\\Database\\Eloquent\\{closure}()
#4 C:\\Users\\Mikasa Ackerman\\arymaid\\Arymaid\\vendor\\laravel\\framework\\src\\Illuminate\\Database\\Eloquent\\Builder.php(780): Illuminate\\Database\\Eloquent\\Relations\\Relation::noConstraints(Object(Closure))
#5 C:\\Users\\Mikasa Ackerman\\arymaid\\Arymaid\\vendor\\laravel\\framework\\src\\Illuminate\\Database\\Eloquent\\Builder.php(754): Illuminate\\Database\\Eloquent\\Builder->getRelation('categorie_rel')
#6 C:\\Users\\Mikasa Ackerman\\arymaid\\Arymaid\\vendor\\laravel\\framework\\src\\Illuminate\\Database\\Eloquent\\Builder.php(734): Illuminate\\Database\\Eloquent\\Builder->eagerLoadRelation(Array, 'categorie_rel', Object(Closure))
#7 C:\\Users\\Mikasa Ackerman\\arymaid\\Arymaid\\vendor\\laravel\\framework\\src\\Illuminate\\Database\\Eloquent\\Builder.php(702): Illuminate\\Database\\Eloquent\\Builder->eagerLoadRelations(Array)
#8 C:\\Users\\Mikasa Ackerman\\arymaid\\Arymaid\\app\\Http\\Controllers\\HomeController.php(19): Illuminate\\Database\\Eloquent\\Builder->get()
#9 C:\\Users\\Mikasa Ackerman\\arymaid\\Arymaid\\vendor\\laravel\\framework\\src\\Illuminate\\Routing\\Controller.php(54): App\\Http\\Controllers\\HomeController->Home()
#10 C:\\Users\\Mikasa Ackerman\\arymaid\\Arymaid\\vendor\\laravel\\framework\\src\\Illuminate\\Routing\\ControllerDispatcher.php(43): Illuminate\\Routing\\Controller->callAction('Home', Array)
#11 C:\\Users\\Mikasa Ackerman\\arymaid\\Arymaid\\vendor\\laravel\\framework\\src\\Illuminate\\Routing\\Route.php(259): Illuminate\\Routing\\ControllerDispatcher->dispatch(Object(Illuminate\\Routing\\Route), Object(App\\Http\\Controllers\\HomeController), 'Home')
#12 C:\\Users\\Mikasa Ackerman\\arymaid\\Arymaid\\vendor\\laravel\\framework\\src\\Illuminate\\Routing\\Route.php(205): Illuminate\\Routing\\Route->runController()
#13 C:\\Users\\Mikasa Ackerman\\arymaid\\Arymaid\\vendor\\laravel\\framework\\src\\Illuminate\\Routing\\Router.php(798): Illuminate\\Routing\\Route->run()
#14 C:\\Users\\Mikasa Ackerman\\arymaid\\Arymaid\\vendor\\laravel\\framework\\src\\Illuminate\\Pipeline\\Pipeline.php(141): Illuminate\\Routing\\Router->Illuminate\\Routing\\{closure}(Object(Illuminate\\Http\\Request))
#15 C:\\Users\\Mikasa Ackerman\\arymaid\\Arymaid\\vendor\\laravel\\framework\\src\\Illuminate\\Routing\\Middleware\\SubstituteBindings.php(50): Illuminate\\Pipeline\\Pipeline->Illuminate\\Pipeline\\{closure}(Object(Illuminate\\Http\\Request))
#16 C:\\Users\\Mikasa Ackerman\\arymaid\\Arymaid\\vendor\\laravel\\framework\\src\\Illuminate\\Pipeline\\Pipeline.php(180): Illuminate\\Routing\\Middleware\\SubstituteBindings->handle(Object(Illuminate\\Http\\Request), Object(Closure))
#17 C:\\Users\\Mikasa Ackerman\\arymaid\\Arymaid\\vendor\\laravel\\framework\\src\\Illuminate\\Foundation\\Http\\Middleware\\VerifyCsrfToken.php(78): Illuminate\\Pipeline\\Pipeline->Illuminate\\Pipeline\\{closure}(Object(Illuminate\\Http\\Request))
#18 C:\\Users\\Mikasa Ackerman\\arymaid\\Arymaid\\vendor\\laravel\\framework\\src\\Illuminate\\Pipeline\\Pipeline.php(180): Illuminate\\Foundation\\Http\\Middleware\\VerifyCsrfToken->handle(Object(Illuminate\\Http\\Request), Object(Closure))
#19 C:\\Users\\Mikasa Ackerman\\arymaid\\Arymaid\\vendor\\laravel\\framework\\src\\Illuminate\\View\\Middleware\\ShareErrorsFromSession.php(49): Illuminate\\Pipeline\\Pipeline->Illuminate\\Pipeline\\{closure}(Object(Illuminate\\Http\\Request))
#20 C:\\Users\\Mikasa Ackerman\\arymaid\\Arymaid\\vendor\\laravel\\framework\\src\\Illuminate\\Pipeline\\Pipeline.php(180): Illuminate\\View\\Middleware\\ShareErrorsFromSession->handle(Object(Illuminate\\Http\\Request), Object(Closure))
#21 C:\\Users\\Mikasa Ackerman\\arymaid\\Arymaid\\vendor\\laravel\\framework\\src\\Illuminate\\Session\\Middleware\\StartSession.php(121): Illuminate\\Pipeline\\Pipeline->Illuminate\\Pipeline\\{closure}(Object(Illuminate\\Http\\Request))
#22 C:\\Users\\Mikasa Ackerman\\arymaid\\Arymaid\\vendor\\laravel\\framework\\src\\Illuminate\\Session\\Middleware\\StartSession.php(64): Illuminate\\Session\\Middleware\\StartSession->handleStatefulRequest(Object(Illuminate\\Http\\Request), Object(Illuminate\\Session\\Store), Object(Closure))
#23 C:\\Users\\Mikasa Ackerman\\arymaid\\Arymaid\\vendor\\laravel\\framework\\src\\Illuminate\\Pipeline\\Pipeline.php(180): Illuminate\\Session\\Middleware\\StartSession->handle(Object(Illuminate\\Http\\Request), Object(Closure))
#24 C:\\Users\\Mikasa Ackerman\\arymaid\\Arymaid\\vendor\\laravel\\framework\\src\\Illuminate\\Cookie\\Middleware\\AddQueuedCookiesToResponse.php(37): Illuminate\\Pipeline\\Pipeline->Illuminate\\Pipeline\\{closure}(Object(Illuminate\\Http\\Request))
#25 C:\\Users\\Mikasa Ackerman\\arymaid\\Arymaid\\vendor\\laravel\\framework\\src\\Illuminate\\Pipeline\\Pipeline.php(180): Illuminate\\Cookie\\Middleware\\AddQueuedCookiesToResponse->handle(Object(Illuminate\\Http\\Request), Object(Closure))
#26 C:\\Users\\Mikasa Ackerman\\arymaid\\Arymaid\\vendor\\laravel\\framework\\src\\Illuminate\\Cookie\\Middleware\\EncryptCookies.php(67): Illuminate\\Pipeline\\Pipeline->Illuminate\\Pipeline\\{closure}(Object(Illuminate\\Http\\Request))
#27 C:\\Users\\Mikasa Ackerman\\arymaid\\Arymaid\\vendor\\laravel\\framework\\src\\Illuminate\\Pipeline\\Pipeline.php(180): Illuminate\\Cookie\\Middleware\\EncryptCookies->handle(Object(Illuminate\\Http\\Request), Object(Closure))
#28 C:\\Users\\Mikasa Ackerman\\arymaid\\Arymaid\\vendor\\laravel\\framework\\src\\Illuminate\\Pipeline\\Pipeline.php(116): Illuminate\\Pipeline\\Pipeline->Illuminate\\Pipeline\\{closure}(Object(Illuminate\\Http\\Request))
#29 C:\\Users\\Mikasa Ackerman\\arymaid\\Arymaid\\vendor\\laravel\\framework\\src\\Illuminate\\Routing\\Router.php(797): Illuminate\\Pipeline\\Pipeline->then(Object(Closure))
#30 C:\\Users\\Mikasa Ackerman\\arymaid\\Arymaid\\vendor\\laravel\\framework\\src\\Illuminate\\Routing\\Router.php(776): Illuminate\\Routing\\Router->runRouteWithinStack(Object(Illuminate\\Routing\\Route), Object(Illuminate\\Http\\Request))
#31 C:\\Users\\Mikasa Ackerman\\arymaid\\Arymaid\\vendor\\laravel\\framework\\src\\Illuminate\\Routing\\Router.php(740): Illuminate\\Routing\\Router->runRoute(Object(Illuminate\\Http\\Request), Object(Illuminate\\Routing\\Route))
#32 C:\\Users\\Mikasa Ackerman\\arymaid\\Arymaid\\vendor\\laravel\\framework\\src\\Illuminate\\Routing\\Router.php(729): Illuminate\\Routing\\Router->dispatchToRoute(Object(Illuminate\\Http\\Request))
#33 C:\\Users\\Mikasa Ackerman\\arymaid\\Arymaid\\vendor\\laravel\\framework\\src\\Illuminate\\Foundation\\Http\\Kernel.php(200): Illuminate\\Routing\\Router->dispatch(Object(Illuminate\\Http\\Request))
#34 C:\\Users\\Mikasa Ackerman\\arymaid\\Arymaid\\vendor\\laravel\\framework\\src\\Illuminate\\Pipeline\\Pipeline.php(141): Illuminate\\Foundation\\Http\\Kernel->Illuminate\\Foundation\\Http\\{closure}(Object(Illuminate\\Http\\Request))
#35 C:\\Users\\Mikasa Ackerman\\arymaid\\Arymaid\\vendor\\laravel\\framework\\src\\Illuminate\\Foundation\\Http\\Middleware\\TransformsRequest.php(21): Illuminate\\Pipeline\\Pipeline->Illuminate\\Pipeline\\{closure}(Object(Illuminate\\Http\\Request))
#36 C:\\Users\\Mikasa Ackerman\\arymaid\\Arymaid\\vendor\\laravel\\framework\\src\\Illuminate\\Foundation\\Http\\Middleware\\ConvertEmptyStringsToNull.php(31): Illuminate\\Foundation\\Http\\Middleware\\TransformsRequest->handle(Object(Illuminate\\Http\\Request), Object(Closure))
#37 C:\\Users\\Mikasa Ackerman\\arymaid\\Arymaid\\vendor\\laravel\\framework\\src\\Illuminate\\Pipeline\\Pipeline.php(180): Illuminate\\Foundation\\Http\\Middleware\\ConvertEmptyStringsToNull->handle(Object(Illuminate\\Http\\Request), Object(Closure))
#38 C:\\Users\\Mikasa Ackerman\\arymaid\\Arymaid\\vendor\\laravel\\framework\\src\\Illuminate\\Foundation\\Http\\Middleware\\TransformsRequest.php(21): Illuminate\\Pipeline\\Pipeline->Illuminate\\Pipeline\\{closure}(Object(Illuminate\\Http\\Request))
#39 C:\\Users\\Mikasa Ackerman\\arymaid\\Arymaid\\vendor\\laravel\\framework\\src\\Illuminate\\Foundation\\Http\\Middleware\\TrimStrings.php(40): Illuminate\\Foundation\\Http\\Middleware\\TransformsRequest->handle(Object(Illuminate\\Http\\Request), Object(Closure))
#40 C:\\Users\\Mikasa Ackerman\\arymaid\\Arymaid\\vendor\\laravel\\framework\\src\\Illuminate\\Pipeline\\Pipeline.php(180): Illuminate\\Foundation\\Http\\Middleware\\TrimStrings->handle(Object(Illuminate\\Http\\Request), Object(Closure))
#41 C:\\Users\\Mikasa Ackerman\\arymaid\\Arymaid\\vendor\\laravel\\framework\\src\\Illuminate\\Foundation\\Http\\Middleware\\ValidatePostSize.php(27): Illuminate\\Pipeline\\Pipeline->Illuminate\\Pipeline\\{closure}(Object(Illuminate\\Http\\Request))
#42 C:\\Users\\Mikasa Ackerman\\arymaid\\Arymaid\\vendor\\laravel\\framework\\src\\Illuminate\\Pipeline\\Pipeline.php(180): Illuminate\\Foundation\\Http\\Middleware\\ValidatePostSize->handle(Object(Illuminate\\Http\\Request), Object(Closure))
#43 C:\\Users\\Mikasa Ackerman\\arymaid\\Arymaid\\vendor\\laravel\\framework\\src\\Illuminate\\Foundation\\Http\\Middleware\\PreventRequestsDuringMaintenance.php(86): Illuminate\\Pipeline\\Pipeline->Illuminate\\Pipeline\\{closure}(Object(Illuminate\\Http\\Request))
#44 C:\\Users\\Mikasa Ackerman\\arymaid\\Arymaid\\vendor\\laravel\\framework\\src\\Illuminate\\Pipeline\\Pipeline.php(180): Illuminate\\Foundation\\Http\\Middleware\\PreventRequestsDuringMaintenance->handle(Object(Illuminate\\Http\\Request), Object(Closure))
#45 C:\\Users\\Mikasa Ackerman\\arymaid\\Arymaid\\vendor\\laravel\\framework\\src\\Illuminate\\Http\\Middleware\\HandleCors.php(49): Illuminate\\Pipeline\\Pipeline->Illuminate\\Pipeline\\{closure}(Object(Illuminate\\Http\\Request))
#46 C:\\Users\\Mikasa Ackerman\\arymaid\\Arymaid\\vendor\\laravel\\framework\\src\\Illuminate\\Pipeline\\Pipeline.php(180): Illuminate\\Http\\Middleware\\HandleCors->handle(Object(Illuminate\\Http\\Request), Object(Closure))
#47 C:\\Users\\Mikasa Ackerman\\arymaid\\Arymaid\\vendor\\laravel\\framework\\src\\Illuminate\\Http\\Middleware\\TrustProxies.php(39): Illuminate\\Pipeline\\Pipeline->Illuminate\\Pipeline\\{closure}(Object(Illuminate\\Http\\Request))
#48 C:\\Users\\Mikasa Ackerman\\arymaid\\Arymaid\\vendor\\laravel\\framework\\src\\Illuminate\\Pipeline\\Pipeline.php(180): Illuminate\\Http\\Middleware\\TrustProxies->handle(Object(Illuminate\\Http\\Request), Object(Closure))
#49 C:\\Users\\Mikasa Ackerman\\arymaid\\Arymaid\\vendor\\laravel\\framework\\src\\Illuminate\\Pipeline\\Pipeline.php(116): Illuminate\\Pipeline\\Pipeline->Illuminate\\Pipeline\\{closure}(Object(Illuminate\\Http\\Request))
#50 C:\\Users\\Mikasa Ackerman\\arymaid\\Arymaid\\vendor\\laravel\\framework\\src\\Illuminate\\Foundation\\Http\\Kernel.php(175): Illuminate\\Pipeline\\Pipeline->then(Object(Closure))
#51 C:\\Users\\Mikasa Ackerman\\arymaid\\Arymaid\\vendor\\laravel\\framework\\src\\Illuminate\\Foundation\\Http\\Kernel.php(144): Illuminate\\Foundation\\Http\\Kernel->sendRequestThroughRouter(Object(Illuminate\\Http\\Request))
#52 C:\\Users\\Mikasa Ackerman\\arymaid\\Arymaid\\public\\index.php(51): Illuminate\\Foundation\\Http\\Kernel->handle(Object(Illuminate\\Http\\Request))
#53 C:\\Users\\Mikasa Ackerman\\arymaid\\Arymaid\\vendor\\laravel\\framework\\src\\Illuminate\\Foundation\\resources\\server.php(16): require_once('C:\\\\Users\\\\Mikasa...')
#54 {main}
"} 
[2026-02-21 23:57:58] local.ERROR: Class "app\Models\categorie" not found {"exception":"[object] (Error(code: 0): Class \"app\\Models\\categorie\" not found at C:\\Users\\Mikasa Ackerman\\arymaid\\Arymaid\\vendor\\laravel\\framework\\src\\Illuminate\\Database\\Eloquent\\Concerns\\HasRelationships.php:793)
[stacktrace]
#0 C:\\Users\\Mikasa Ackerman\\arymaid\\Arymaid\\vendor\\laravel\\framework\\src\\Illuminate\\Database\\Eloquent\\Concerns\\HasRelationships.php(225): Illuminate\\Database\\Eloquent\\Model->newRelatedInstance('app\\\\Models\\\\cate...')
#1 C:\\Users\\Mikasa Ackerman\\arymaid\\Arymaid\\app\\Models\\produit.php(29): Illuminate\\Database\\Eloquent\\Model->belongsTo('app\\\\Models\\\\cate...', 'categorie_id')
#2 C:\\Users\\Mikasa Ackerman\\arymaid\\Arymaid\\vendor\\laravel\\framework\\src\\Illuminate\\Database\\Eloquent\\Builder.php(782): App\\Models\\produit->categorie_rel()
#3 C:\\Users\\Mikasa Ackerman\\arymaid\\Arymaid\\vendor\\laravel\\framework\\src\\Illuminate\\Database\\Eloquent\\Relations\\Relation.php(110): Illuminate\\Database\\Eloquent\\Builder->Illuminate\\Database\\Eloquent\\{closure}()
#4 C:\\Users\\Mikasa Ackerman\\arymaid\\Arymaid\\vendor\\laravel\\framework\\src\\Illuminate\\Database\\Eloquent\\Builder.php(780): Illuminate\\Database\\Eloquent\\Relations\\Relation::noConstraints(Object(Closure))
#5 C:\\Users\\Mikasa Ackerman\\arymaid\\Arymaid\\vendor\\laravel\\framework\\src\\Illuminate\\Database\\Eloquent\\Builder.php(754): Illuminate\\Database\\Eloquent\\Builder->getRelation('categorie_rel')
#6 C:\\Users\\Mikasa Ackerman\\arymaid\\Arymaid\\vendor\\laravel\\framework\\src\\Illuminate\\Database\\Eloquent\\Builder.php(734): Illuminate\\Database\\Eloquent\\Builder->eagerLoadRelation(Array, 'categorie_rel', Object(Closure))
#7 C:\\Users\\Mikasa Ackerman\\arymaid\\Arymaid\\vendor\\laravel\\framework\\src\\Illuminate\\Database\\Eloquent\\Builder.php(702): Illuminate\\Database\\Eloquent\\Builder->eagerLoadRelations(Array)
#8 C:\\Users\\Mikasa Ackerman\\arymaid\\Arymaid\\app\\Http\\Controllers\\HomeController.php(19): Illuminate\\Database\\Eloquent\\Builder->get()
#9 C:\\Users\\Mikasa Ackerman\\arymaid\\Arymaid\\vendor\\laravel\\framework\\src\\Illuminate\\Routing\\Controller.php(54): App\\Http\\Controllers\\HomeController->Home()
#10 C:\\Users\\Mikasa Ackerman\\arymaid\\Arymaid\\vendor\\laravel\\framework\\src\\Illuminate\\Routing\\ControllerDispatcher.php(43): Illuminate\\Routing\\Controller->callAction('Home', Array)
#11 C:\\Users\\Mikasa Ackerman\\arymaid\\Arymaid\\vendor\\laravel\\framework\\src\\Illuminate\\Routing\\Route.php(259): Illuminate\\Routing\\ControllerDispatcher->dispatch(Object(Illuminate\\Routing\\Route), Object(App\\Http\\Controllers\\HomeController), 'Home')
#12 C:\\Users\\Mikasa Ackerman\\arymaid\\Arymaid\\vendor\\laravel\\framework\\src\\Illuminate\\Routing\\Route.php(205): Illuminate\\Routing\\Route->runController()
#13 C:\\Users\\Mikasa Ackerman\\arymaid\\Arymaid\\vendor\\laravel\\framework\\src\\Illuminate\\Routing\\Router.php(798): Illuminate\\Routing\\Route->run()
#14 C:\\Users\\Mikasa Ackerman\\arymaid\\Arymaid\\vendor\\laravel\\framework\\src\\Illuminate\\Pipeline\\Pipeline.php(141): Illuminate\\Routing\\Router->Illuminate\\Routing\\{closure}(Object(Illuminate\\Http\\Request))
#15 C:\\Users\\Mikasa Ackerman\\arymaid\\Arymaid\\vendor\\laravel\\framework\\src\\Illuminate\\Routing\\Middleware\\SubstituteBindings.php(50): Illuminate\\Pipeline\\Pipeline->Illuminate\\Pipeline\\{closure}(Object(Illuminate\\Http\\Request))
#16 C:\\Users\\Mikasa Ackerman\\arymaid\\Arymaid\\vendor\\laravel\\framework\\src\\Illuminate\\Pipeline\\Pipeline.php(180): Illuminate\\Routing\\Middleware\\SubstituteBindings->handle(Object(Illuminate\\Http\\Request), Object(Closure))
#17 C:\\Users\\Mikasa Ackerman\\arymaid\\Arymaid\\vendor\\laravel\\framework\\src\\Illuminate\\Foundation\\Http\\Middleware\\VerifyCsrfToken.php(78): Illuminate\\Pipeline\\Pipeline->Illuminate\\Pipeline\\{closure}(Object(Illuminate\\Http\\Request))
#18 C:\\Users\\Mikasa Ackerman\\arymaid\\Arymaid\\vendor\\laravel\\framework\\src\\Illuminate\\Pipeline\\Pipeline.php(180): Illuminate\\Foundation\\Http\\Middleware\\VerifyCsrfToken->handle(Object(Illuminate\\Http\\Request), Object(Closure))
#19 C:\\Users\\Mikasa Ackerman\\arymaid\\Arymaid\\vendor\\laravel\\framework\\src\\Illuminate\\View\\Middleware\\ShareErrorsFromSession.php(49): Illuminate\\Pipeline\\Pipeline->Illuminate\\Pipeline\\{closure}(Object(Illuminate\\Http\\Request))
#20 C:\\Users\\Mikasa Ackerman\\arymaid\\Arymaid\\vendor\\laravel\\framework\\src\\Illuminate\\Pipeline\\Pipeline.php(180): Illuminate\\View\\Middleware\\ShareErrorsFromSession->handle(Object(Illuminate\\Http\\Request), Object(Closure))
#21 C:\\Users\\Mikasa Ackerman\\arymaid\\Arymaid\\vendor\\laravel\\framework\\src\\Illuminate\\Session\\Middleware\\StartSession.php(121): Illuminate\\Pipeline\\Pipeline->Illuminate\\Pipeline\\{closure}(Object(Illuminate\\Http\\Request))
#22 C:\\Users\\Mikasa Ackerman\\arymaid\\Arymaid\\vendor\\laravel\\framework\\src\\Illuminate\\Session\\Middleware\\StartSession.php(64): Illuminate\\Session\\Middleware\\StartSession->handleStatefulRequest(Object(Illuminate\\Http\\Request), Object(Illuminate\\Session\\Store), Object(Closure))
#23 C:\\Users\\Mikasa Ackerman\\arymaid\\Arymaid\\vendor\\laravel\\framework\\src\\Illuminate\\Pipeline\\Pipeline.php(180): Illuminate\\Session\\Middleware\\StartSession->handle(Object(Illuminate\\Http\\Request), Object(Closure))
#24 C:\\Users\\Mikasa Ackerman\\arymaid\\Arymaid\\vendor\\laravel\\framework\\src\\Illuminate\\Cookie\\Middleware\\AddQueuedCookiesToResponse.php(37): Illuminate\\Pipeline\\Pipeline->Illuminate\\Pipeline\\{closure}(Object(Illuminate\\Http\\Request))
#25 C:\\Users\\Mikasa Ackerman\\arymaid\\Arymaid\\vendor\\laravel\\framework\\src\\Illuminate\\Pipeline\\Pipeline.php(180): Illuminate\\Cookie\\Middleware\\AddQueuedCookiesToResponse->handle(Object(Illuminate\\Http\\Request), Object(Closure))
#26 C:\\Users\\Mikasa Ackerman\\arymaid\\Arymaid\\vendor\\laravel\\framework\\src\\Illuminate\\Cookie\\Middleware\\EncryptCookies.php(67): Illuminate\\Pipeline\\Pipeline->Illuminate\\Pipeline\\{closure}(Object(Illuminate\\Http\\Request))
#27 C:\\Users\\Mikasa Ackerman\\arymaid\\Arymaid\\vendor\\laravel\\framework\\src\\Illuminate\\Pipeline\\Pipeline.php(180): Illuminate\\Cookie\\Middleware\\EncryptCookies->handle(Object(Illuminate\\Http\\Request), Object(Closure))
#28 C:\\Users\\Mikasa Ackerman\\arymaid\\Arymaid\\vendor\\laravel\\framework\\src\\Illuminate\\Pipeline\\Pipeline.php(116): Illuminate\\Pipeline\\Pipeline->Illuminate\\Pipeline\\{closure}(Object(Illuminate\\Http\\Request))
#29 C:\\Users\\Mikasa Ackerman\\arymaid\\Arymaid\\vendor\\laravel\\framework\\src\\Illuminate\\Routing\\Router.php(797): Illuminate\\Pipeline\\Pipeline->then(Object(Closure))
#30 C:\\Users\\Mikasa Ackerman\\arymaid\\Arymaid\\vendor\\laravel\\framework\\src\\Illuminate\\Routing\\Router.php(776): Illuminate\\Routing\\Router->runRouteWithinStack(Object(Illuminate\\Routing\\Route), Object(Illuminate\\Http\\Request))
#31 C:\\Users\\Mikasa Ackerman\\arymaid\\Arymaid\\vendor\\laravel\\framework\\src\\Illuminate\\Routing\\Router.php(740): Illuminate\\Routing\\Router->runRoute(Object(Illuminate\\Http\\Request), Object(Illuminate\\Routing\\Route))
#32 C:\\Users\\Mikasa Ackerman\\arymaid\\Arymaid\\vendor\\laravel\\framework\\src\\Illuminate\\Routing\\Router.php(729): Illuminate\\Routing\\Router->dispatchToRoute(Object(Illuminate\\Http\\Request))
#33 C:\\Users\\Mikasa Ackerman\\arymaid\\Arymaid\\vendor\\laravel\\framework\\src\\Illuminate\\Foundation\\Http\\Kernel.php(200): Illuminate\\Routing\\Router->dispatch(Object(Illuminate\\Http\\Request))
#34 C:\\Users\\Mikasa Ackerman\\arymaid\\Arymaid\\vendor\\laravel\\framework\\src\\Illuminate\\Pipeline\\Pipeline.php(141): Illuminate\\Foundation\\Http\\Kernel->Illuminate\\Foundation\\Http\\{closure}(Object(Illuminate\\Http\\Request))
#35 C:\\Users\\Mikasa Ackerman\\arymaid\\Arymaid\\vendor\\laravel\\framework\\src\\Illuminate\\Foundation\\Http\\Middleware\\TransformsRequest.php(21): Illuminate\\Pipeline\\Pipeline->Illuminate\\Pipeline\\{closure}(Object(Illuminate\\Http\\Request))
#36 C:\\Users\\Mikasa Ackerman\\arymaid\\Arymaid\\vendor\\laravel\\framework\\src\\Illuminate\\Foundation\\Http\\Middleware\\ConvertEmptyStringsToNull.php(31): Illuminate\\Foundation\\Http\\Middleware\\TransformsRequest->handle(Object(Illuminate\\Http\\Request), Object(Closure))
#37 C:\\Users\\Mikasa Ackerman\\arymaid\\Arymaid\\vendor\\laravel\\framework\\src\\Illuminate\\Pipeline\\Pipeline.php(180): Illuminate\\Foundation\\Http\\Middleware\\ConvertEmptyStringsToNull->handle(Object(Illuminate\\Http\\Request), Object(Closure))
#38 C:\\Users\\Mikasa Ackerman\\arymaid\\Arymaid\\vendor\\laravel\\framework\\src\\Illuminate\\Foundation\\Http\\Middleware\\TransformsRequest.php(21): Illuminate\\Pipeline\\Pipeline->Illuminate\\Pipeline\\{closure}(Object(Illuminate\\Http\\Request))
#39 C:\\Users\\Mikasa Ackerman\\arymaid\\Arymaid\\vendor\\laravel\\framework\\src\\Illuminate\\Foundation\\Http\\Middleware\\TrimStrings.php(40): Illuminate\\Foundation\\Http\\Middleware\\TransformsRequest->handle(Object(Illuminate\\Http\\Request), Object(Closure))
#40 C:\\Users\\Mikasa Ackerman\\arymaid\\Arymaid\\vendor\\laravel\\framework\\src\\Illuminate\\Pipeline\\Pipeline.php(180): Illuminate\\Foundation\\Http\\Middleware\\TrimStrings->handle(Object(Illuminate\\Http\\Request), Object(Closure))
#41 C:\\Users\\Mikasa Ackerman\\arymaid\\Arymaid\\vendor\\laravel\\framework\\src\\Illuminate\\Foundation\\Http\\Middleware\\ValidatePostSize.php(27): Illuminate\\Pipeline\\Pipeline->Illuminate\\Pipeline\\{closure}(Object(Illuminate\\Http\\Request))
#42 C:\\Users\\Mikasa Ackerman\\arymaid\\Arymaid\\vendor\\laravel\\framework\\src\\Illuminate\\Pipeline\\Pipeline.php(180): Illuminate\\Foundation\\Http\\Middleware\\ValidatePostSize->handle(Object(Illuminate\\Http\\Request), Object(Closure))
#43 C:\\Users\\Mikasa Ackerman\\arymaid\\Arymaid\\vendor\\laravel\\framework\\src\\Illuminate\\Foundation\\Http\\Middleware\\PreventRequestsDuringMaintenance.php(86): Illuminate\\Pipeline\\Pipeline->Illuminate\\Pipeline\\{closure}(Object(Illuminate\\Http\\Request))
#44 C:\\Users\\Mikasa Ackerman\\arymaid\\Arymaid\\vendor\\laravel\\framework\\src\\Illuminate\\Pipeline\\Pipeline.php(180): Illuminate\\Foundation\\Http\\Middleware\\PreventRequestsDuringMaintenance->handle(Object(Illuminate\\Http\\Request), Object(Closure))
#45 C:\\Users\\Mikasa Ackerman\\arymaid\\Arymaid\\vendor\\laravel\\framework\\src\\Illuminate\\Http\\Middleware\\HandleCors.php(49): Illuminate\\Pipeline\\Pipeline->Illuminate\\Pipeline\\{closure}(Object(Illuminate\\Http\\Request))
#46 C:\\Users\\Mikasa Ackerman\\arymaid\\Arymaid\\vendor\\laravel\\framework\\src\\Illuminate\\Pipeline\\Pipeline.php(180): Illuminate\\Http\\Middleware\\HandleCors->handle(Object(Illuminate\\Http\\Request), Object(Closure))
#47 C:\\Users\\Mikasa Ackerman\\arymaid\\Arymaid\\vendor\\laravel\\framework\\src\\Illuminate\\Http\\Middleware\\TrustProxies.php(39): Illuminate\\Pipeline\\Pipeline->Illuminate\\Pipeline\\{closure}(Object(Illuminate\\Http\\Request))
#48 C:\\Users\\Mikasa Ackerman\\arymaid\\Arymaid\\vendor\\laravel\\framework\\src\\Illuminate\\Pipeline\\Pipeline.php(180): Illuminate\\Http\\Middleware\\TrustProxies->handle(Object(Illuminate\\Http\\Request), Object(Closure))
#49 C:\\Users\\Mikasa Ackerman\\arymaid\\Arymaid\\vendor\\laravel\\framework\\src\\Illuminate\\Pipeline\\Pipeline.php(116): Illuminate\\Pipeline\\Pipeline->Illuminate\\Pipeline\\{closure}(Object(Illuminate\\Http\\Request))
#50 C:\\Users\\Mikasa Ackerman\\arymaid\\Arymaid\\vendor\\laravel\\framework\\src\\Illuminate\\Foundation\\Http\\Kernel.php(175): Illuminate\\Pipeline\\Pipeline->then(Object(Closure))
#51 C:\\Users\\Mikasa Ackerman\\arymaid\\Arymaid\\vendor\\laravel\\framework\\src\\Illuminate\\Foundation\\Http\\Kernel.php(144): Illuminate\\Foundation\\Http\\Kernel->sendRequestThroughRouter(Object(Illuminate\\Http\\Request))
#52 C:\\Users\\Mikasa Ackerman\\arymaid\\Arymaid\\public\\index.php(51): Illuminate\\Foundation\\Http\\Kernel->handle(Object(Illuminate\\Http\\Request))
#53 C:\\Users\\Mikasa Ackerman\\arymaid\\Arymaid\\vendor\\laravel\\framework\\src\\Illuminate\\Foundation\\resources\\server.php(16): require_once('C:\\\\Users\\\\Mikasa...')
#54 {main}
"} 
[2026-02-21 23:58:00] local.ERROR: Class "app\Models\categorie" not found {"exception":"[object] (Error(code: 0): Class \"app\\Models\\categorie\" not found at C:\\Users\\Mikasa Ackerman\\arymaid\\Arymaid\\vendor\\laravel\\framework\\src\\Illuminate\\Database\\Eloquent\\Concerns\\HasRelationships.php:793)
[stacktrace]
#0 C:\\Users\\Mikasa Ackerman\\arymaid\\Arymaid\\vendor\\laravel\\framework\\src\\Illuminate\\Database\\Eloquent\\Concerns\\HasRelationships.php(225): Illuminate\\Database\\Eloquent\\Model->newRelatedInstance('app\\\\Models\\\\cate...')
#1 C:\\Users\\Mikasa Ackerman\\arymaid\\Arymaid\\app\\Models\\produit.php(29): Illuminate\\Database\\Eloquent\\Model->belongsTo('app\\\\Models\\\\cate...', 'categorie_id')
#2 C:\\Users\\Mikasa Ackerman\\arymaid\\Arymaid\\vendor\\laravel\\framework\\src\\Illuminate\\Database\\Eloquent\\Builder.php(782): App\\Models\\produit->categorie_rel()
#3 C:\\Users\\Mikasa Ackerman\\arymaid\\Arymaid\\vendor\\laravel\\framework\\src\\Illuminate\\Database\\Eloquent\\Relations\\Relation.php(110): Illuminate\\Database\\Eloquent\\Builder->Illuminate\\Database\\Eloquent\\{closure}()
#4 C:\\Users\\Mikasa Ackerman\\arymaid\\Arymaid\\vendor\\laravel\\framework\\src\\Illuminate\\Database\\Eloquent\\Builder.php(780): Illuminate\\Database\\Eloquent\\Relations\\Relation::noConstraints(Object(Closure))
#5 C:\\Users\\Mikasa Ackerman\\arymaid\\Arymaid\\vendor\\laravel\\framework\\src\\Illuminate\\Database\\Eloquent\\Builder.php(754): Illuminate\\Database\\Eloquent\\Builder->getRelation('categorie_rel')
#6 C:\\Users\\Mikasa Ackerman\\arymaid\\Arymaid\\vendor\\laravel\\framework\\src\\Illuminate\\Database\\Eloquent\\Builder.php(734): Illuminate\\Database\\Eloquent\\Builder->eagerLoadRelation(Array, 'categorie_rel', Object(Closure))
#7 C:\\Users\\Mikasa Ackerman\\arymaid\\Arymaid\\vendor\\laravel\\framework\\src\\Illuminate\\Database\\Eloquent\\Builder.php(702): Illuminate\\Database\\Eloquent\\Builder->eagerLoadRelations(Array)
#8 C:\\Users\\Mikasa Ackerman\\arymaid\\Arymaid\\app\\Http\\Controllers\\HomeController.php(19): Illuminate\\Database\\Eloquent\\Builder->get()
#9 C:\\Users\\Mikasa Ackerman\\arymaid\\Arymaid\\vendor\\laravel\\framework\\src\\Illuminate\\Routing\\Controller.php(54): App\\Http\\Controllers\\HomeController->Home()
#10 C:\\Users\\Mikasa Ackerman\\arymaid\\Arymaid\\vendor\\laravel\\framework\\src\\Illuminate\\Routing\\ControllerDispatcher.php(43): Illuminate\\Routing\\Controller->callAction('Home', Array)
#11 C:\\Users\\Mikasa Ackerman\\arymaid\\Arymaid\\vendor\\laravel\\framework\\src\\Illuminate\\Routing\\Route.php(259): Illuminate\\Routing\\ControllerDispatcher->dispatch(Object(Illuminate\\Routing\\Route), Object(App\\Http\\Controllers\\HomeController), 'Home')
#12 C:\\Users\\Mikasa Ackerman\\arymaid\\Arymaid\\vendor\\laravel\\framework\\src\\Illuminate\\Routing\\Route.php(205): Illuminate\\Routing\\Route->runController()
#13 C:\\Users\\Mikasa Ackerman\\arymaid\\Arymaid\\vendor\\laravel\\framework\\src\\Illuminate\\Routing\\Router.php(798): Illuminate\\Routing\\Route->run()
#14 C:\\Users\\Mikasa Ackerman\\arymaid\\Arymaid\\vendor\\laravel\\framework\\src\\Illuminate\\Pipeline\\Pipeline.php(141): Illuminate\\Routing\\Router->Illuminate\\Routing\\{closure}(Object(Illuminate\\Http\\Request))
#15 C:\\Users\\Mikasa Ackerman\\arymaid\\Arymaid\\vendor\\laravel\\framework\\src\\Illuminate\\Routing\\Middleware\\SubstituteBindings.php(50): Illuminate\\Pipeline\\Pipeline->Illuminate\\Pipeline\\{closure}(Object(Illuminate\\Http\\Request))
#16 C:\\Users\\Mikasa Ackerman\\arymaid\\Arymaid\\vendor\\laravel\\framework\\src\\Illuminate\\Pipeline\\Pipeline.php(180): Illuminate\\Routing\\Middleware\\SubstituteBindings->handle(Object(Illuminate\\Http\\Request), Object(Closure))
#17 C:\\Users\\Mikasa Ackerman\\arymaid\\Arymaid\\vendor\\laravel\\framework\\src\\Illuminate\\Foundation\\Http\\Middleware\\VerifyCsrfToken.php(78): Illuminate\\Pipeline\\Pipeline->Illuminate\\Pipeline\\{closure}(Object(Illuminate\\Http\\Request))
#18 C:\\Users\\Mikasa Ackerman\\arymaid\\Arymaid\\vendor\\laravel\\framework\\src\\Illuminate\\Pipeline\\Pipeline.php(180): Illuminate\\Foundation\\Http\\Middleware\\VerifyCsrfToken->handle(Object(Illuminate\\Http\\Request), Object(Closure))
#19 C:\\Users\\Mikasa Ackerman\\arymaid\\Arymaid\\vendor\\laravel\\framework\\src\\Illuminate\\View\\Middleware\\ShareErrorsFromSession.php(49): Illuminate\\Pipeline\\Pipeline->Illuminate\\Pipeline\\{closure}(Object(Illuminate\\Http\\Request))
#20 C:\\Users\\Mikasa Ackerman\\arymaid\\Arymaid\\vendor\\laravel\\framework\\src\\Illuminate\\Pipeline\\Pipeline.php(180): Illuminate\\View\\Middleware\\ShareErrorsFromSession->handle(Object(Illuminate\\Http\\Request), Object(Closure))
#21 C:\\Users\\Mikasa Ackerman\\arymaid\\Arymaid\\vendor\\laravel\\framework\\src\\Illuminate\\Session\\Middleware\\StartSession.php(121): Illuminate\\Pipeline\\Pipeline->Illuminate\\Pipeline\\{closure}(Object(Illuminate\\Http\\Request))
#22 C:\\Users\\Mikasa Ackerman\\arymaid\\Arymaid\\vendor\\laravel\\framework\\src\\Illuminate\\Session\\Middleware\\StartSession.php(64): Illuminate\\Session\\Middleware\\StartSession->handleStatefulRequest(Object(Illuminate\\Http\\Request), Object(Illuminate\\Session\\Store), Object(Closure))
#23 C:\\Users\\Mikasa Ackerman\\arymaid\\Arymaid\\vendor\\laravel\\framework\\src\\Illuminate\\Pipeline\\Pipeline.php(180): Illuminate\\Session\\Middleware\\StartSession->handle(Object(Illuminate\\Http\\Request), Object(Closure))
#24 C:\\Users\\Mikasa Ackerman\\arymaid\\Arymaid\\vendor\\laravel\\framework\\src\\Illuminate\\Cookie\\Middleware\\AddQueuedCookiesToResponse.php(37): Illuminate\\Pipeline\\Pipeline->Illuminate\\Pipeline\\{closure}(Object(Illuminate\\Http\\Request))
#25 C:\\Users\\Mikasa Ackerman\\arymaid\\Arymaid\\vendor\\laravel\\framework\\src\\Illuminate\\Pipeline\\Pipeline.php(180): Illuminate\\Cookie\\Middleware\\AddQueuedCookiesToResponse->handle(Object(Illuminate\\Http\\Request), Object(Closure))
#26 C:\\Users\\Mikasa Ackerman\\arymaid\\Arymaid\\vendor\\laravel\\framework\\src\\Illuminate\\Cookie\\Middleware\\EncryptCookies.php(67): Illuminate\\Pipeline\\Pipeline->Illuminate\\Pipeline\\{closure}(Object(Illuminate\\Http\\Request))
#27 C:\\Users\\Mikasa Ackerman\\arymaid\\Arymaid\\vendor\\laravel\\framework\\src\\Illuminate\\Pipeline\\Pipeline.php(180): Illuminate\\Cookie\\Middleware\\EncryptCookies->handle(Object(Illuminate\\Http\\Request), Object(Closure))
#28 C:\\Users\\Mikasa Ackerman\\arymaid\\Arymaid\\vendor\\laravel\\framework\\src\\Illuminate\\Pipeline\\Pipeline.php(116): Illuminate\\Pipeline\\Pipeline->Illuminate\\Pipeline\\{closure}(Object(Illuminate\\Http\\Request))
#29 C:\\Users\\Mikasa Ackerman\\arymaid\\Arymaid\\vendor\\laravel\\framework\\src\\Illuminate\\Routing\\Router.php(797): Illuminate\\Pipeline\\Pipeline->then(Object(Closure))
#30 C:\\Users\\Mikasa Ackerman\\arymaid\\Arymaid\\vendor\\laravel\\framework\\src\\Illuminate\\Routing\\Router.php(776): Illuminate\\Routing\\Router->runRouteWithinStack(Object(Illuminate\\Routing\\Route), Object(Illuminate\\Http\\Request))
#31 C:\\Users\\Mikasa Ackerman\\arymaid\\Arymaid\\vendor\\laravel\\framework\\src\\Illuminate\\Routing\\Router.php(740): Illuminate\\Routing\\Router->runRoute(Object(Illuminate\\Http\\Request), Object(Illuminate\\Routing\\Route))
#32 C:\\Users\\Mikasa Ackerman\\arymaid\\Arymaid\\vendor\\laravel\\framework\\src\\Illuminate\\Routing\\Router.php(729): Illuminate\\Routing\\Router->dispatchToRoute(Object(Illuminate\\Http\\Request))
#33 C:\\Users\\Mikasa Ackerman\\arymaid\\Arymaid\\vendor\\laravel\\framework\\src\\Illuminate\\Foundation\\Http\\Kernel.php(200): Illuminate\\Routing\\Router->dispatch(Object(Illuminate\\Http\\Request))
#34 C:\\Users\\Mikasa Ackerman\\arymaid\\Arymaid\\vendor\\laravel\\framework\\src\\Illuminate\\Pipeline\\Pipeline.php(141): Illuminate\\Foundation\\Http\\Kernel->Illuminate\\Foundation\\Http\\{closure}(Object(Illuminate\\Http\\Request))
#35 C:\\Users\\Mikasa Ackerman\\arymaid\\Arymaid\\vendor\\laravel\\framework\\src\\Illuminate\\Foundation\\Http\\Middleware\\TransformsRequest.php(21): Illuminate\\Pipeline\\Pipeline->Illuminate\\Pipeline\\{closure}(Object(Illuminate\\Http\\Request))
#36 C:\\Users\\Mikasa Ackerman\\arymaid\\Arymaid\\vendor\\laravel\\framework\\src\\Illuminate\\Foundation\\Http\\Middleware\\ConvertEmptyStringsToNull.php(31): Illuminate\\Foundation\\Http\\Middleware\\TransformsRequest->handle(Object(Illuminate\\Http\\Request), Object(Closure))
#37 C:\\Users\\Mikasa Ackerman\\arymaid\\Arymaid\\vendor\\laravel\\framework\\src\\Illuminate\\Pipeline\\Pipeline.php(180): Illuminate\\Foundation\\Http\\Middleware\\ConvertEmptyStringsToNull->handle(Object(Illuminate\\Http\\Request), Object(Closure))
#38 C:\\Users\\Mikasa Ackerman\\arymaid\\Arymaid\\vendor\\laravel\\framework\\src\\Illuminate\\Foundation\\Http\\Middleware\\TransformsRequest.php(21): Illuminate\\Pipeline\\Pipeline->Illuminate\\Pipeline\\{closure}(Object(Illuminate\\Http\\Request))
#39 C:\\Users\\Mikasa Ackerman\\arymaid\\Arymaid\\vendor\\laravel\\framework\\src\\Illuminate\\Foundation\\Http\\Middleware\\TrimStrings.php(40): Illuminate\\Foundation\\Http\\Middleware\\TransformsRequest->handle(Object(Illuminate\\Http\\Request), Object(Closure))
#40 C:\\Users\\Mikasa Ackerman\\arymaid\\Arymaid\\vendor\\laravel\\framework\\src\\Illuminate\\Pipeline\\Pipeline.php(180): Illuminate\\Foundation\\Http\\Middleware\\TrimStrings->handle(Object(Illuminate\\Http\\Request), Object(Closure))
#41 C:\\Users\\Mikasa Ackerman\\arymaid\\Arymaid\\vendor\\laravel\\framework\\src\\Illuminate\\Foundation\\Http\\Middleware\\ValidatePostSize.php(27): Illuminate\\Pipeline\\Pipeline->Illuminate\\Pipeline\\{closure}(Object(Illuminate\\Http\\Request))
#42 C:\\Users\\Mikasa Ackerman\\arymaid\\Arymaid\\vendor\\laravel\\framework\\src\\Illuminate\\Pipeline\\Pipeline.php(180): Illuminate\\Foundation\\Http\\Middleware\\ValidatePostSize->handle(Object(Illuminate\\Http\\Request), Object(Closure))
#43 C:\\Users\\Mikasa Ackerman\\arymaid\\Arymaid\\vendor\\laravel\\framework\\src\\Illuminate\\Foundation\\Http\\Middleware\\PreventRequestsDuringMaintenance.php(86): Illuminate\\Pipeline\\Pipeline->Illuminate\\Pipeline\\{closure}(Object(Illuminate\\Http\\Request))
#44 C:\\Users\\Mikasa Ackerman\\arymaid\\Arymaid\\vendor\\laravel\\framework\\src\\Illuminate\\Pipeline\\Pipeline.php(180): Illuminate\\Foundation\\Http\\Middleware\\PreventRequestsDuringMaintenance->handle(Object(Illuminate\\Http\\Request), Object(Closure))
#45 C:\\Users\\Mikasa Ackerman\\arymaid\\Arymaid\\vendor\\laravel\\framework\\src\\Illuminate\\Http\\Middleware\\HandleCors.php(49): Illuminate\\Pipeline\\Pipeline->Illuminate\\Pipeline\\{closure}(Object(Illuminate\\Http\\Request))
#46 C:\\Users\\Mikasa Ackerman\\arymaid\\Arymaid\\vendor\\laravel\\framework\\src\\Illuminate\\Pipeline\\Pipeline.php(180): Illuminate\\Http\\Middleware\\HandleCors->handle(Object(Illuminate\\Http\\Request), Object(Closure))
#47 C:\\Users\\Mikasa Ackerman\\arymaid\\Arymaid\\vendor\\laravel\\framework\\src\\Illuminate\\Http\\Middleware\\TrustProxies.php(39): Illuminate\\Pipeline\\Pipeline->Illuminate\\Pipeline\\{closure}(Object(Illuminate\\Http\\Request))
#48 C:\\Users\\Mikasa Ackerman\\arymaid\\Arymaid\\vendor\\laravel\\framework\\src\\Illuminate\\Pipeline\\Pipeline.php(180): Illuminate\\Http\\Middleware\\TrustProxies->handle(Object(Illuminate\\Http\\Request), Object(Closure))
#49 C:\\Users\\Mikasa Ackerman\\arymaid\\Arymaid\\vendor\\laravel\\framework\\src\\Illuminate\\Pipeline\\Pipeline.php(116): Illuminate\\Pipeline\\Pipeline->Illuminate\\Pipeline\\{closure}(Object(Illuminate\\Http\\Request))
#50 C:\\Users\\Mikasa Ackerman\\arymaid\\Arymaid\\vendor\\laravel\\framework\\src\\Illuminate\\Foundation\\Http\\Kernel.php(175): Illuminate\\Pipeline\\Pipeline->then(Object(Closure))
#51 C:\\Users\\Mikasa Ackerman\\arymaid\\Arymaid\\vendor\\laravel\\framework\\src\\Illuminate\\Foundation\\Http\\Kernel.php(144): Illuminate\\Foundation\\Http\\Kernel->sendRequestThroughRouter(Object(Illuminate\\Http\\Request))
#52 C:\\Users\\Mikasa Ackerman\\arymaid\\Arymaid\\public\\index.php(51): Illuminate\\Foundation\\Http\\Kernel->handle(Object(Illuminate\\Http\\Request))
#53 C:\\Users\\Mikasa Ackerman\\arymaid\\Arymaid\\vendor\\laravel\\framework\\src\\Illuminate\\Foundation\\resources\\server.php(16): require_once('C:\\\\Users\\\\Mikasa...')
#54 {main}
"} 
[2026-02-21 23:58:06] local.ERROR: Class "app\Models\categorie" not found {"exception":"[object] (Error(code: 0): Class \"app\\Models\\categorie\" not found at C:\\Users\\Mikasa Ackerman\\arymaid\\Arymaid\\vendor\\laravel\\framework\\src\\Illuminate\\Database\\Eloquent\\Concerns\\HasRelationships.php:793)
[stacktrace]
#0 C:\\Users\\Mikasa Ackerman\\arymaid\\Arymaid\\vendor\\laravel\\framework\\src\\Illuminate\\Database\\Eloquent\\Concerns\\HasRelationships.php(225): Illuminate\\Database\\Eloquent\\Model->newRelatedInstance('app\\\\Models\\\\cate...')
#1 C:\\Users\\Mikasa Ackerman\\arymaid\\Arymaid\\app\\Models\\produit.php(29): Illuminate\\Database\\Eloquent\\Model->belongsTo('app\\\\Models\\\\cate...', 'categorie_id')
#2 C:\\Users\\Mikasa Ackerman\\arymaid\\Arymaid\\vendor\\laravel\\framework\\src\\Illuminate\\Database\\Eloquent\\Builder.php(782): App\\Models\\produit->categorie_rel()
#3 C:\\Users\\Mikasa Ackerman\\arymaid\\Arymaid\\vendor\\laravel\\framework\\src\\Illuminate\\Database\\Eloquent\\Relations\\Relation.php(110): Illuminate\\Database\\Eloquent\\Builder->Illuminate\\Database\\Eloquent\\{closure}()
#4 C:\\Users\\Mikasa Ackerman\\arymaid\\Arymaid\\vendor\\laravel\\framework\\src\\Illuminate\\Database\\Eloquent\\Builder.php(780): Illuminate\\Database\\Eloquent\\Relations\\Relation::noConstraints(Object(Closure))
#5 C:\\Users\\Mikasa Ackerman\\arymaid\\Arymaid\\vendor\\laravel\\framework\\src\\Illuminate\\Database\\Eloquent\\Builder.php(754): Illuminate\\Database\\Eloquent\\Builder->getRelation('categorie_rel')
#6 C:\\Users\\Mikasa Ackerman\\arymaid\\Arymaid\\vendor\\laravel\\framework\\src\\Illuminate\\Database\\Eloquent\\Builder.php(734): Illuminate\\Database\\Eloquent\\Builder->eagerLoadRelation(Array, 'categorie_rel', Object(Closure))
#7 C:\\Users\\Mikasa Ackerman\\arymaid\\Arymaid\\vendor\\laravel\\framework\\src\\Illuminate\\Database\\Eloquent\\Builder.php(702): Illuminate\\Database\\Eloquent\\Builder->eagerLoadRelations(Array)
#8 C:\\Users\\Mikasa Ackerman\\arymaid\\Arymaid\\app\\Http\\Controllers\\HomeController.php(19): Illuminate\\Database\\Eloquent\\Builder->get()
#9 C:\\Users\\Mikasa Ackerman\\arymaid\\Arymaid\\vendor\\laravel\\framework\\src\\Illuminate\\Routing\\Controller.php(54): App\\Http\\Controllers\\HomeController->Home()
#10 C:\\Users\\Mikasa Ackerman\\arymaid\\Arymaid\\vendor\\laravel\\framework\\src\\Illuminate\\Routing\\ControllerDispatcher.php(43): Illuminate\\Routing\\Controller->callAction('Home', Array)
#11 C:\\Users\\Mikasa Ackerman\\arymaid\\Arymaid\\vendor\\laravel\\framework\\src\\Illuminate\\Routing\\Route.php(259): Illuminate\\Routing\\ControllerDispatcher->dispatch(Object(Illuminate\\Routing\\Route), Object(App\\Http\\Controllers\\HomeController), 'Home')
#12 C:\\Users\\Mikasa Ackerman\\arymaid\\Arymaid\\vendor\\laravel\\framework\\src\\Illuminate\\Routing\\Route.php(205): Illuminate\\Routing\\Route->runController()
#13 C:\\Users\\Mikasa Ackerman\\arymaid\\Arymaid\\vendor\\laravel\\framework\\src\\Illuminate\\Routing\\Router.php(798): Illuminate\\Routing\\Route->run()
#14 C:\\Users\\Mikasa Ackerman\\arymaid\\Arymaid\\vendor\\laravel\\framework\\src\\Illuminate\\Pipeline\\Pipeline.php(141): Illuminate\\Routing\\Router->Illuminate\\Routing\\{closure}(Object(Illuminate\\Http\\Request))
#15 C:\\Users\\Mikasa Ackerman\\arymaid\\Arymaid\\vendor\\laravel\\framework\\src\\Illuminate\\Routing\\Middleware\\SubstituteBindings.php(50): Illuminate\\Pipeline\\Pipeline->Illuminate\\Pipeline\\{closure}(Object(Illuminate\\Http\\Request))
#16 C:\\Users\\Mikasa Ackerman\\arymaid\\Arymaid\\vendor\\laravel\\framework\\src\\Illuminate\\Pipeline\\Pipeline.php(180): Illuminate\\Routing\\Middleware\\SubstituteBindings->handle(Object(Illuminate\\Http\\Request), Object(Closure))
#17 C:\\Users\\Mikasa Ackerman\\arymaid\\Arymaid\\vendor\\laravel\\framework\\src\\Illuminate\\Foundation\\Http\\Middleware\\VerifyCsrfToken.php(78): Illuminate\\Pipeline\\Pipeline->Illuminate\\Pipeline\\{closure}(Object(Illuminate\\Http\\Request))
#18 C:\\Users\\Mikasa Ackerman\\arymaid\\Arymaid\\vendor\\laravel\\framework\\src\\Illuminate\\Pipeline\\Pipeline.php(180): Illuminate\\Foundation\\Http\\Middleware\\VerifyCsrfToken->handle(Object(Illuminate\\Http\\Request), Object(Closure))
#19 C:\\Users\\Mikasa Ackerman\\arymaid\\Arymaid\\vendor\\laravel\\framework\\src\\Illuminate\\View\\Middleware\\ShareErrorsFromSession.php(49): Illuminate\\Pipeline\\Pipeline->Illuminate\\Pipeline\\{closure}(Object(Illuminate\\Http\\Request))
#20 C:\\Users\\Mikasa Ackerman\\arymaid\\Arymaid\\vendor\\laravel\\framework\\src\\Illuminate\\Pipeline\\Pipeline.php(180): Illuminate\\View\\Middleware\\ShareErrorsFromSession->handle(Object(Illuminate\\Http\\Request), Object(Closure))
#21 C:\\Users\\Mikasa Ackerman\\arymaid\\Arymaid\\vendor\\laravel\\framework\\src\\Illuminate\\Session\\Middleware\\StartSession.php(121): Illuminate\\Pipeline\\Pipeline->Illuminate\\Pipeline\\{closure}(Object(Illuminate\\Http\\Request))
#22 C:\\Users\\Mikasa Ackerman\\arymaid\\Arymaid\\vendor\\laravel\\framework\\src\\Illuminate\\Session\\Middleware\\StartSession.php(64): Illuminate\\Session\\Middleware\\StartSession->handleStatefulRequest(Object(Illuminate\\Http\\Request), Object(Illuminate\\Session\\Store), Object(Closure))
#23 C:\\Users\\Mikasa Ackerman\\arymaid\\Arymaid\\vendor\\laravel\\framework\\src\\Illuminate\\Pipeline\\Pipeline.php(180): Illuminate\\Session\\Middleware\\StartSession->handle(Object(Illuminate\\Http\\Request), Object(Closure))
#24 C:\\Users\\Mikasa Ackerman\\arymaid\\Arymaid\\vendor\\laravel\\framework\\src\\Illuminate\\Cookie\\Middleware\\AddQueuedCookiesToResponse.php(37): Illuminate\\Pipeline\\Pipeline->Illuminate\\Pipeline\\{closure}(Object(Illuminate\\Http\\Request))
#25 C:\\Users\\Mikasa Ackerman\\arymaid\\Arymaid\\vendor\\laravel\\framework\\src\\Illuminate\\Pipeline\\Pipeline.php(180): Illuminate\\Cookie\\Middleware\\AddQueuedCookiesToResponse->handle(Object(Illuminate\\Http\\Request), Object(Closure))
#26 C:\\Users\\Mikasa Ackerman\\arymaid\\Arymaid\\vendor\\laravel\\framework\\src\\Illuminate\\Cookie\\Middleware\\EncryptCookies.php(67): Illuminate\\Pipeline\\Pipeline->Illuminate\\Pipeline\\{closure}(Object(Illuminate\\Http\\Request))
#27 C:\\Users\\Mikasa Ackerman\\arymaid\\Arymaid\\vendor\\laravel\\framework\\src\\Illuminate\\Pipeline\\Pipeline.php(180): Illuminate\\Cookie\\Middleware\\EncryptCookies->handle(Object(Illuminate\\Http\\Request), Object(Closure))
#28 C:\\Users\\Mikasa Ackerman\\arymaid\\Arymaid\\vendor\\laravel\\framework\\src\\Illuminate\\Pipeline\\Pipeline.php(116): Illuminate\\Pipeline\\Pipeline->Illuminate\\Pipeline\\{closure}(Object(Illuminate\\Http\\Request))
#29 C:\\Users\\Mikasa Ackerman\\arymaid\\Arymaid\\vendor\\laravel\\framework\\src\\Illuminate\\Routing\\Router.php(797): Illuminate\\Pipeline\\Pipeline->then(Object(Closure))
#30 C:\\Users\\Mikasa Ackerman\\arymaid\\Arymaid\\vendor\\laravel\\framework\\src\\Illuminate\\Routing\\Router.php(776): Illuminate\\Routing\\Router->runRouteWithinStack(Object(Illuminate\\Routing\\Route), Object(Illuminate\\Http\\Request))
#31 C:\\Users\\Mikasa Ackerman\\arymaid\\Arymaid\\vendor\\laravel\\framework\\src\\Illuminate\\Routing\\Router.php(740): Illuminate\\Routing\\Router->runRoute(Object(Illuminate\\Http\\Request), Object(Illuminate\\Routing\\Route))
#32 C:\\Users\\Mikasa Ackerman\\arymaid\\Arymaid\\vendor\\laravel\\framework\\src\\Illuminate\\Routing\\Router.php(729): Illuminate\\Routing\\Router->dispatchToRoute(Object(Illuminate\\Http\\Request))
#33 C:\\Users\\Mikasa Ackerman\\arymaid\\Arymaid\\vendor\\laravel\\framework\\src\\Illuminate\\Foundation\\Http\\Kernel.php(200): Illuminate\\Routing\\Router->dispatch(Object(Illuminate\\Http\\Request))
#34 C:\\Users\\Mikasa Ackerman\\arymaid\\Arymaid\\vendor\\laravel\\framework\\src\\Illuminate\\Pipeline\\Pipeline.php(141): Illuminate\\Foundation\\Http\\Kernel->Illuminate\\Foundation\\Http\\{closure}(Object(Illuminate\\Http\\Request))
#35 C:\\Users\\Mikasa Ackerman\\arymaid\\Arymaid\\vendor\\laravel\\framework\\src\\Illuminate\\Foundation\\Http\\Middleware\\TransformsRequest.php(21): Illuminate\\Pipeline\\Pipeline->Illuminate\\Pipeline\\{closure}(Object(Illuminate\\Http\\Request))
#36 C:\\Users\\Mikasa Ackerman\\arymaid\\Arymaid\\vendor\\laravel\\framework\\src\\Illuminate\\Foundation\\Http\\Middleware\\ConvertEmptyStringsToNull.php(31): Illuminate\\Foundation\\Http\\Middleware\\TransformsRequest->handle(Object(Illuminate\\Http\\Request), Object(Closure))
#37 C:\\Users\\Mikasa Ackerman\\arymaid\\Arymaid\\vendor\\laravel\\framework\\src\\Illuminate\\Pipeline\\Pipeline.php(180): Illuminate\\Foundation\\Http\\Middleware\\ConvertEmptyStringsToNull->handle(Object(Illuminate\\Http\\Request), Object(Closure))
#38 C:\\Users\\Mikasa Ackerman\\arymaid\\Arymaid\\vendor\\laravel\\framework\\src\\Illuminate\\Foundation\\Http\\Middleware\\TransformsRequest.php(21): Illuminate\\Pipeline\\Pipeline->Illuminate\\Pipeline\\{closure}(Object(Illuminate\\Http\\Request))
#39 C:\\Users\\Mikasa Ackerman\\arymaid\\Arymaid\\vendor\\laravel\\framework\\src\\Illuminate\\Foundation\\Http\\Middleware\\TrimStrings.php(40): Illuminate\\Foundation\\Http\\Middleware\\TransformsRequest->handle(Object(Illuminate\\Http\\Request), Object(Closure))
#40 C:\\Users\\Mikasa Ackerman\\arymaid\\Arymaid\\vendor\\laravel\\framework\\src\\Illuminate\\Pipeline\\Pipeline.php(180): Illuminate\\Foundation\\Http\\Middleware\\TrimStrings->handle(Object(Illuminate\\Http\\Request), Object(Closure))
#41 C:\\Users\\Mikasa Ackerman\\arymaid\\Arymaid\\vendor\\laravel\\framework\\src\\Illuminate\\Foundation\\Http\\Middleware\\ValidatePostSize.php(27): Illuminate\\Pipeline\\Pipeline->Illuminate\\Pipeline\\{closure}(Object(Illuminate\\Http\\Request))
#42 C:\\Users\\Mikasa Ackerman\\arymaid\\Arymaid\\vendor\\laravel\\framework\\src\\Illuminate\\Pipeline\\Pipeline.php(180): Illuminate\\Foundation\\Http\\Middleware\\ValidatePostSize->handle(Object(Illuminate\\Http\\Request), Object(Closure))
#43 C:\\Users\\Mikasa Ackerman\\arymaid\\Arymaid\\vendor\\laravel\\framework\\src\\Illuminate\\Foundation\\Http\\Middleware\\PreventRequestsDuringMaintenance.php(86): Illuminate\\Pipeline\\Pipeline->Illuminate\\Pipeline\\{closure}(Object(Illuminate\\Http\\Request))
#44 C:\\Users\\Mikasa Ackerman\\arymaid\\Arymaid\\vendor\\laravel\\framework\\src\\Illuminate\\Pipeline\\Pipeline.php(180): Illuminate\\Foundation\\Http\\Middleware\\PreventRequestsDuringMaintenance->handle(Object(Illuminate\\Http\\Request), Object(Closure))
#45 C:\\Users\\Mikasa Ackerman\\arymaid\\Arymaid\\vendor\\laravel\\framework\\src\\Illuminate\\Http\\Middleware\\HandleCors.php(49): Illuminate\\Pipeline\\Pipeline->Illuminate\\Pipeline\\{closure}(Object(Illuminate\\Http\\Request))
#46 C:\\Users\\Mikasa Ackerman\\arymaid\\Arymaid\\vendor\\laravel\\framework\\src\\Illuminate\\Pipeline\\Pipeline.php(180): Illuminate\\Http\\Middleware\\HandleCors->handle(Object(Illuminate\\Http\\Request), Object(Closure))
#47 C:\\Users\\Mikasa Ackerman\\arymaid\\Arymaid\\vendor\\laravel\\framework\\src\\Illuminate\\Http\\Middleware\\TrustProxies.php(39): Illuminate\\Pipeline\\Pipeline->Illuminate\\Pipeline\\{closure}(Object(Illuminate\\Http\\Request))
#48 C:\\Users\\Mikasa Ackerman\\arymaid\\Arymaid\\vendor\\laravel\\framework\\src\\Illuminate\\Pipeline\\Pipeline.php(180): Illuminate\\Http\\Middleware\\TrustProxies->handle(Object(Illuminate\\Http\\Request), Object(Closure))
#49 C:\\Users\\Mikasa Ackerman\\arymaid\\Arymaid\\vendor\\laravel\\framework\\src\\Illuminate\\Pipeline\\Pipeline.php(116): Illuminate\\Pipeline\\Pipeline->Illuminate\\Pipeline\\{closure}(Object(Illuminate\\Http\\Request))
#50 C:\\Users\\Mikasa Ackerman\\arymaid\\Arymaid\\vendor\\laravel\\framework\\src\\Illuminate\\Foundation\\Http\\Kernel.php(175): Illuminate\\Pipeline\\Pipeline->then(Object(Closure))
#51 C:\\Users\\Mikasa Ackerman\\arymaid\\Arymaid\\vendor\\laravel\\framework\\src\\Illuminate\\Foundation\\Http\\Kernel.php(144): Illuminate\\Foundation\\Http\\Kernel->sendRequestThroughRouter(Object(Illuminate\\Http\\Request))
#52 C:\\Users\\Mikasa Ackerman\\arymaid\\Arymaid\\public\\index.php(51): Illuminate\\Foundation\\Http\\Kernel->handle(Object(Illuminate\\Http\\Request))
#53 C:\\Users\\Mikasa Ackerman\\arymaid\\Arymaid\\vendor\\laravel\\framework\\src\\Illuminate\\Foundation\\resources\\server.php(16): require_once('C:\\\\Users\\\\Mikasa...')
#54 {main}
"} 
[2026-02-21 23:58:17] local.ERROR: Class "app\Models\categorie" not found {"exception":"[object] (Error(code: 0): Class \"app\\Models\\categorie\" not found at C:\\Users\\Mikasa Ackerman\\arymaid\\Arymaid\\vendor\\laravel\\framework\\src\\Illuminate\\Database\\Eloquent\\Concerns\\HasRelationships.php:793)
[stacktrace]
#0 C:\\Users\\Mikasa Ackerman\\arymaid\\Arymaid\\vendor\\laravel\\framework\\src\\Illuminate\\Database\\Eloquent\\Concerns\\HasRelationships.php(225): Illuminate\\Database\\Eloquent\\Model->newRelatedInstance('app\\\\Models\\\\cate...')
#1 C:\\Users\\Mikasa Ackerman\\arymaid\\Arymaid\\app\\Models\\produit.php(29): Illuminate\\Database\\Eloquent\\Model->belongsTo('app\\\\Models\\\\cate...', 'categorie_id')
#2 C:\\Users\\Mikasa Ackerman\\arymaid\\Arymaid\\vendor\\laravel\\framework\\src\\Illuminate\\Database\\Eloquent\\Builder.php(782): App\\Models\\produit->categorie_rel()
#3 C:\\Users\\Mikasa Ackerman\\arymaid\\Arymaid\\vendor\\laravel\\framework\\src\\Illuminate\\Database\\Eloquent\\Relations\\Relation.php(110): Illuminate\\Database\\Eloquent\\Builder->Illuminate\\Database\\Eloquent\\{closure}()
#4 C:\\Users\\Mikasa Ackerman\\arymaid\\Arymaid\\vendor\\laravel\\framework\\src\\Illuminate\\Database\\Eloquent\\Builder.php(780): Illuminate\\Database\\Eloquent\\Relations\\Relation::noConstraints(Object(Closure))
#5 C:\\Users\\Mikasa Ackerman\\arymaid\\Arymaid\\vendor\\laravel\\framework\\src\\Illuminate\\Database\\Eloquent\\Builder.php(754): Illuminate\\Database\\Eloquent\\Builder->getRelation('categorie_rel')
#6 C:\\Users\\Mikasa Ackerman\\arymaid\\Arymaid\\vendor\\laravel\\framework\\src\\Illuminate\\Database\\Eloquent\\Builder.php(734): Illuminate\\Database\\Eloquent\\Builder->eagerLoadRelation(Array, 'categorie_rel', Object(Closure))
#7 C:\\Users\\Mikasa Ackerman\\arymaid\\Arymaid\\vendor\\laravel\\framework\\src\\Illuminate\\Database\\Eloquent\\Builder.php(702): Illuminate\\Database\\Eloquent\\Builder->eagerLoadRelations(Array)
#8 C:\\Users\\Mikasa Ackerman\\arymaid\\Arymaid\\app\\Http\\Controllers\\HomeController.php(19): Illuminate\\Database\\Eloquent\\Builder->get()
#9 C:\\Users\\Mikasa Ackerman\\arymaid\\Arymaid\\vendor\\laravel\\framework\\src\\Illuminate\\Routing\\Controller.php(54): App\\Http\\Controllers\\HomeController->Home()
#10 C:\\Users\\Mikasa Ackerman\\arymaid\\Arymaid\\vendor\\laravel\\framework\\src\\Illuminate\\Routing\\ControllerDispatcher.php(43): Illuminate\\Routing\\Controller->callAction('Home', Array)
#11 C:\\Users\\Mikasa Ackerman\\arymaid\\Arymaid\\vendor\\laravel\\framework\\src\\Illuminate\\Routing\\Route.php(259): Illuminate\\Routing\\ControllerDispatcher->dispatch(Object(Illuminate\\Routing\\Route), Object(App\\Http\\Controllers\\HomeController), 'Home')
#12 C:\\Users\\Mikasa Ackerman\\arymaid\\Arymaid\\vendor\\laravel\\framework\\src\\Illuminate\\Routing\\Route.php(205): Illuminate\\Routing\\Route->runController()
#13 C:\\Users\\Mikasa Ackerman\\arymaid\\Arymaid\\vendor\\laravel\\framework\\src\\Illuminate\\Routing\\Router.php(798): Illuminate\\Routing\\Route->run()
#14 C:\\Users\\Mikasa Ackerman\\arymaid\\Arymaid\\vendor\\laravel\\framework\\src\\Illuminate\\Pipeline\\Pipeline.php(141): Illuminate\\Routing\\Router->Illuminate\\Routing\\{closure}(Object(Illuminate\\Http\\Request))
#15 C:\\Users\\Mikasa Ackerman\\arymaid\\Arymaid\\vendor\\laravel\\framework\\src\\Illuminate\\Routing\\Middleware\\SubstituteBindings.php(50): Illuminate\\Pipeline\\Pipeline->Illuminate\\Pipeline\\{closure}(Object(Illuminate\\Http\\Request))
#16 C:\\Users\\Mikasa Ackerman\\arymaid\\Arymaid\\vendor\\laravel\\framework\\src\\Illuminate\\Pipeline\\Pipeline.php(180): Illuminate\\Routing\\Middleware\\SubstituteBindings->handle(Object(Illuminate\\Http\\Request), Object(Closure))
#17 C:\\Users\\Mikasa Ackerman\\arymaid\\Arymaid\\vendor\\laravel\\framework\\src\\Illuminate\\Foundation\\Http\\Middleware\\VerifyCsrfToken.php(78): Illuminate\\Pipeline\\Pipeline->Illuminate\\Pipeline\\{closure}(Object(Illuminate\\Http\\Request))
#18 C:\\Users\\Mikasa Ackerman\\arymaid\\Arymaid\\vendor\\laravel\\framework\\src\\Illuminate\\Pipeline\\Pipeline.php(180): Illuminate\\Foundation\\Http\\Middleware\\VerifyCsrfToken->handle(Object(Illuminate\\Http\\Request), Object(Closure))
#19 C:\\Users\\Mikasa Ackerman\\arymaid\\Arymaid\\vendor\\laravel\\framework\\src\\Illuminate\\View\\Middleware\\ShareErrorsFromSession.php(49): Illuminate\\Pipeline\\Pipeline->Illuminate\\Pipeline\\{closure}(Object(Illuminate\\Http\\Request))
#20 C:\\Users\\Mikasa Ackerman\\arymaid\\Arymaid\\vendor\\laravel\\framework\\src\\Illuminate\\Pipeline\\Pipeline.php(180): Illuminate\\View\\Middleware\\ShareErrorsFromSession->handle(Object(Illuminate\\Http\\Request), Object(Closure))
#21 C:\\Users\\Mikasa Ackerman\\arymaid\\Arymaid\\vendor\\laravel\\framework\\src\\Illuminate\\Session\\Middleware\\StartSession.php(121): Illuminate\\Pipeline\\Pipeline->Illuminate\\Pipeline\\{closure}(Object(Illuminate\\Http\\Request))
#22 C:\\Users\\Mikasa Ackerman\\arymaid\\Arymaid\\vendor\\laravel\\framework\\src\\Illuminate\\Session\\Middleware\\StartSession.php(64): Illuminate\\Session\\Middleware\\StartSession->handleStatefulRequest(Object(Illuminate\\Http\\Request), Object(Illuminate\\Session\\Store), Object(Closure))
#23 C:\\Users\\Mikasa Ackerman\\arymaid\\Arymaid\\vendor\\laravel\\framework\\src\\Illuminate\\Pipeline\\Pipeline.php(180): Illuminate\\Session\\Middleware\\StartSession->handle(Object(Illuminate\\Http\\Request), Object(Closure))
#24 C:\\Users\\Mikasa Ackerman\\arymaid\\Arymaid\\vendor\\laravel\\framework\\src\\Illuminate\\Cookie\\Middleware\\AddQueuedCookiesToResponse.php(37): Illuminate\\Pipeline\\Pipeline->Illuminate\\Pipeline\\{closure}(Object(Illuminate\\Http\\Request))
#25 C:\\Users\\Mikasa Ackerman\\arymaid\\Arymaid\\vendor\\laravel\\framework\\src\\Illuminate\\Pipeline\\Pipeline.php(180): Illuminate\\Cookie\\Middleware\\AddQueuedCookiesToResponse->handle(Object(Illuminate\\Http\\Request), Object(Closure))
#26 C:\\Users\\Mikasa Ackerman\\arymaid\\Arymaid\\vendor\\laravel\\framework\\src\\Illuminate\\Cookie\\Middleware\\EncryptCookies.php(67): Illuminate\\Pipeline\\Pipeline->Illuminate\\Pipeline\\{closure}(Object(Illuminate\\Http\\Request))
#27 C:\\Users\\Mikasa Ackerman\\arymaid\\Arymaid\\vendor\\laravel\\framework\\src\\Illuminate\\Pipeline\\Pipeline.php(180): Illuminate\\Cookie\\Middleware\\EncryptCookies->handle(Object(Illuminate\\Http\\Request), Object(Closure))
#28 C:\\Users\\Mikasa Ackerman\\arymaid\\Arymaid\\vendor\\laravel\\framework\\src\\Illuminate\\Pipeline\\Pipeline.php(116): Illuminate\\Pipeline\\Pipeline->Illuminate\\Pipeline\\{closure}(Object(Illuminate\\Http\\Request))
#29 C:\\Users\\Mikasa Ackerman\\arymaid\\Arymaid\\vendor\\laravel\\framework\\src\\Illuminate\\Routing\\Router.php(797): Illuminate\\Pipeline\\Pipeline->then(Object(Closure))
#30 C:\\Users\\Mikasa Ackerman\\arymaid\\Arymaid\\vendor\\laravel\\framework\\src\\Illuminate\\Routing\\Router.php(776): Illuminate\\Routing\\Router->runRouteWithinStack(Object(Illuminate\\Routing\\Route), Object(Illuminate\\Http\\Request))
#31 C:\\Users\\Mikasa Ackerman\\arymaid\\Arymaid\\vendor\\laravel\\framework\\src\\Illuminate\\Routing\\Router.php(740): Illuminate\\Routing\\Router->runRoute(Object(Illuminate\\Http\\Request), Object(Illuminate\\Routing\\Route))
#32 C:\\Users\\Mikasa Ackerman\\arymaid\\Arymaid\\vendor\\laravel\\framework\\src\\Illuminate\\Routing\\Router.php(729): Illuminate\\Routing\\Router->dispatchToRoute(Object(Illuminate\\Http\\Request))
#33 C:\\Users\\Mikasa Ackerman\\arymaid\\Arymaid\\vendor\\laravel\\framework\\src\\Illuminate\\Foundation\\Http\\Kernel.php(200): Illuminate\\Routing\\Router->dispatch(Object(Illuminate\\Http\\Request))
#34 C:\\Users\\Mikasa Ackerman\\arymaid\\Arymaid\\vendor\\laravel\\framework\\src\\Illuminate\\Pipeline\\Pipeline.php(141): Illuminate\\Foundation\\Http\\Kernel->Illuminate\\Foundation\\Http\\{closure}(Object(Illuminate\\Http\\Request))
#35 C:\\Users\\Mikasa Ackerman\\arymaid\\Arymaid\\vendor\\laravel\\framework\\src\\Illuminate\\Foundation\\Http\\Middleware\\TransformsRequest.php(21): Illuminate\\Pipeline\\Pipeline->Illuminate\\Pipeline\\{closure}(Object(Illuminate\\Http\\Request))
#36 C:\\Users\\Mikasa Ackerman\\arymaid\\Arymaid\\vendor\\laravel\\framework\\src\\Illuminate\\Foundation\\Http\\Middleware\\ConvertEmptyStringsToNull.php(31): Illuminate\\Foundation\\Http\\Middleware\\TransformsRequest->handle(Object(Illuminate\\Http\\Request), Object(Closure))
#37 C:\\Users\\Mikasa Ackerman\\arymaid\\Arymaid\\vendor\\laravel\\framework\\src\\Illuminate\\Pipeline\\Pipeline.php(180): Illuminate\\Foundation\\Http\\Middleware\\ConvertEmptyStringsToNull->handle(Object(Illuminate\\Http\\Request), Object(Closure))
#38 C:\\Users\\Mikasa Ackerman\\arymaid\\Arymaid\\vendor\\laravel\\framework\\src\\Illuminate\\Foundation\\Http\\Middleware\\TransformsRequest.php(21): Illuminate\\Pipeline\\Pipeline->Illuminate\\Pipeline\\{closure}(Object(Illuminate\\Http\\Request))
#39 C:\\Users\\Mikasa Ackerman\\arymaid\\Arymaid\\vendor\\laravel\\framework\\src\\Illuminate\\Foundation\\Http\\Middleware\\TrimStrings.php(40): Illuminate\\Foundation\\Http\\Middleware\\TransformsRequest->handle(Object(Illuminate\\Http\\Request), Object(Closure))
#40 C:\\Users\\Mikasa Ackerman\\arymaid\\Arymaid\\vendor\\laravel\\framework\\src\\Illuminate\\Pipeline\\Pipeline.php(180): Illuminate\\Foundation\\Http\\Middleware\\TrimStrings->handle(Object(Illuminate\\Http\\Request), Object(Closure))
#41 C:\\Users\\Mikasa Ackerman\\arymaid\\Arymaid\\vendor\\laravel\\framework\\src\\Illuminate\\Foundation\\Http\\Middleware\\ValidatePostSize.php(27): Illuminate\\Pipeline\\Pipeline->Illuminate\\Pipeline\\{closure}(Object(Illuminate\\Http\\Request))
#42 C:\\Users\\Mikasa Ackerman\\arymaid\\Arymaid\\vendor\\laravel\\framework\\src\\Illuminate\\Pipeline\\Pipeline.php(180): Illuminate\\Foundation\\Http\\Middleware\\ValidatePostSize->handle(Object(Illuminate\\Http\\Request), Object(Closure))
#43 C:\\Users\\Mikasa Ackerman\\arymaid\\Arymaid\\vendor\\laravel\\framework\\src\\Illuminate\\Foundation\\Http\\Middleware\\PreventRequestsDuringMaintenance.php(86): Illuminate\\Pipeline\\Pipeline->Illuminate\\Pipeline\\{closure}(Object(Illuminate\\Http\\Request))
#44 C:\\Users\\Mikasa Ackerman\\arymaid\\Arymaid\\vendor\\laravel\\framework\\src\\Illuminate\\Pipeline\\Pipeline.php(180): Illuminate\\Foundation\\Http\\Middleware\\PreventRequestsDuringMaintenance->handle(Object(Illuminate\\Http\\Request), Object(Closure))
#45 C:\\Users\\Mikasa Ackerman\\arymaid\\Arymaid\\vendor\\laravel\\framework\\src\\Illuminate\\Http\\Middleware\\HandleCors.php(49): Illuminate\\Pipeline\\Pipeline->Illuminate\\Pipeline\\{closure}(Object(Illuminate\\Http\\Request))
#46 C:\\Users\\Mikasa Ackerman\\arymaid\\Arymaid\\vendor\\laravel\\framework\\src\\Illuminate\\Pipeline\\Pipeline.php(180): Illuminate\\Http\\Middleware\\HandleCors->handle(Object(Illuminate\\Http\\Request), Object(Closure))
#47 C:\\Users\\Mikasa Ackerman\\arymaid\\Arymaid\\vendor\\laravel\\framework\\src\\Illuminate\\Http\\Middleware\\TrustProxies.php(39): Illuminate\\Pipeline\\Pipeline->Illuminate\\Pipeline\\{closure}(Object(Illuminate\\Http\\Request))
#48 C:\\Users\\Mikasa Ackerman\\arymaid\\Arymaid\\vendor\\laravel\\framework\\src\\Illuminate\\Pipeline\\Pipeline.php(180): Illuminate\\Http\\Middleware\\TrustProxies->handle(Object(Illuminate\\Http\\Request), Object(Closure))
#49 C:\\Users\\Mikasa Ackerman\\arymaid\\Arymaid\\vendor\\laravel\\framework\\src\\Illuminate\\Pipeline\\Pipeline.php(116): Illuminate\\Pipeline\\Pipeline->Illuminate\\Pipeline\\{closure}(Object(Illuminate\\Http\\Request))
#50 C:\\Users\\Mikasa Ackerman\\arymaid\\Arymaid\\vendor\\laravel\\framework\\src\\Illuminate\\Foundation\\Http\\Kernel.php(175): Illuminate\\Pipeline\\Pipeline->then(Object(Closure))
#51 C:\\Users\\Mikasa Ackerman\\arymaid\\Arymaid\\vendor\\laravel\\framework\\src\\Illuminate\\Foundation\\Http\\Kernel.php(144): Illuminate\\Foundation\\Http\\Kernel->sendRequestThroughRouter(Object(Illuminate\\Http\\Request))
#52 C:\\Users\\Mikasa Ackerman\\arymaid\\Arymaid\\public\\index.php(51): Illuminate\\Foundation\\Http\\Kernel->handle(Object(Illuminate\\Http\\Request))
#53 C:\\Users\\Mikasa Ackerman\\arymaid\\Arymaid\\vendor\\laravel\\framework\\src\\Illuminate\\Foundation\\resources\\server.php(16): require_once('C:\\\\Users\\\\Mikasa...')
#54 {main}
"} 
[2026-02-21 23:58:54] local.ERROR: Class "app\Models\categorie" not found {"exception":"[object] (Error(code: 0): Class \"app\\Models\\categorie\" not found at C:\\Users\\Mikasa Ackerman\\arymaid\\Arymaid\\vendor\\laravel\\framework\\src\\Illuminate\\Database\\Eloquent\\Concerns\\HasRelationships.php:793)
[stacktrace]
#0 C:\\Users\\Mikasa Ackerman\\arymaid\\Arymaid\\vendor\\laravel\\framework\\src\\Illuminate\\Database\\Eloquent\\Concerns\\HasRelationships.php(225): Illuminate\\Database\\Eloquent\\Model->newRelatedInstance('app\\\\Models\\\\cate...')
#1 C:\\Users\\Mikasa Ackerman\\arymaid\\Arymaid\\app\\Models\\produit.php(29): Illuminate\\Database\\Eloquent\\Model->belongsTo('app\\\\Models\\\\cate...', 'categorie_id')
#2 C:\\Users\\Mikasa Ackerman\\arymaid\\Arymaid\\vendor\\laravel\\framework\\src\\Illuminate\\Database\\Eloquent\\Builder.php(782): App\\Models\\produit->categorie_rel()
#3 C:\\Users\\Mikasa Ackerman\\arymaid\\Arymaid\\vendor\\laravel\\framework\\src\\Illuminate\\Database\\Eloquent\\Relations\\Relation.php(110): Illuminate\\Database\\Eloquent\\Builder->Illuminate\\Database\\Eloquent\\{closure}()
#4 C:\\Users\\Mikasa Ackerman\\arymaid\\Arymaid\\vendor\\laravel\\framework\\src\\Illuminate\\Database\\Eloquent\\Builder.php(780): Illuminate\\Database\\Eloquent\\Relations\\Relation::noConstraints(Object(Closure))
#5 C:\\Users\\Mikasa Ackerman\\arymaid\\Arymaid\\vendor\\laravel\\framework\\src\\Illuminate\\Database\\Eloquent\\Builder.php(754): Illuminate\\Database\\Eloquent\\Builder->getRelation('categorie_rel')
#6 C:\\Users\\Mikasa Ackerman\\arymaid\\Arymaid\\vendor\\laravel\\framework\\src\\Illuminate\\Database\\Eloquent\\Builder.php(734): Illuminate\\Database\\Eloquent\\Builder->eagerLoadRelation(Array, 'categorie_rel', Object(Closure))
#7 C:\\Users\\Mikasa Ackerman\\arymaid\\Arymaid\\vendor\\laravel\\framework\\src\\Illuminate\\Database\\Eloquent\\Builder.php(702): Illuminate\\Database\\Eloquent\\Builder->eagerLoadRelations(Array)
#8 C:\\Users\\Mikasa Ackerman\\arymaid\\Arymaid\\app\\Http\\Controllers\\HomeController.php(19): Illuminate\\Database\\Eloquent\\Builder->get()
#9 C:\\Users\\Mikasa Ackerman\\arymaid\\Arymaid\\vendor\\laravel\\framework\\src\\Illuminate\\Routing\\Controller.php(54): App\\Http\\Controllers\\HomeController->Home()
#10 C:\\Users\\Mikasa Ackerman\\arymaid\\Arymaid\\vendor\\laravel\\framework\\src\\Illuminate\\Routing\\ControllerDispatcher.php(43): Illuminate\\Routing\\Controller->callAction('Home', Array)
#11 C:\\Users\\Mikasa Ackerman\\arymaid\\Arymaid\\vendor\\laravel\\framework\\src\\Illuminate\\Routing\\Route.php(259): Illuminate\\Routing\\ControllerDispatcher->dispatch(Object(Illuminate\\Routing\\Route), Object(App\\Http\\Controllers\\HomeController), 'Home')
#12 C:\\Users\\Mikasa Ackerman\\arymaid\\Arymaid\\vendor\\laravel\\framework\\src\\Illuminate\\Routing\\Route.php(205): Illuminate\\Routing\\Route->runController()
#13 C:\\Users\\Mikasa Ackerman\\arymaid\\Arymaid\\vendor\\laravel\\framework\\src\\Illuminate\\Routing\\Router.php(798): Illuminate\\Routing\\Route->run()
#14 C:\\Users\\Mikasa Ackerman\\arymaid\\Arymaid\\vendor\\laravel\\framework\\src\\Illuminate\\Pipeline\\Pipeline.php(141): Illuminate\\Routing\\Router->Illuminate\\Routing\\{closure}(Object(Illuminate\\Http\\Request))
#15 C:\\Users\\Mikasa Ackerman\\arymaid\\Arymaid\\vendor\\laravel\\framework\\src\\Illuminate\\Routing\\Middleware\\SubstituteBindings.php(50): Illuminate\\Pipeline\\Pipeline->Illuminate\\Pipeline\\{closure}(Object(Illuminate\\Http\\Request))
#16 C:\\Users\\Mikasa Ackerman\\arymaid\\Arymaid\\vendor\\laravel\\framework\\src\\Illuminate\\Pipeline\\Pipeline.php(180): Illuminate\\Routing\\Middleware\\SubstituteBindings->handle(Object(Illuminate\\Http\\Request), Object(Closure))
#17 C:\\Users\\Mikasa Ackerman\\arymaid\\Arymaid\\vendor\\laravel\\framework\\src\\Illuminate\\Foundation\\Http\\Middleware\\VerifyCsrfToken.php(78): Illuminate\\Pipeline\\Pipeline->Illuminate\\Pipeline\\{closure}(Object(Illuminate\\Http\\Request))
#18 C:\\Users\\Mikasa Ackerman\\arymaid\\Arymaid\\vendor\\laravel\\framework\\src\\Illuminate\\Pipeline\\Pipeline.php(180): Illuminate\\Foundation\\Http\\Middleware\\VerifyCsrfToken->handle(Object(Illuminate\\Http\\Request), Object(Closure))
#19 C:\\Users\\Mikasa Ackerman\\arymaid\\Arymaid\\vendor\\laravel\\framework\\src\\Illuminate\\View\\Middleware\\ShareErrorsFromSession.php(49): Illuminate\\Pipeline\\Pipeline->Illuminate\\Pipeline\\{closure}(Object(Illuminate\\Http\\Request))
#20 C:\\Users\\Mikasa Ackerman\\arymaid\\Arymaid\\vendor\\laravel\\framework\\src\\Illuminate\\Pipeline\\Pipeline.php(180): Illuminate\\View\\Middleware\\ShareErrorsFromSession->handle(Object(Illuminate\\Http\\Request), Object(Closure))
#21 C:\\Users\\Mikasa Ackerman\\arymaid\\Arymaid\\vendor\\laravel\\framework\\src\\Illuminate\\Session\\Middleware\\StartSession.php(121): Illuminate\\Pipeline\\Pipeline->Illuminate\\Pipeline\\{closure}(Object(Illuminate\\Http\\Request))
#22 C:\\Users\\Mikasa Ackerman\\arymaid\\Arymaid\\vendor\\laravel\\framework\\src\\Illuminate\\Session\\Middleware\\StartSession.php(64): Illuminate\\Session\\Middleware\\StartSession->handleStatefulRequest(Object(Illuminate\\Http\\Request), Object(Illuminate\\Session\\Store), Object(Closure))
#23 C:\\Users\\Mikasa Ackerman\\arymaid\\Arymaid\\vendor\\laravel\\framework\\src\\Illuminate\\Pipeline\\Pipeline.php(180): Illuminate\\Session\\Middleware\\StartSession->handle(Object(Illuminate\\Http\\Request), Object(Closure))
#24 C:\\Users\\Mikasa Ackerman\\arymaid\\Arymaid\\vendor\\laravel\\framework\\src\\Illuminate\\Cookie\\Middleware\\AddQueuedCookiesToResponse.php(37): Illuminate\\Pipeline\\Pipeline->Illuminate\\Pipeline\\{closure}(Object(Illuminate\\Http\\Request))
#25 C:\\Users\\Mikasa Ackerman\\arymaid\\Arymaid\\vendor\\laravel\\framework\\src\\Illuminate\\Pipeline\\Pipeline.php(180): Illuminate\\Cookie\\Middleware\\AddQueuedCookiesToResponse->handle(Object(Illuminate\\Http\\Request), Object(Closure))
#26 C:\\Users\\Mikasa Ackerman\\arymaid\\Arymaid\\vendor\\laravel\\framework\\src\\Illuminate\\Cookie\\Middleware\\EncryptCookies.php(67): Illuminate\\Pipeline\\Pipeline->Illuminate\\Pipeline\\{closure}(Object(Illuminate\\Http\\Request))
#27 C:\\Users\\Mikasa Ackerman\\arymaid\\Arymaid\\vendor\\laravel\\framework\\src\\Illuminate\\Pipeline\\Pipeline.php(180): Illuminate\\Cookie\\Middleware\\EncryptCookies->handle(Object(Illuminate\\Http\\Request), Object(Closure))
#28 C:\\Users\\Mikasa Ackerman\\arymaid\\Arymaid\\vendor\\laravel\\framework\\src\\Illuminate\\Pipeline\\Pipeline.php(116): Illuminate\\Pipeline\\Pipeline->Illuminate\\Pipeline\\{closure}(Object(Illuminate\\Http\\Request))
#29 C:\\Users\\Mikasa Ackerman\\arymaid\\Arymaid\\vendor\\laravel\\framework\\src\\Illuminate\\Routing\\Router.php(797): Illuminate\\Pipeline\\Pipeline->then(Object(Closure))
#30 C:\\Users\\Mikasa Ackerman\\arymaid\\Arymaid\\vendor\\laravel\\framework\\src\\Illuminate\\Routing\\Router.php(776): Illuminate\\Routing\\Router->runRouteWithinStack(Object(Illuminate\\Routing\\Route), Object(Illuminate\\Http\\Request))
#31 C:\\Users\\Mikasa Ackerman\\arymaid\\Arymaid\\vendor\\laravel\\framework\\src\\Illuminate\\Routing\\Router.php(740): Illuminate\\Routing\\Router->runRoute(Object(Illuminate\\Http\\Request), Object(Illuminate\\Routing\\Route))
#32 C:\\Users\\Mikasa Ackerman\\arymaid\\Arymaid\\vendor\\laravel\\framework\\src\\Illuminate\\Routing\\Router.php(729): Illuminate\\Routing\\Router->dispatchToRoute(Object(Illuminate\\Http\\Request))
#33 C:\\Users\\Mikasa Ackerman\\arymaid\\Arymaid\\vendor\\laravel\\framework\\src\\Illuminate\\Foundation\\Http\\Kernel.php(200): Illuminate\\Routing\\Router->dispatch(Object(Illuminate\\Http\\Request))
#34 C:\\Users\\Mikasa Ackerman\\arymaid\\Arymaid\\vendor\\laravel\\framework\\src\\Illuminate\\Pipeline\\Pipeline.php(141): Illuminate\\Foundation\\Http\\Kernel->Illuminate\\Foundation\\Http\\{closure}(Object(Illuminate\\Http\\Request))
#35 C:\\Users\\Mikasa Ackerman\\arymaid\\Arymaid\\vendor\\laravel\\framework\\src\\Illuminate\\Foundation\\Http\\Middleware\\TransformsRequest.php(21): Illuminate\\Pipeline\\Pipeline->Illuminate\\Pipeline\\{closure}(Object(Illuminate\\Http\\Request))
#36 C:\\Users\\Mikasa Ackerman\\arymaid\\Arymaid\\vendor\\laravel\\framework\\src\\Illuminate\\Foundation\\Http\\Middleware\\ConvertEmptyStringsToNull.php(31): Illuminate\\Foundation\\Http\\Middleware\\TransformsRequest->handle(Object(Illuminate\\Http\\Request), Object(Closure))
#37 C:\\Users\\Mikasa Ackerman\\arymaid\\Arymaid\\vendor\\laravel\\framework\\src\\Illuminate\\Pipeline\\Pipeline.php(180): Illuminate\\Foundation\\Http\\Middleware\\ConvertEmptyStringsToNull->handle(Object(Illuminate\\Http\\Request), Object(Closure))
#38 C:\\Users\\Mikasa Ackerman\\arymaid\\Arymaid\\vendor\\laravel\\framework\\src\\Illuminate\\Foundation\\Http\\Middleware\\TransformsRequest.php(21): Illuminate\\Pipeline\\Pipeline->Illuminate\\Pipeline\\{closure}(Object(Illuminate\\Http\\Request))
#39 C:\\Users\\Mikasa Ackerman\\arymaid\\Arymaid\\vendor\\laravel\\framework\\src\\Illuminate\\Foundation\\Http\\Middleware\\TrimStrings.php(40): Illuminate\\Foundation\\Http\\Middleware\\TransformsRequest->handle(Object(Illuminate\\Http\\Request), Object(Closure))
#40 C:\\Users\\Mikasa Ackerman\\arymaid\\Arymaid\\vendor\\laravel\\framework\\src\\Illuminate\\Pipeline\\Pipeline.php(180): Illuminate\\Foundation\\Http\\Middleware\\TrimStrings->handle(Object(Illuminate\\Http\\Request), Object(Closure))
#41 C:\\Users\\Mikasa Ackerman\\arymaid\\Arymaid\\vendor\\laravel\\framework\\src\\Illuminate\\Foundation\\Http\\Middleware\\ValidatePostSize.php(27): Illuminate\\Pipeline\\Pipeline->Illuminate\\Pipeline\\{closure}(Object(Illuminate\\Http\\Request))
#42 C:\\Users\\Mikasa Ackerman\\arymaid\\Arymaid\\vendor\\laravel\\framework\\src\\Illuminate\\Pipeline\\Pipeline.php(180): Illuminate\\Foundation\\Http\\Middleware\\ValidatePostSize->handle(Object(Illuminate\\Http\\Request), Object(Closure))
#43 C:\\Users\\Mikasa Ackerman\\arymaid\\Arymaid\\vendor\\laravel\\framework\\src\\Illuminate\\Foundation\\Http\\Middleware\\PreventRequestsDuringMaintenance.php(86): Illuminate\\Pipeline\\Pipeline->Illuminate\\Pipeline\\{closure}(Object(Illuminate\\Http\\Request))
#44 C:\\Users\\Mikasa Ackerman\\arymaid\\Arymaid\\vendor\\laravel\\framework\\src\\Illuminate\\Pipeline\\Pipeline.php(180): Illuminate\\Foundation\\Http\\Middleware\\PreventRequestsDuringMaintenance->handle(Object(Illuminate\\Http\\Request), Object(Closure))
#45 C:\\Users\\Mikasa Ackerman\\arymaid\\Arymaid\\vendor\\laravel\\framework\\src\\Illuminate\\Http\\Middleware\\HandleCors.php(49): Illuminate\\Pipeline\\Pipeline->Illuminate\\Pipeline\\{closure}(Object(Illuminate\\Http\\Request))
#46 C:\\Users\\Mikasa Ackerman\\arymaid\\Arymaid\\vendor\\laravel\\framework\\src\\Illuminate\\Pipeline\\Pipeline.php(180): Illuminate\\Http\\Middleware\\HandleCors->handle(Object(Illuminate\\Http\\Request), Object(Closure))
#47 C:\\Users\\Mikasa Ackerman\\arymaid\\Arymaid\\vendor\\laravel\\framework\\src\\Illuminate\\Http\\Middleware\\TrustProxies.php(39): Illuminate\\Pipeline\\Pipeline->Illuminate\\Pipeline\\{closure}(Object(Illuminate\\Http\\Request))
#48 C:\\Users\\Mikasa Ackerman\\arymaid\\Arymaid\\vendor\\laravel\\framework\\src\\Illuminate\\Pipeline\\Pipeline.php(180): Illuminate\\Http\\Middleware\\TrustProxies->handle(Object(Illuminate\\Http\\Request), Object(Closure))
#49 C:\\Users\\Mikasa Ackerman\\arymaid\\Arymaid\\vendor\\laravel\\framework\\src\\Illuminate\\Pipeline\\Pipeline.php(116): Illuminate\\Pipeline\\Pipeline->Illuminate\\Pipeline\\{closure}(Object(Illuminate\\Http\\Request))
#50 C:\\Users\\Mikasa Ackerman\\arymaid\\Arymaid\\vendor\\laravel\\framework\\src\\Illuminate\\Foundation\\Http\\Kernel.php(175): Illuminate\\Pipeline\\Pipeline->then(Object(Closure))
#51 C:\\Users\\Mikasa Ackerman\\arymaid\\Arymaid\\vendor\\laravel\\framework\\src\\Illuminate\\Foundation\\Http\\Kernel.php(144): Illuminate\\Foundation\\Http\\Kernel->sendRequestThroughRouter(Object(Illuminate\\Http\\Request))
#52 C:\\Users\\Mikasa Ackerman\\arymaid\\Arymaid\\public\\index.php(51): Illuminate\\Foundation\\Http\\Kernel->handle(Object(Illuminate\\Http\\Request))
#53 C:\\Users\\Mikasa Ackerman\\arymaid\\Arymaid\\vendor\\laravel\\framework\\src\\Illuminate\\Foundation\\resources\\server.php(16): require_once('C:\\\\Users\\\\Mikasa...')
#54 {main}
"} 
[2026-02-21 23:58:55] local.ERROR: Class "app\Models\categorie" not found {"exception":"[object] (Error(code: 0): Class \"app\\Models\\categorie\" not found at C:\\Users\\Mikasa Ackerman\\arymaid\\Arymaid\\vendor\\laravel\\framework\\src\\Illuminate\\Database\\Eloquent\\Concerns\\HasRelationships.php:793)
[stacktrace]
#0 C:\\Users\\Mikasa Ackerman\\arymaid\\Arymaid\\vendor\\laravel\\framework\\src\\Illuminate\\Database\\Eloquent\\Concerns\\HasRelationships.php(225): Illuminate\\Database\\Eloquent\\Model->newRelatedInstance('app\\\\Models\\\\cate...')
#1 C:\\Users\\Mikasa Ackerman\\arymaid\\Arymaid\\app\\Models\\produit.php(29): Illuminate\\Database\\Eloquent\\Model->belongsTo('app\\\\Models\\\\cate...', 'categorie_id')
#2 C:\\Users\\Mikasa Ackerman\\arymaid\\Arymaid\\vendor\\laravel\\framework\\src\\Illuminate\\Database\\Eloquent\\Builder.php(782): App\\Models\\produit->categorie_rel()
#3 C:\\Users\\Mikasa Ackerman\\arymaid\\Arymaid\\vendor\\laravel\\framework\\src\\Illuminate\\Database\\Eloquent\\Relations\\Relation.php(110): Illuminate\\Database\\Eloquent\\Builder->Illuminate\\Database\\Eloquent\\{closure}()
#4 C:\\Users\\Mikasa Ackerman\\arymaid\\Arymaid\\vendor\\laravel\\framework\\src\\Illuminate\\Database\\Eloquent\\Builder.php(780): Illuminate\\Database\\Eloquent\\Relations\\Relation::noConstraints(Object(Closure))
#5 C:\\Users\\Mikasa Ackerman\\arymaid\\Arymaid\\vendor\\laravel\\framework\\src\\Illuminate\\Database\\Eloquent\\Builder.php(754): Illuminate\\Database\\Eloquent\\Builder->getRelation('categorie_rel')
#6 C:\\Users\\Mikasa Ackerman\\arymaid\\Arymaid\\vendor\\laravel\\framework\\src\\Illuminate\\Database\\Eloquent\\Builder.php(734): Illuminate\\Database\\Eloquent\\Builder->eagerLoadRelation(Array, 'categorie_rel', Object(Closure))
#7 C:\\Users\\Mikasa Ackerman\\arymaid\\Arymaid\\vendor\\laravel\\framework\\src\\Illuminate\\Database\\Eloquent\\Builder.php(702): Illuminate\\Database\\Eloquent\\Builder->eagerLoadRelations(Array)
#8 C:\\Users\\Mikasa Ackerman\\arymaid\\Arymaid\\app\\Http\\Controllers\\HomeController.php(19): Illuminate\\Database\\Eloquent\\Builder->get()
#9 C:\\Users\\Mikasa Ackerman\\arymaid\\Arymaid\\vendor\\laravel\\framework\\src\\Illuminate\\Routing\\Controller.php(54): App\\Http\\Controllers\\HomeController->Home()
#10 C:\\Users\\Mikasa Ackerman\\arymaid\\Arymaid\\vendor\\laravel\\framework\\src\\Illuminate\\Routing\\ControllerDispatcher.php(43): Illuminate\\Routing\\Controller->callAction('Home', Array)
#11 C:\\Users\\Mikasa Ackerman\\arymaid\\Arymaid\\vendor\\laravel\\framework\\src\\Illuminate\\Routing\\Route.php(259): Illuminate\\Routing\\ControllerDispatcher->dispatch(Object(Illuminate\\Routing\\Route), Object(App\\Http\\Controllers\\HomeController), 'Home')
#12 C:\\Users\\Mikasa Ackerman\\arymaid\\Arymaid\\vendor\\laravel\\framework\\src\\Illuminate\\Routing\\Route.php(205): Illuminate\\Routing\\Route->runController()
#13 C:\\Users\\Mikasa Ackerman\\arymaid\\Arymaid\\vendor\\laravel\\framework\\src\\Illuminate\\Routing\\Router.php(798): Illuminate\\Routing\\Route->run()
#14 C:\\Users\\Mikasa Ackerman\\arymaid\\Arymaid\\vendor\\laravel\\framework\\src\\Illuminate\\Pipeline\\Pipeline.php(141): Illuminate\\Routing\\Router->Illuminate\\Routing\\{closure}(Object(Illuminate\\Http\\Request))
#15 C:\\Users\\Mikasa Ackerman\\arymaid\\Arymaid\\vendor\\laravel\\framework\\src\\Illuminate\\Routing\\Middleware\\SubstituteBindings.php(50): Illuminate\\Pipeline\\Pipeline->Illuminate\\Pipeline\\{closure}(Object(Illuminate\\Http\\Request))
#16 C:\\Users\\Mikasa Ackerman\\arymaid\\Arymaid\\vendor\\laravel\\framework\\src\\Illuminate\\Pipeline\\Pipeline.php(180): Illuminate\\Routing\\Middleware\\SubstituteBindings->handle(Object(Illuminate\\Http\\Request), Object(Closure))
#17 C:\\Users\\Mikasa Ackerman\\arymaid\\Arymaid\\vendor\\laravel\\framework\\src\\Illuminate\\Foundation\\Http\\Middleware\\VerifyCsrfToken.php(78): Illuminate\\Pipeline\\Pipeline->Illuminate\\Pipeline\\{closure}(Object(Illuminate\\Http\\Request))
#18 C:\\Users\\Mikasa Ackerman\\arymaid\\Arymaid\\vendor\\laravel\\framework\\src\\Illuminate\\Pipeline\\Pipeline.php(180): Illuminate\\Foundation\\Http\\Middleware\\VerifyCsrfToken->handle(Object(Illuminate\\Http\\Request), Object(Closure))
#19 C:\\Users\\Mikasa Ackerman\\arymaid\\Arymaid\\vendor\\laravel\\framework\\src\\Illuminate\\View\\Middleware\\ShareErrorsFromSession.php(49): Illuminate\\Pipeline\\Pipeline->Illuminate\\Pipeline\\{closure}(Object(Illuminate\\Http\\Request))
#20 C:\\Users\\Mikasa Ackerman\\arymaid\\Arymaid\\vendor\\laravel\\framework\\src\\Illuminate\\Pipeline\\Pipeline.php(180): Illuminate\\View\\Middleware\\ShareErrorsFromSession->handle(Object(Illuminate\\Http\\Request), Object(Closure))
#21 C:\\Users\\Mikasa Ackerman\\arymaid\\Arymaid\\vendor\\laravel\\framework\\src\\Illuminate\\Session\\Middleware\\StartSession.php(121): Illuminate\\Pipeline\\Pipeline->Illuminate\\Pipeline\\{closure}(Object(Illuminate\\Http\\Request))
#22 C:\\Users\\Mikasa Ackerman\\arymaid\\Arymaid\\vendor\\laravel\\framework\\src\\Illuminate\\Session\\Middleware\\StartSession.php(64): Illuminate\\Session\\Middleware\\StartSession->handleStatefulRequest(Object(Illuminate\\Http\\Request), Object(Illuminate\\Session\\Store), Object(Closure))
#23 C:\\Users\\Mikasa Ackerman\\arymaid\\Arymaid\\vendor\\laravel\\framework\\src\\Illuminate\\Pipeline\\Pipeline.php(180): Illuminate\\Session\\Middleware\\StartSession->handle(Object(Illuminate\\Http\\Request), Object(Closure))
#24 C:\\Users\\Mikasa Ackerman\\arymaid\\Arymaid\\vendor\\laravel\\framework\\src\\Illuminate\\Cookie\\Middleware\\AddQueuedCookiesToResponse.php(37): Illuminate\\Pipeline\\Pipeline->Illuminate\\Pipeline\\{closure}(Object(Illuminate\\Http\\Request))
#25 C:\\Users\\Mikasa Ackerman\\arymaid\\Arymaid\\vendor\\laravel\\framework\\src\\Illuminate\\Pipeline\\Pipeline.php(180): Illuminate\\Cookie\\Middleware\\AddQueuedCookiesToResponse->handle(Object(Illuminate\\Http\\Request), Object(Closure))
#26 C:\\Users\\Mikasa Ackerman\\arymaid\\Arymaid\\vendor\\laravel\\framework\\src\\Illuminate\\Cookie\\Middleware\\EncryptCookies.php(67): Illuminate\\Pipeline\\Pipeline->Illuminate\\Pipeline\\{closure}(Object(Illuminate\\Http\\Request))
#27 C:\\Users\\Mikasa Ackerman\\arymaid\\Arymaid\\vendor\\laravel\\framework\\src\\Illuminate\\Pipeline\\Pipeline.php(180): Illuminate\\Cookie\\Middleware\\EncryptCookies->handle(Object(Illuminate\\Http\\Request), Object(Closure))
#28 C:\\Users\\Mikasa Ackerman\\arymaid\\Arymaid\\vendor\\laravel\\framework\\src\\Illuminate\\Pipeline\\Pipeline.php(116): Illuminate\\Pipeline\\Pipeline->Illuminate\\Pipeline\\{closure}(Object(Illuminate\\Http\\Request))
#29 C:\\Users\\Mikasa Ackerman\\arymaid\\Arymaid\\vendor\\laravel\\framework\\src\\Illuminate\\Routing\\Router.php(797): Illuminate\\Pipeline\\Pipeline->then(Object(Closure))
#30 C:\\Users\\Mikasa Ackerman\\arymaid\\Arymaid\\vendor\\laravel\\framework\\src\\Illuminate\\Routing\\Router.php(776): Illuminate\\Routing\\Router->runRouteWithinStack(Object(Illuminate\\Routing\\Route), Object(Illuminate\\Http\\Request))
#31 C:\\Users\\Mikasa Ackerman\\arymaid\\Arymaid\\vendor\\laravel\\framework\\src\\Illuminate\\Routing\\Router.php(740): Illuminate\\Routing\\Router->runRoute(Object(Illuminate\\Http\\Request), Object(Illuminate\\Routing\\Route))
#32 C:\\Users\\Mikasa Ackerman\\arymaid\\Arymaid\\vendor\\laravel\\framework\\src\\Illuminate\\Routing\\Router.php(729): Illuminate\\Routing\\Router->dispatchToRoute(Object(Illuminate\\Http\\Request))
#33 C:\\Users\\Mikasa Ackerman\\arymaid\\Arymaid\\vendor\\laravel\\framework\\src\\Illuminate\\Foundation\\Http\\Kernel.php(200): Illuminate\\Routing\\Router->dispatch(Object(Illuminate\\Http\\Request))
#34 C:\\Users\\Mikasa Ackerman\\arymaid\\Arymaid\\vendor\\laravel\\framework\\src\\Illuminate\\Pipeline\\Pipeline.php(141): Illuminate\\Foundation\\Http\\Kernel->Illuminate\\Foundation\\Http\\{closure}(Object(Illuminate\\Http\\Request))
#35 C:\\Users\\Mikasa Ackerman\\arymaid\\Arymaid\\vendor\\laravel\\framework\\src\\Illuminate\\Foundation\\Http\\Middleware\\TransformsRequest.php(21): Illuminate\\Pipeline\\Pipeline->Illuminate\\Pipeline\\{closure}(Object(Illuminate\\Http\\Request))
#36 C:\\Users\\Mikasa Ackerman\\arymaid\\Arymaid\\vendor\\laravel\\framework\\src\\Illuminate\\Foundation\\Http\\Middleware\\ConvertEmptyStringsToNull.php(31): Illuminate\\Foundation\\Http\\Middleware\\TransformsRequest->handle(Object(Illuminate\\Http\\Request), Object(Closure))
#37 C:\\Users\\Mikasa Ackerman\\arymaid\\Arymaid\\vendor\\laravel\\framework\\src\\Illuminate\\Pipeline\\Pipeline.php(180): Illuminate\\Foundation\\Http\\Middleware\\ConvertEmptyStringsToNull->handle(Object(Illuminate\\Http\\Request), Object(Closure))
#38 C:\\Users\\Mikasa Ackerman\\arymaid\\Arymaid\\vendor\\laravel\\framework\\src\\Illuminate\\Foundation\\Http\\Middleware\\TransformsRequest.php(21): Illuminate\\Pipeline\\Pipeline->Illuminate\\Pipeline\\{closure}(Object(Illuminate\\Http\\Request))
#39 C:\\Users\\Mikasa Ackerman\\arymaid\\Arymaid\\vendor\\laravel\\framework\\src\\Illuminate\\Foundation\\Http\\Middleware\\TrimStrings.php(40): Illuminate\\Foundation\\Http\\Middleware\\TransformsRequest->handle(Object(Illuminate\\Http\\Request), Object(Closure))
#40 C:\\Users\\Mikasa Ackerman\\arymaid\\Arymaid\\vendor\\laravel\\framework\\src\\Illuminate\\Pipeline\\Pipeline.php(180): Illuminate\\Foundation\\Http\\Middleware\\TrimStrings->handle(Object(Illuminate\\Http\\Request), Object(Closure))
#41 C:\\Users\\Mikasa Ackerman\\arymaid\\Arymaid\\vendor\\laravel\\framework\\src\\Illuminate\\Foundation\\Http\\Middleware\\ValidatePostSize.php(27): Illuminate\\Pipeline\\Pipeline->Illuminate\\Pipeline\\{closure}(Object(Illuminate\\Http\\Request))
#42 C:\\Users\\Mikasa Ackerman\\arymaid\\Arymaid\\vendor\\laravel\\framework\\src\\Illuminate\\Pipeline\\Pipeline.php(180): Illuminate\\Foundation\\Http\\Middleware\\ValidatePostSize->handle(Object(Illuminate\\Http\\Request), Object(Closure))
#43 C:\\Users\\Mikasa Ackerman\\arymaid\\Arymaid\\vendor\\laravel\\framework\\src\\Illuminate\\Foundation\\Http\\Middleware\\PreventRequestsDuringMaintenance.php(86): Illuminate\\Pipeline\\Pipeline->Illuminate\\Pipeline\\{closure}(Object(Illuminate\\Http\\Request))
#44 C:\\Users\\Mikasa Ackerman\\arymaid\\Arymaid\\vendor\\laravel\\framework\\src\\Illuminate\\Pipeline\\Pipeline.php(180): Illuminate\\Foundation\\Http\\Middleware\\PreventRequestsDuringMaintenance->handle(Object(Illuminate\\Http\\Request), Object(Closure))
#45 C:\\Users\\Mikasa Ackerman\\arymaid\\Arymaid\\vendor\\laravel\\framework\\src\\Illuminate\\Http\\Middleware\\HandleCors.php(49): Illuminate\\Pipeline\\Pipeline->Illuminate\\Pipeline\\{closure}(Object(Illuminate\\Http\\Request))
#46 C:\\Users\\Mikasa Ackerman\\arymaid\\Arymaid\\vendor\\laravel\\framework\\src\\Illuminate\\Pipeline\\Pipeline.php(180): Illuminate\\Http\\Middleware\\HandleCors->handle(Object(Illuminate\\Http\\Request), Object(Closure))
#47 C:\\Users\\Mikasa Ackerman\\arymaid\\Arymaid\\vendor\\laravel\\framework\\src\\Illuminate\\Http\\Middleware\\TrustProxies.php(39): Illuminate\\Pipeline\\Pipeline->Illuminate\\Pipeline\\{closure}(Object(Illuminate\\Http\\Request))
#48 C:\\Users\\Mikasa Ackerman\\arymaid\\Arymaid\\vendor\\laravel\\framework\\src\\Illuminate\\Pipeline\\Pipeline.php(180): Illuminate\\Http\\Middleware\\TrustProxies->handle(Object(Illuminate\\Http\\Request), Object(Closure))
#49 C:\\Users\\Mikasa Ackerman\\arymaid\\Arymaid\\vendor\\laravel\\framework\\src\\Illuminate\\Pipeline\\Pipeline.php(116): Illuminate\\Pipeline\\Pipeline->Illuminate\\Pipeline\\{closure}(Object(Illuminate\\Http\\Request))
#50 C:\\Users\\Mikasa Ackerman\\arymaid\\Arymaid\\vendor\\laravel\\framework\\src\\Illuminate\\Foundation\\Http\\Kernel.php(175): Illuminate\\Pipeline\\Pipeline->then(Object(Closure))
#51 C:\\Users\\Mikasa Ackerman\\arymaid\\Arymaid\\vendor\\laravel\\framework\\src\\Illuminate\\Foundation\\Http\\Kernel.php(144): Illuminate\\Foundation\\Http\\Kernel->sendRequestThroughRouter(Object(Illuminate\\Http\\Request))
#52 C:\\Users\\Mikasa Ackerman\\arymaid\\Arymaid\\public\\index.php(51): Illuminate\\Foundation\\Http\\Kernel->handle(Object(Illuminate\\Http\\Request))
#53 C:\\Users\\Mikasa Ackerman\\arymaid\\Arymaid\\vendor\\laravel\\framework\\src\\Illuminate\\Foundation\\resources\\server.php(16): require_once('C:\\\\Users\\\\Mikasa...')
#54 {main}
"} 
[2026-02-24 15:57:39] local.ERROR: Undefined variable $categories {"view":{"view":"C:\\Users\\Mikasa Ackerman\\arymaid\\Arymaid\\resources\\views\\partials\\headerMain.blade.php","data":{"errors":"<pre class=sf-dump id=sf-dump-1049194406 data-indent-pad=\"  \"><span class=sf-dump-note>Illuminate\\Support\\ViewErrorBag</span> {<a class=sf-dump-ref>#319</a><samp data-depth=1 class=sf-dump-expanded>
  #<span class=sf-dump-protected title=\"Protected property\">bags</span>: []
</samp>}
</pre><script>Sfdump(\"sf-dump-1049194406\", {\"maxDepth\":3,\"maxStringLength\":160})</script>
"}},"exception":"[object] (Spatie\\LaravelIgnition\\Exceptions\\ViewException(code: 0): Undefined variable $categories at C:\\Users\\Mikasa Ackerman\\arymaid\\Arymaid\\resources\\views\\partials\\headerMain.blade.php:53)
[stacktrace]
#0 C:\\Users\\Mikasa Ackerman\\arymaid\\Arymaid\\vendor\\laravel\\framework\\src\\Illuminate\\Foundation\\Bootstrap\\HandleExceptions.php(250): Illuminate\\Foundation\\Bootstrap\\HandleExceptions->handleError(2, 'Undefined varia...', 'C:\\\\Users\\\\Mikasa...', 53)
#1 C:\\Users\\Mikasa Ackerman\\arymaid\\Arymaid\\resources\\views\\partials\\headerMain.blade.php(53): Illuminate\\Foundation\\Bootstrap\\HandleExceptions->Illuminate\\Foundation\\Bootstrap\\{closure}(2, 'Undefined varia...', 'C:\\\\Users\\\\Mikasa...', 53)
#2 C:\\Users\\Mikasa Ackerman\\arymaid\\Arymaid\\vendor\\laravel\\framework\\src\\Illuminate\\Filesystem\\Filesystem.php(109): require('C:\\\\Users\\\\Mikasa...')
#3 C:\\Users\\Mikasa Ackerman\\arymaid\\Arymaid\\vendor\\laravel\\framework\\src\\Illuminate\\Filesystem\\Filesystem.php(110): Illuminate\\Filesystem\\Filesystem::Illuminate\\Filesystem\\{closure}()
#4 C:\\Users\\Mikasa Ackerman\\arymaid\\Arymaid\\vendor\\laravel\\framework\\src\\Illuminate\\View\\Engines\\PhpEngine.php(58): Illuminate\\Filesystem\\Filesystem->getRequire('C:\\\\Users\\\\Mikasa...', Array)
#5 C:\\Users\\Mikasa Ackerman\\arymaid\\Arymaid\\vendor\\laravel\\framework\\src\\Illuminate\\View\\Engines\\CompilerEngine.php(70): Illuminate\\View\\Engines\\PhpEngine->evaluatePath('C:\\\\Users\\\\Mikasa...', Array)
#6 C:\\Users\\Mikasa Ackerman\\arymaid\\Arymaid\\vendor\\laravel\\framework\\src\\Illuminate\\View\\View.php(195): Illuminate\\View\\Engines\\CompilerEngine->get('C:\\\\Users\\\\Mikasa...', Array)
#7 C:\\Users\\Mikasa Ackerman\\arymaid\\Arymaid\\vendor\\laravel\\framework\\src\\Illuminate\\View\\View.php(178): Illuminate\\View\\View->getContents()
#8 C:\\Users\\Mikasa Ackerman\\arymaid\\Arymaid\\vendor\\laravel\\framework\\src\\Illuminate\\View\\View.php(147): Illuminate\\View\\View->renderContents()
#9 C:\\Users\\Mikasa Ackerman\\arymaid\\Arymaid\\resources\\views\\layouts\\masterHome.blade.php(42): Illuminate\\View\\View->render()
#10 C:\\Users\\Mikasa Ackerman\\arymaid\\Arymaid\\vendor\\laravel\\framework\\src\\Illuminate\\Filesystem\\Filesystem.php(109): require('C:\\\\Users\\\\Mikasa...')
#11 C:\\Users\\Mikasa Ackerman\\arymaid\\Arymaid\\vendor\\laravel\\framework\\src\\Illuminate\\Filesystem\\Filesystem.php(110): Illuminate\\Filesystem\\Filesystem::Illuminate\\Filesystem\\{closure}()
#12 C:\\Users\\Mikasa Ackerman\\arymaid\\Arymaid\\vendor\\laravel\\framework\\src\\Illuminate\\View\\Engines\\PhpEngine.php(58): Illuminate\\Filesystem\\Filesystem->getRequire('C:\\\\Users\\\\Mikasa...', Array)
#13 C:\\Users\\Mikasa Ackerman\\arymaid\\Arymaid\\vendor\\laravel\\framework\\src\\Illuminate\\View\\Engines\\CompilerEngine.php(70): Illuminate\\View\\Engines\\PhpEngine->evaluatePath('C:\\\\Users\\\\Mikasa...', Array)
#14 C:\\Users\\Mikasa Ackerman\\arymaid\\Arymaid\\vendor\\laravel\\framework\\src\\Illuminate\\View\\View.php(195): Illuminate\\View\\Engines\\CompilerEngine->get('C:\\\\Users\\\\Mikasa...', Array)
#15 C:\\Users\\Mikasa Ackerman\\arymaid\\Arymaid\\vendor\\laravel\\framework\\src\\Illuminate\\View\\View.php(178): Illuminate\\View\\View->getContents()
#16 C:\\Users\\Mikasa Ackerman\\arymaid\\Arymaid\\vendor\\laravel\\framework\\src\\Illuminate\\View\\View.php(147): Illuminate\\View\\View->renderContents()
#17 C:\\Users\\Mikasa Ackerman\\arymaid\\Arymaid\\resources\\views\\components\\register.blade.php(75): Illuminate\\View\\View->render()
#18 C:\\Users\\Mikasa Ackerman\\arymaid\\Arymaid\\vendor\\laravel\\framework\\src\\Illuminate\\Filesystem\\Filesystem.php(109): require('C:\\\\Users\\\\Mikasa...')
#19 C:\\Users\\Mikasa Ackerman\\arymaid\\Arymaid\\vendor\\laravel\\framework\\src\\Illuminate\\Filesystem\\Filesystem.php(110): Illuminate\\Filesystem\\Filesystem::Illuminate\\Filesystem\\{closure}()
#20 C:\\Users\\Mikasa Ackerman\\arymaid\\Arymaid\\vendor\\laravel\\framework\\src\\Illuminate\\View\\Engines\\PhpEngine.php(58): Illuminate\\Filesystem\\Filesystem->getRequire('C:\\\\Users\\\\Mikasa...', Array)
#21 C:\\Users\\Mikasa Ackerman\\arymaid\\Arymaid\\vendor\\laravel\\framework\\src\\Illuminate\\View\\Engines\\CompilerEngine.php(70): Illuminate\\View\\Engines\\PhpEngine->evaluatePath('C:\\\\Users\\\\Mikasa...', Array)
#22 C:\\Users\\Mikasa Ackerman\\arymaid\\Arymaid\\vendor\\laravel\\framework\\src\\Illuminate\\View\\View.php(195): Illuminate\\View\\Engines\\CompilerEngine->get('C:\\\\Users\\\\Mikasa...', Array)
#23 C:\\Users\\Mikasa Ackerman\\arymaid\\Arymaid\\vendor\\laravel\\framework\\src\\Illuminate\\View\\View.php(178): Illuminate\\View\\View->getContents()
#24 C:\\Users\\Mikasa Ackerman\\arymaid\\Arymaid\\vendor\\laravel\\framework\\src\\Illuminate\\View\\View.php(147): Illuminate\\View\\View->renderContents()
#25 C:\\Users\\Mikasa Ackerman\\arymaid\\Arymaid\\vendor\\laravel\\framework\\src\\Illuminate\\Http\\Response.php(69): Illuminate\\View\\View->render()
#26 C:\\Users\\Mikasa Ackerman\\arymaid\\Arymaid\\vendor\\laravel\\framework\\src\\Illuminate\\Http\\Response.php(35): Illuminate\\Http\\Response->setContent(Object(Illuminate\\View\\View))
#27 C:\\Users\\Mikasa Ackerman\\arymaid\\Arymaid\\vendor\\laravel\\framework\\src\\Illuminate\\Routing\\Router.php(906): Illuminate\\Http\\Response->__construct(Object(Illuminate\\View\\View), 200, Array)
#28 C:\\Users\\Mikasa Ackerman\\arymaid\\Arymaid\\vendor\\laravel\\framework\\src\\Illuminate\\Routing\\Router.php(875): Illuminate\\Routing\\Router::toResponse(Object(Illuminate\\Http\\Request), Object(Illuminate\\View\\View))
#29 C:\\Users\\Mikasa Ackerman\\arymaid\\Arymaid\\vendor\\laravel\\framework\\src\\Illuminate\\Routing\\Router.php(797): Illuminate\\Routing\\Router->prepareResponse(Object(Illuminate\\Http\\Request), Object(Illuminate\\View\\View))
#30 C:\\Users\\Mikasa Ackerman\\arymaid\\Arymaid\\vendor\\laravel\\framework\\src\\Illuminate\\Pipeline\\Pipeline.php(141): Illuminate\\Routing\\Router->Illuminate\\Routing\\{closure}(Object(Illuminate\\Http\\Request))
#31 C:\\Users\\Mikasa Ackerman\\arymaid\\Arymaid\\vendor\\laravel\\framework\\src\\Illuminate\\Routing\\Middleware\\SubstituteBindings.php(50): Illuminate\\Pipeline\\Pipeline->Illuminate\\Pipeline\\{closure}(Object(Illuminate\\Http\\Request))
#32 C:\\Users\\Mikasa Ackerman\\arymaid\\Arymaid\\vendor\\laravel\\framework\\src\\Illuminate\\Pipeline\\Pipeline.php(180): Illuminate\\Routing\\Middleware\\SubstituteBindings->handle(Object(Illuminate\\Http\\Request), Object(Closure))
#33 C:\\Users\\Mikasa Ackerman\\arymaid\\Arymaid\\vendor\\laravel\\framework\\src\\Illuminate\\Foundation\\Http\\Middleware\\VerifyCsrfToken.php(78): Illuminate\\Pipeline\\Pipeline->Illuminate\\Pipeline\\{closure}(Object(Illuminate\\Http\\Request))
#34 C:\\Users\\Mikasa Ackerman\\arymaid\\Arymaid\\vendor\\laravel\\framework\\src\\Illuminate\\Pipeline\\Pipeline.php(180): Illuminate\\Foundation\\Http\\Middleware\\VerifyCsrfToken->handle(Object(Illuminate\\Http\\Request), Object(Closure))
#35 C:\\Users\\Mikasa Ackerman\\arymaid\\Arymaid\\vendor\\laravel\\framework\\src\\Illuminate\\View\\Middleware\\ShareErrorsFromSession.php(49): Illuminate\\Pipeline\\Pipeline->Illuminate\\Pipeline\\{closure}(Object(Illuminate\\Http\\Request))
#36 C:\\Users\\Mikasa Ackerman\\arymaid\\Arymaid\\vendor\\laravel\\framework\\src\\Illuminate\\Pipeline\\Pipeline.php(180): Illuminate\\View\\Middleware\\ShareErrorsFromSession->handle(Object(Illuminate\\Http\\Request), Object(Closure))
#37 C:\\Users\\Mikasa Ackerman\\arymaid\\Arymaid\\vendor\\laravel\\framework\\src\\Illuminate\\Session\\Middleware\\StartSession.php(121): Illuminate\\Pipeline\\Pipeline->Illuminate\\Pipeline\\{closure}(Object(Illuminate\\Http\\Request))
#38 C:\\Users\\Mikasa Ackerman\\arymaid\\Arymaid\\vendor\\laravel\\framework\\src\\Illuminate\\Session\\Middleware\\StartSession.php(64): Illuminate\\Session\\Middleware\\StartSession->handleStatefulRequest(Object(Illuminate\\Http\\Request), Object(Illuminate\\Session\\Store), Object(Closure))
#39 C:\\Users\\Mikasa Ackerman\\arymaid\\Arymaid\\vendor\\laravel\\framework\\src\\Illuminate\\Pipeline\\Pipeline.php(180): Illuminate\\Session\\Middleware\\StartSession->handle(Object(Illuminate\\Http\\Request), Object(Closure))
#40 C:\\Users\\Mikasa Ackerman\\arymaid\\Arymaid\\vendor\\laravel\\framework\\src\\Illuminate\\Cookie\\Middleware\\AddQueuedCookiesToResponse.php(37): Illuminate\\Pipeline\\Pipeline->Illuminate\\Pipeline\\{closure}(Object(Illuminate\\Http\\Request))
#41 C:\\Users\\Mikasa Ackerman\\arymaid\\Arymaid\\vendor\\laravel\\framework\\src\\Illuminate\\Pipeline\\Pipeline.php(180): Illuminate\\Cookie\\Middleware\\AddQueuedCookiesToResponse->handle(Object(Illuminate\\Http\\Request), Object(Closure))
#42 C:\\Users\\Mikasa Ackerman\\arymaid\\Arymaid\\vendor\\laravel\\framework\\src\\Illuminate\\Cookie\\Middleware\\EncryptCookies.php(67): Illuminate\\Pipeline\\Pipeline->Illuminate\\Pipeline\\{closure}(Object(Illuminate\\Http\\Request))
#43 C:\\Users\\Mikasa Ackerman\\arymaid\\Arymaid\\vendor\\laravel\\framework\\src\\Illuminate\\Pipeline\\Pipeline.php(180): Illuminate\\Cookie\\Middleware\\EncryptCookies->handle(Object(Illuminate\\Http\\Request), Object(Closure))
#44 C:\\Users\\Mikasa Ackerman\\arymaid\\Arymaid\\vendor\\laravel\\framework\\src\\Illuminate\\Pipeline\\Pipeline.php(116): Illuminate\\Pipeline\\Pipeline->Illuminate\\Pipeline\\{closure}(Object(Illuminate\\Http\\Request))
#45 C:\\Users\\Mikasa Ackerman\\arymaid\\Arymaid\\vendor\\laravel\\framework\\src\\Illuminate\\Routing\\Router.php(797): Illuminate\\Pipeline\\Pipeline->then(Object(Closure))
#46 C:\\Users\\Mikasa Ackerman\\arymaid\\Arymaid\\vendor\\laravel\\framework\\src\\Illuminate\\Routing\\Router.php(776): Illuminate\\Routing\\Router->runRouteWithinStack(Object(Illuminate\\Routing\\Route), Object(Illuminate\\Http\\Request))
#47 C:\\Users\\Mikasa Ackerman\\arymaid\\Arymaid\\vendor\\laravel\\framework\\src\\Illuminate\\Routing\\Router.php(740): Illuminate\\Routing\\Router->runRoute(Object(Illuminate\\Http\\Request), Object(Illuminate\\Routing\\Route))
#48 C:\\Users\\Mikasa Ackerman\\arymaid\\Arymaid\\vendor\\laravel\\framework\\src\\Illuminate\\Routing\\Router.php(729): Illuminate\\Routing\\Router->dispatchToRoute(Object(Illuminate\\Http\\Request))
#49 C:\\Users\\Mikasa Ackerman\\arymaid\\Arymaid\\vendor\\laravel\\framework\\src\\Illuminate\\Foundation\\Http\\Kernel.php(200): Illuminate\\Routing\\Router->dispatch(Object(Illuminate\\Http\\Request))
#50 C:\\Users\\Mikasa Ackerman\\arymaid\\Arymaid\\vendor\\laravel\\framework\\src\\Illuminate\\Pipeline\\Pipeline.php(141): Illuminate\\Foundation\\Http\\Kernel->Illuminate\\Foundation\\Http\\{closure}(Object(Illuminate\\Http\\Request))
#51 C:\\Users\\Mikasa Ackerman\\arymaid\\Arymaid\\vendor\\laravel\\framework\\src\\Illuminate\\Foundation\\Http\\Middleware\\TransformsRequest.php(21): Illuminate\\Pipeline\\Pipeline->Illuminate\\Pipeline\\{closure}(Object(Illuminate\\Http\\Request))
#52 C:\\Users\\Mikasa Ackerman\\arymaid\\Arymaid\\vendor\\laravel\\framework\\src\\Illuminate\\Foundation\\Http\\Middleware\\ConvertEmptyStringsToNull.php(31): Illuminate\\Foundation\\Http\\Middleware\\TransformsRequest->handle(Object(Illuminate\\Http\\Request), Object(Closure))
#53 C:\\Users\\Mikasa Ackerman\\arymaid\\Arymaid\\vendor\\laravel\\framework\\src\\Illuminate\\Pipeline\\Pipeline.php(180): Illuminate\\Foundation\\Http\\Middleware\\ConvertEmptyStringsToNull->handle(Object(Illuminate\\Http\\Request), Object(Closure))
#54 C:\\Users\\Mikasa Ackerman\\arymaid\\Arymaid\\vendor\\laravel\\framework\\src\\Illuminate\\Foundation\\Http\\Middleware\\TransformsRequest.php(21): Illuminate\\Pipeline\\Pipeline->Illuminate\\Pipeline\\{closure}(Object(Illuminate\\Http\\Request))
#55 C:\\Users\\Mikasa Ackerman\\arymaid\\Arymaid\\vendor\\laravel\\framework\\src\\Illuminate\\Foundation\\Http\\Middleware\\TrimStrings.php(40): Illuminate\\Foundation\\Http\\Middleware\\TransformsRequest->handle(Object(Illuminate\\Http\\Request), Object(Closure))
#56 C:\\Users\\Mikasa Ackerman\\arymaid\\Arymaid\\vendor\\laravel\\framework\\src\\Illuminate\\Pipeline\\Pipeline.php(180): Illuminate\\Foundation\\Http\\Middleware\\TrimStrings->handle(Object(Illuminate\\Http\\Request), Object(Closure))
#57 C:\\Users\\Mikasa Ackerman\\arymaid\\Arymaid\\vendor\\laravel\\framework\\src\\Illuminate\\Foundation\\Http\\Middleware\\ValidatePostSize.php(27): Illuminate\\Pipeline\\Pipeline->Illuminate\\Pipeline\\{closure}(Object(Illuminate\\Http\\Request))
#58 C:\\Users\\Mikasa Ackerman\\arymaid\\Arymaid\\vendor\\laravel\\framework\\src\\Illuminate\\Pipeline\\Pipeline.php(180): Illuminate\\Foundation\\Http\\Middleware\\ValidatePostSize->handle(Object(Illuminate\\Http\\Request), Object(Closure))
#59 C:\\Users\\Mikasa Ackerman\\arymaid\\Arymaid\\vendor\\laravel\\framework\\src\\Illuminate\\Foundation\\Http\\Middleware\\PreventRequestsDuringMaintenance.php(86): Illuminate\\Pipeline\\Pipeline->Illuminate\\Pipeline\\{closure}(Object(Illuminate\\Http\\Request))
#60 C:\\Users\\Mikasa Ackerman\\arymaid\\Arymaid\\vendor\\laravel\\framework\\src\\Illuminate\\Pipeline\\Pipeline.php(180): Illuminate\\Foundation\\Http\\Middleware\\PreventRequestsDuringMaintenance->handle(Object(Illuminate\\Http\\Request), Object(Closure))
#61 C:\\Users\\Mikasa Ackerman\\arymaid\\Arymaid\\vendor\\laravel\\framework\\src\\Illuminate\\Http\\Middleware\\HandleCors.php(49): Illuminate\\Pipeline\\Pipeline->Illuminate\\Pipeline\\{closure}(Object(Illuminate\\Http\\Request))
#62 C:\\Users\\Mikasa Ackerman\\arymaid\\Arymaid\\vendor\\laravel\\framework\\src\\Illuminate\\Pipeline\\Pipeline.php(180): Illuminate\\Http\\Middleware\\HandleCors->handle(Object(Illuminate\\Http\\Request), Object(Closure))
#63 C:\\Users\\Mikasa Ackerman\\arymaid\\Arymaid\\vendor\\laravel\\framework\\src\\Illuminate\\Http\\Middleware\\TrustProxies.php(39): Illuminate\\Pipeline\\Pipeline->Illuminate\\Pipeline\\{closure}(Object(Illuminate\\Http\\Request))
#64 C:\\Users\\Mikasa Ackerman\\arymaid\\Arymaid\\vendor\\laravel\\framework\\src\\Illuminate\\Pipeline\\Pipeline.php(180): Illuminate\\Http\\Middleware\\TrustProxies->handle(Object(Illuminate\\Http\\Request), Object(Closure))
#65 C:\\Users\\Mikasa Ackerman\\arymaid\\Arymaid\\vendor\\laravel\\framework\\src\\Illuminate\\Pipeline\\Pipeline.php(116): Illuminate\\Pipeline\\Pipeline->Illuminate\\Pipeline\\{closure}(Object(Illuminate\\Http\\Request))
#66 C:\\Users\\Mikasa Ackerman\\arymaid\\Arymaid\\vendor\\laravel\\framework\\src\\Illuminate\\Foundation\\Http\\Kernel.php(175): Illuminate\\Pipeline\\Pipeline->then(Object(Closure))
#67 C:\\Users\\Mikasa Ackerman\\arymaid\\Arymaid\\vendor\\laravel\\framework\\src\\Illuminate\\Foundation\\Http\\Kernel.php(144): Illuminate\\Foundation\\Http\\Kernel->sendRequestThroughRouter(Object(Illuminate\\Http\\Request))
#68 C:\\Users\\Mikasa Ackerman\\arymaid\\Arymaid\\public\\index.php(51): Illuminate\\Foundation\\Http\\Kernel->handle(Object(Illuminate\\Http\\Request))
#69 C:\\Users\\Mikasa Ackerman\\arymaid\\Arymaid\\vendor\\laravel\\framework\\src\\Illuminate\\Foundation\\resources\\server.php(16): require_once('C:\\\\Users\\\\Mikasa...')
#70 {main}

[previous exception] [object] (ErrorException(code: 0): Undefined variable $categories at C:\\Users\\Mikasa Ackerman\\arymaid\\Arymaid\\storage\\framework\\views\\870024b7053604826470823ad6bc3e9b.php:53)
[stacktrace]
#0 C:\\Users\\Mikasa Ackerman\\arymaid\\Arymaid\\vendor\\laravel\\framework\\src\\Illuminate\\Foundation\\Bootstrap\\HandleExceptions.php(250): Illuminate\\Foundation\\Bootstrap\\HandleExceptions->handleError(2, 'Undefined varia...', 'C:\\\\Users\\\\Mikasa...', 53)
#1 C:\\Users\\Mikasa Ackerman\\arymaid\\Arymaid\\storage\\framework\\views\\870024b7053604826470823ad6bc3e9b.php(53): Illuminate\\Foundation\\Bootstrap\\HandleExceptions->Illuminate\\Foundation\\Bootstrap\\{closure}(2, 'Undefined varia...', 'C:\\\\Users\\\\Mikasa...', 53)
#2 C:\\Users\\Mikasa Ackerman\\arymaid\\Arymaid\\vendor\\laravel\\framework\\src\\Illuminate\\Filesystem\\Filesystem.php(109): require('C:\\\\Users\\\\Mikasa...')
#3 C:\\Users\\Mikasa Ackerman\\arymaid\\Arymaid\\vendor\\laravel\\framework\\src\\Illuminate\\Filesystem\\Filesystem.php(110): Illuminate\\Filesystem\\Filesystem::Illuminate\\Filesystem\\{closure}()
#4 C:\\Users\\Mikasa Ackerman\\arymaid\\Arymaid\\vendor\\laravel\\framework\\src\\Illuminate\\View\\Engines\\PhpEngine.php(58): Illuminate\\Filesystem\\Filesystem->getRequire('C:\\\\Users\\\\Mikasa...', Array)
#5 C:\\Users\\Mikasa Ackerman\\arymaid\\Arymaid\\vendor\\laravel\\framework\\src\\Illuminate\\View\\Engines\\CompilerEngine.php(70): Illuminate\\View\\Engines\\PhpEngine->evaluatePath('C:\\\\Users\\\\Mikasa...', Array)
#6 C:\\Users\\Mikasa Ackerman\\arymaid\\Arymaid\\vendor\\laravel\\framework\\src\\Illuminate\\View\\View.php(195): Illuminate\\View\\Engines\\CompilerEngine->get('C:\\\\Users\\\\Mikasa...', Array)
#7 C:\\Users\\Mikasa Ackerman\\arymaid\\Arymaid\\vendor\\laravel\\framework\\src\\Illuminate\\View\\View.php(178): Illuminate\\View\\View->getContents()
#8 C:\\Users\\Mikasa Ackerman\\arymaid\\Arymaid\\vendor\\laravel\\framework\\src\\Illuminate\\View\\View.php(147): Illuminate\\View\\View->renderContents()
#9 C:\\Users\\Mikasa Ackerman\\arymaid\\Arymaid\\storage\\framework\\views\\743235b1b584e592596c3c7506ff19c5.php(42): Illuminate\\View\\View->render()
#10 C:\\Users\\Mikasa Ackerman\\arymaid\\Arymaid\\vendor\\laravel\\framework\\src\\Illuminate\\Filesystem\\Filesystem.php(109): require('C:\\\\Users\\\\Mikasa...')
#11 C:\\Users\\Mikasa Ackerman\\arymaid\\Arymaid\\vendor\\laravel\\framework\\src\\Illuminate\\Filesystem\\Filesystem.php(110): Illuminate\\Filesystem\\Filesystem::Illuminate\\Filesystem\\{closure}()
#12 C:\\Users\\Mikasa Ackerman\\arymaid\\Arymaid\\vendor\\laravel\\framework\\src\\Illuminate\\View\\Engines\\PhpEngine.php(58): Illuminate\\Filesystem\\Filesystem->getRequire('C:\\\\Users\\\\Mikasa...', Array)
#13 C:\\Users\\Mikasa Ackerman\\arymaid\\Arymaid\\vendor\\laravel\\framework\\src\\Illuminate\\View\\Engines\\CompilerEngine.php(70): Illuminate\\View\\Engines\\PhpEngine->evaluatePath('C:\\\\Users\\\\Mikasa...', Array)
#14 C:\\Users\\Mikasa Ackerman\\arymaid\\Arymaid\\vendor\\laravel\\framework\\src\\Illuminate\\View\\View.php(195): Illuminate\\View\\Engines\\CompilerEngine->get('C:\\\\Users\\\\Mikasa...', Array)
#15 C:\\Users\\Mikasa Ackerman\\arymaid\\Arymaid\\vendor\\laravel\\framework\\src\\Illuminate\\View\\View.php(178): Illuminate\\View\\View->getContents()
#16 C:\\Users\\Mikasa Ackerman\\arymaid\\Arymaid\\vendor\\laravel\\framework\\src\\Illuminate\\View\\View.php(147): Illuminate\\View\\View->renderContents()
#17 C:\\Users\\Mikasa Ackerman\\arymaid\\Arymaid\\storage\\framework\\views\\800040213315a349ff5aa2695e6d83df.php(77): Illuminate\\View\\View->render()
#18 C:\\Users\\Mikasa Ackerman\\arymaid\\Arymaid\\vendor\\laravel\\framework\\src\\Illuminate\\Filesystem\\Filesystem.php(109): require('C:\\\\Users\\\\Mikasa...')
#19 C:\\Users\\Mikasa Ackerman\\arymaid\\Arymaid\\vendor\\laravel\\framework\\src\\Illuminate\\Filesystem\\Filesystem.php(110): Illuminate\\Filesystem\\Filesystem::Illuminate\\Filesystem\\{closure}()
#20 C:\\Users\\Mikasa Ackerman\\arymaid\\Arymaid\\vendor\\laravel\\framework\\src\\Illuminate\\View\\Engines\\PhpEngine.php(58): Illuminate\\Filesystem\\Filesystem->getRequire('C:\\\\Users\\\\Mikasa...', Array)
#21 C:\\Users\\Mikasa Ackerman\\arymaid\\Arymaid\\vendor\\laravel\\framework\\src\\Illuminate\\View\\Engines\\CompilerEngine.php(70): Illuminate\\View\\Engines\\PhpEngine->evaluatePath('C:\\\\Users\\\\Mikasa...', Array)
#22 C:\\Users\\Mikasa Ackerman\\arymaid\\Arymaid\\vendor\\laravel\\framework\\src\\Illuminate\\View\\View.php(195): Illuminate\\View\\Engines\\CompilerEngine->get('C:\\\\Users\\\\Mikasa...', Array)
#23 C:\\Users\\Mikasa Ackerman\\arymaid\\Arymaid\\vendor\\laravel\\framework\\src\\Illuminate\\View\\View.php(178): Illuminate\\View\\View->getContents()
#24 C:\\Users\\Mikasa Ackerman\\arymaid\\Arymaid\\vendor\\laravel\\framework\\src\\Illuminate\\View\\View.php(147): Illuminate\\View\\View->renderContents()
#25 C:\\Users\\Mikasa Ackerman\\arymaid\\Arymaid\\vendor\\laravel\\framework\\src\\Illuminate\\Http\\Response.php(69): Illuminate\\View\\View->render()
#26 C:\\Users\\Mikasa Ackerman\\arymaid\\Arymaid\\vendor\\laravel\\framework\\src\\Illuminate\\Http\\Response.php(35): Illuminate\\Http\\Response->setContent(Object(Illuminate\\View\\View))
#27 C:\\Users\\Mikasa Ackerman\\arymaid\\Arymaid\\vendor\\laravel\\framework\\src\\Illuminate\\Routing\\Router.php(906): Illuminate\\Http\\Response->__construct(Object(Illuminate\\View\\View), 200, Array)
#28 C:\\Users\\Mikasa Ackerman\\arymaid\\Arymaid\\vendor\\laravel\\framework\\src\\Illuminate\\Routing\\Router.php(875): Illuminate\\Routing\\Router::toResponse(Object(Illuminate\\Http\\Request), Object(Illuminate\\View\\View))
#29 C:\\Users\\Mikasa Ackerman\\arymaid\\Arymaid\\vendor\\laravel\\framework\\src\\Illuminate\\Routing\\Router.php(797): Illuminate\\Routing\\Router->prepareResponse(Object(Illuminate\\Http\\Request), Object(Illuminate\\View\\View))
#30 C:\\Users\\Mikasa Ackerman\\arymaid\\Arymaid\\vendor\\laravel\\framework\\src\\Illuminate\\Pipeline\\Pipeline.php(141): Illuminate\\Routing\\Router->Illuminate\\Routing\\{closure}(Object(Illuminate\\Http\\Request))
#31 C:\\Users\\Mikasa Ackerman\\arymaid\\Arymaid\\vendor\\laravel\\framework\\src\\Illuminate\\Routing\\Middleware\\SubstituteBindings.php(50): Illuminate\\Pipeline\\Pipeline->Illuminate\\Pipeline\\{closure}(Object(Illuminate\\Http\\Request))
#32 C:\\Users\\Mikasa Ackerman\\arymaid\\Arymaid\\vendor\\laravel\\framework\\src\\Illuminate\\Pipeline\\Pipeline.php(180): Illuminate\\Routing\\Middleware\\SubstituteBindings->handle(Object(Illuminate\\Http\\Request), Object(Closure))
#33 C:\\Users\\Mikasa Ackerman\\arymaid\\Arymaid\\vendor\\laravel\\framework\\src\\Illuminate\\Foundation\\Http\\Middleware\\VerifyCsrfToken.php(78): Illuminate\\Pipeline\\Pipeline->Illuminate\\Pipeline\\{closure}(Object(Illuminate\\Http\\Request))
#34 C:\\Users\\Mikasa Ackerman\\arymaid\\Arymaid\\vendor\\laravel\\framework\\src\\Illuminate\\Pipeline\\Pipeline.php(180): Illuminate\\Foundation\\Http\\Middleware\\VerifyCsrfToken->handle(Object(Illuminate\\Http\\Request), Object(Closure))
#35 C:\\Users\\Mikasa Ackerman\\arymaid\\Arymaid\\vendor\\laravel\\framework\\src\\Illuminate\\View\\Middleware\\ShareErrorsFromSession.php(49): Illuminate\\Pipeline\\Pipeline->Illuminate\\Pipeline\\{closure}(Object(Illuminate\\Http\\Request))
#36 C:\\Users\\Mikasa Ackerman\\arymaid\\Arymaid\\vendor\\laravel\\framework\\src\\Illuminate\\Pipeline\\Pipeline.php(180): Illuminate\\View\\Middleware\\ShareErrorsFromSession->handle(Object(Illuminate\\Http\\Request), Object(Closure))
#37 C:\\Users\\Mikasa Ackerman\\arymaid\\Arymaid\\vendor\\laravel\\framework\\src\\Illuminate\\Session\\Middleware\\StartSession.php(121): Illuminate\\Pipeline\\Pipeline->Illuminate\\Pipeline\\{closure}(Object(Illuminate\\Http\\Request))
#38 C:\\Users\\Mikasa Ackerman\\arymaid\\Arymaid\\vendor\\laravel\\framework\\src\\Illuminate\\Session\\Middleware\\StartSession.php(64): Illuminate\\Session\\Middleware\\StartSession->handleStatefulRequest(Object(Illuminate\\Http\\Request), Object(Illuminate\\Session\\Store), Object(Closure))
#39 C:\\Users\\Mikasa Ackerman\\arymaid\\Arymaid\\vendor\\laravel\\framework\\src\\Illuminate\\Pipeline\\Pipeline.php(180): Illuminate\\Session\\Middleware\\StartSession->handle(Object(Illuminate\\Http\\Request), Object(Closure))
#40 C:\\Users\\Mikasa Ackerman\\arymaid\\Arymaid\\vendor\\laravel\\framework\\src\\Illuminate\\Cookie\\Middleware\\AddQueuedCookiesToResponse.php(37): Illuminate\\Pipeline\\Pipeline->Illuminate\\Pipeline\\{closure}(Object(Illuminate\\Http\\Request))
#41 C:\\Users\\Mikasa Ackerman\\arymaid\\Arymaid\\vendor\\laravel\\framework\\src\\Illuminate\\Pipeline\\Pipeline.php(180): Illuminate\\Cookie\\Middleware\\AddQueuedCookiesToResponse->handle(Object(Illuminate\\Http\\Request), Object(Closure))
#42 C:\\Users\\Mikasa Ackerman\\arymaid\\Arymaid\\vendor\\laravel\\framework\\src\\Illuminate\\Cookie\\Middleware\\EncryptCookies.php(67): Illuminate\\Pipeline\\Pipeline->Illuminate\\Pipeline\\{closure}(Object(Illuminate\\Http\\Request))
#43 C:\\Users\\Mikasa Ackerman\\arymaid\\Arymaid\\vendor\\laravel\\framework\\src\\Illuminate\\Pipeline\\Pipeline.php(180): Illuminate\\Cookie\\Middleware\\EncryptCookies->handle(Object(Illuminate\\Http\\Request), Object(Closure))
#44 C:\\Users\\Mikasa Ackerman\\arymaid\\Arymaid\\vendor\\laravel\\framework\\src\\Illuminate\\Pipeline\\Pipeline.php(116): Illuminate\\Pipeline\\Pipeline->Illuminate\\Pipeline\\{closure}(Object(Illuminate\\Http\\Request))
#45 C:\\Users\\Mikasa Ackerman\\arymaid\\Arymaid\\vendor\\laravel\\framework\\src\\Illuminate\\Routing\\Router.php(797): Illuminate\\Pipeline\\Pipeline->then(Object(Closure))
#46 C:\\Users\\Mikasa Ackerman\\arymaid\\Arymaid\\vendor\\laravel\\framework\\src\\Illuminate\\Routing\\Router.php(776): Illuminate\\Routing\\Router->runRouteWithinStack(Object(Illuminate\\Routing\\Route), Object(Illuminate\\Http\\Request))
#47 C:\\Users\\Mikasa Ackerman\\arymaid\\Arymaid\\vendor\\laravel\\framework\\src\\Illuminate\\Routing\\Router.php(740): Illuminate\\Routing\\Router->runRoute(Object(Illuminate\\Http\\Request), Object(Illuminate\\Routing\\Route))
#48 C:\\Users\\Mikasa Ackerman\\arymaid\\Arymaid\\vendor\\laravel\\framework\\src\\Illuminate\\Routing\\Router.php(729): Illuminate\\Routing\\Router->dispatchToRoute(Object(Illuminate\\Http\\Request))
#49 C:\\Users\\Mikasa Ackerman\\arymaid\\Arymaid\\vendor\\laravel\\framework\\src\\Illuminate\\Foundation\\Http\\Kernel.php(200): Illuminate\\Routing\\Router->dispatch(Object(Illuminate\\Http\\Request))
#50 C:\\Users\\Mikasa Ackerman\\arymaid\\Arymaid\\vendor\\laravel\\framework\\src\\Illuminate\\Pipeline\\Pipeline.php(141): Illuminate\\Foundation\\Http\\Kernel->Illuminate\\Foundation\\Http\\{closure}(Object(Illuminate\\Http\\Request))
#51 C:\\Users\\Mikasa Ackerman\\arymaid\\Arymaid\\vendor\\laravel\\framework\\src\\Illuminate\\Foundation\\Http\\Middleware\\TransformsRequest.php(21): Illuminate\\Pipeline\\Pipeline->Illuminate\\Pipeline\\{closure}(Object(Illuminate\\Http\\Request))
#52 C:\\Users\\Mikasa Ackerman\\arymaid\\Arymaid\\vendor\\laravel\\framework\\src\\Illuminate\\Foundation\\Http\\Middleware\\ConvertEmptyStringsToNull.php(31): Illuminate\\Foundation\\Http\\Middleware\\TransformsRequest->handle(Object(Illuminate\\Http\\Request), Object(Closure))
#53 C:\\Users\\Mikasa Ackerman\\arymaid\\Arymaid\\vendor\\laravel\\framework\\src\\Illuminate\\Pipeline\\Pipeline.php(180): Illuminate\\Foundation\\Http\\Middleware\\ConvertEmptyStringsToNull->handle(Object(Illuminate\\Http\\Request), Object(Closure))
#54 C:\\Users\\Mikasa Ackerman\\arymaid\\Arymaid\\vendor\\laravel\\framework\\src\\Illuminate\\Foundation\\Http\\Middleware\\TransformsRequest.php(21): Illuminate\\Pipeline\\Pipeline->Illuminate\\Pipeline\\{closure}(Object(Illuminate\\Http\\Request))
#55 C:\\Users\\Mikasa Ackerman\\arymaid\\Arymaid\\vendor\\laravel\\framework\\src\\Illuminate\\Foundation\\Http\\Middleware\\TrimStrings.php(40): Illuminate\\Foundation\\Http\\Middleware\\TransformsRequest->handle(Object(Illuminate\\Http\\Request), Object(Closure))
#56 C:\\Users\\Mikasa Ackerman\\arymaid\\Arymaid\\vendor\\laravel\\framework\\src\\Illuminate\\Pipeline\\Pipeline.php(180): Illuminate\\Foundation\\Http\\Middleware\\TrimStrings->handle(Object(Illuminate\\Http\\Request), Object(Closure))
#57 C:\\Users\\Mikasa Ackerman\\arymaid\\Arymaid\\vendor\\laravel\\framework\\src\\Illuminate\\Foundation\\Http\\Middleware\\ValidatePostSize.php(27): Illuminate\\Pipeline\\Pipeline->Illuminate\\Pipeline\\{closure}(Object(Illuminate\\Http\\Request))
#58 C:\\Users\\Mikasa Ackerman\\arymaid\\Arymaid\\vendor\\laravel\\framework\\src\\Illuminate\\Pipeline\\Pipeline.php(180): Illuminate\\Foundation\\Http\\Middleware\\ValidatePostSize->handle(Object(Illuminate\\Http\\Request), Object(Closure))
#59 C:\\Users\\Mikasa Ackerman\\arymaid\\Arymaid\\vendor\\laravel\\framework\\src\\Illuminate\\Foundation\\Http\\Middleware\\PreventRequestsDuringMaintenance.php(86): Illuminate\\Pipeline\\Pipeline->Illuminate\\Pipeline\\{closure}(Object(Illuminate\\Http\\Request))
#60 C:\\Users\\Mikasa Ackerman\\arymaid\\Arymaid\\vendor\\laravel\\framework\\src\\Illuminate\\Pipeline\\Pipeline.php(180): Illuminate\\Foundation\\Http\\Middleware\\PreventRequestsDuringMaintenance->handle(Object(Illuminate\\Http\\Request), Object(Closure))
#61 C:\\Users\\Mikasa Ackerman\\arymaid\\Arymaid\\vendor\\laravel\\framework\\src\\Illuminate\\Http\\Middleware\\HandleCors.php(49): Illuminate\\Pipeline\\Pipeline->Illuminate\\Pipeline\\{closure}(Object(Illuminate\\Http\\Request))
#62 C:\\Users\\Mikasa Ackerman\\arymaid\\Arymaid\\vendor\\laravel\\framework\\src\\Illuminate\\Pipeline\\Pipeline.php(180): Illuminate\\Http\\Middleware\\HandleCors->handle(Object(Illuminate\\Http\\Request), Object(Closure))
#63 C:\\Users\\Mikasa Ackerman\\arymaid\\Arymaid\\vendor\\laravel\\framework\\src\\Illuminate\\Http\\Middleware\\TrustProxies.php(39): Illuminate\\Pipeline\\Pipeline->Illuminate\\Pipeline\\{closure}(Object(Illuminate\\Http\\Request))
#64 C:\\Users\\Mikasa Ackerman\\arymaid\\Arymaid\\vendor\\laravel\\framework\\src\\Illuminate\\Pipeline\\Pipeline.php(180): Illuminate\\Http\\Middleware\\TrustProxies->handle(Object(Illuminate\\Http\\Request), Object(Closure))
#65 C:\\Users\\Mikasa Ackerman\\arymaid\\Arymaid\\vendor\\laravel\\framework\\src\\Illuminate\\Pipeline\\Pipeline.php(116): Illuminate\\Pipeline\\Pipeline->Illuminate\\Pipeline\\{closure}(Object(Illuminate\\Http\\Request))
#66 C:\\Users\\Mikasa Ackerman\\arymaid\\Arymaid\\vendor\\laravel\\framework\\src\\Illuminate\\Foundation\\Http\\Kernel.php(175): Illuminate\\Pipeline\\Pipeline->then(Object(Closure))
#67 C:\\Users\\Mikasa Ackerman\\arymaid\\Arymaid\\vendor\\laravel\\framework\\src\\Illuminate\\Foundation\\Http\\Kernel.php(144): Illuminate\\Foundation\\Http\\Kernel->sendRequestThroughRouter(Object(Illuminate\\Http\\Request))
#68 C:\\Users\\Mikasa Ackerman\\arymaid\\Arymaid\\public\\index.php(51): Illuminate\\Foundation\\Http\\Kernel->handle(Object(Illuminate\\Http\\Request))
#69 C:\\Users\\Mikasa Ackerman\\arymaid\\Arymaid\\vendor\\laravel\\framework\\src\\Illuminate\\Foundation\\resources\\server.php(16): require_once('C:\\\\Users\\\\Mikasa...')
#70 {main}
"} 
[2026-02-24 15:58:18] local.ERROR: Undefined variable $categories {"view":{"view":"C:\\Users\\Mikasa Ackerman\\arymaid\\Arymaid\\resources\\views\\partials\\headerMain.blade.php","data":{"errors":"<pre class=sf-dump id=sf-dump-1550299308 data-indent-pad=\"  \"><span class=sf-dump-note>Illuminate\\Support\\ViewErrorBag</span> {<a class=sf-dump-ref>#318</a><samp data-depth=1 class=sf-dump-expanded>
  #<span class=sf-dump-protected title=\"Protected property\">bags</span>: []
</samp>}
</pre><script>Sfdump(\"sf-dump-1550299308\", {\"maxDepth\":3,\"maxStringLength\":160})</script>
"}},"exception":"[object] (Spatie\\LaravelIgnition\\Exceptions\\ViewException(code: 0): Undefined variable $categories at C:\\Users\\Mikasa Ackerman\\arymaid\\Arymaid\\resources\\views\\partials\\headerMain.blade.php:53)
[stacktrace]
#0 C:\\Users\\Mikasa Ackerman\\arymaid\\Arymaid\\vendor\\laravel\\framework\\src\\Illuminate\\Foundation\\Bootstrap\\HandleExceptions.php(250): Illuminate\\Foundation\\Bootstrap\\HandleExceptions->handleError(2, 'Undefined varia...', 'C:\\\\Users\\\\Mikasa...', 53)
#1 C:\\Users\\Mikasa Ackerman\\arymaid\\Arymaid\\resources\\views\\partials\\headerMain.blade.php(53): Illuminate\\Foundation\\Bootstrap\\HandleExceptions->Illuminate\\Foundation\\Bootstrap\\{closure}(2, 'Undefined varia...', 'C:\\\\Users\\\\Mikasa...', 53)
#2 C:\\Users\\Mikasa Ackerman\\arymaid\\Arymaid\\vendor\\laravel\\framework\\src\\Illuminate\\Filesystem\\Filesystem.php(109): require('C:\\\\Users\\\\Mikasa...')
#3 C:\\Users\\Mikasa Ackerman\\arymaid\\Arymaid\\vendor\\laravel\\framework\\src\\Illuminate\\Filesystem\\Filesystem.php(110): Illuminate\\Filesystem\\Filesystem::Illuminate\\Filesystem\\{closure}()
#4 C:\\Users\\Mikasa Ackerman\\arymaid\\Arymaid\\vendor\\laravel\\framework\\src\\Illuminate\\View\\Engines\\PhpEngine.php(58): Illuminate\\Filesystem\\Filesystem->getRequire('C:\\\\Users\\\\Mikasa...', Array)
#5 C:\\Users\\Mikasa Ackerman\\arymaid\\Arymaid\\vendor\\laravel\\framework\\src\\Illuminate\\View\\Engines\\CompilerEngine.php(70): Illuminate\\View\\Engines\\PhpEngine->evaluatePath('C:\\\\Users\\\\Mikasa...', Array)
#6 C:\\Users\\Mikasa Ackerman\\arymaid\\Arymaid\\vendor\\laravel\\framework\\src\\Illuminate\\View\\View.php(195): Illuminate\\View\\Engines\\CompilerEngine->get('C:\\\\Users\\\\Mikasa...', Array)
#7 C:\\Users\\Mikasa Ackerman\\arymaid\\Arymaid\\vendor\\laravel\\framework\\src\\Illuminate\\View\\View.php(178): Illuminate\\View\\View->getContents()
#8 C:\\Users\\Mikasa Ackerman\\arymaid\\Arymaid\\vendor\\laravel\\framework\\src\\Illuminate\\View\\View.php(147): Illuminate\\View\\View->renderContents()
#9 C:\\Users\\Mikasa Ackerman\\arymaid\\Arymaid\\resources\\views\\layouts\\masterHome.blade.php(42): Illuminate\\View\\View->render()
#10 C:\\Users\\Mikasa Ackerman\\arymaid\\Arymaid\\vendor\\laravel\\framework\\src\\Illuminate\\Filesystem\\Filesystem.php(109): require('C:\\\\Users\\\\Mikasa...')
#11 C:\\Users\\Mikasa Ackerman\\arymaid\\Arymaid\\vendor\\laravel\\framework\\src\\Illuminate\\Filesystem\\Filesystem.php(110): Illuminate\\Filesystem\\Filesystem::Illuminate\\Filesystem\\{closure}()
#12 C:\\Users\\Mikasa Ackerman\\arymaid\\Arymaid\\vendor\\laravel\\framework\\src\\Illuminate\\View\\Engines\\PhpEngine.php(58): Illuminate\\Filesystem\\Filesystem->getRequire('C:\\\\Users\\\\Mikasa...', Array)
#13 C:\\Users\\Mikasa Ackerman\\arymaid\\Arymaid\\vendor\\laravel\\framework\\src\\Illuminate\\View\\Engines\\CompilerEngine.php(70): Illuminate\\View\\Engines\\PhpEngine->evaluatePath('C:\\\\Users\\\\Mikasa...', Array)
#14 C:\\Users\\Mikasa Ackerman\\arymaid\\Arymaid\\vendor\\laravel\\framework\\src\\Illuminate\\View\\View.php(195): Illuminate\\View\\Engines\\CompilerEngine->get('C:\\\\Users\\\\Mikasa...', Array)
#15 C:\\Users\\Mikasa Ackerman\\arymaid\\Arymaid\\vendor\\laravel\\framework\\src\\Illuminate\\View\\View.php(178): Illuminate\\View\\View->getContents()
#16 C:\\Users\\Mikasa Ackerman\\arymaid\\Arymaid\\vendor\\laravel\\framework\\src\\Illuminate\\View\\View.php(147): Illuminate\\View\\View->renderContents()
#17 C:\\Users\\Mikasa Ackerman\\arymaid\\Arymaid\\resources\\views\\components\\login.blade.php(79): Illuminate\\View\\View->render()
#18 C:\\Users\\Mikasa Ackerman\\arymaid\\Arymaid\\vendor\\laravel\\framework\\src\\Illuminate\\Filesystem\\Filesystem.php(109): require('C:\\\\Users\\\\Mikasa...')
#19 C:\\Users\\Mikasa Ackerman\\arymaid\\Arymaid\\vendor\\laravel\\framework\\src\\Illuminate\\Filesystem\\Filesystem.php(110): Illuminate\\Filesystem\\Filesystem::Illuminate\\Filesystem\\{closure}()
#20 C:\\Users\\Mikasa Ackerman\\arymaid\\Arymaid\\vendor\\laravel\\framework\\src\\Illuminate\\View\\Engines\\PhpEngine.php(58): Illuminate\\Filesystem\\Filesystem->getRequire('C:\\\\Users\\\\Mikasa...', Array)
#21 C:\\Users\\Mikasa Ackerman\\arymaid\\Arymaid\\vendor\\laravel\\framework\\src\\Illuminate\\View\\Engines\\CompilerEngine.php(70): Illuminate\\View\\Engines\\PhpEngine->evaluatePath('C:\\\\Users\\\\Mikasa...', Array)
#22 C:\\Users\\Mikasa Ackerman\\arymaid\\Arymaid\\vendor\\laravel\\framework\\src\\Illuminate\\View\\View.php(195): Illuminate\\View\\Engines\\CompilerEngine->get('C:\\\\Users\\\\Mikasa...', Array)
#23 C:\\Users\\Mikasa Ackerman\\arymaid\\Arymaid\\vendor\\laravel\\framework\\src\\Illuminate\\View\\View.php(178): Illuminate\\View\\View->getContents()
#24 C:\\Users\\Mikasa Ackerman\\arymaid\\Arymaid\\vendor\\laravel\\framework\\src\\Illuminate\\View\\View.php(147): Illuminate\\View\\View->renderContents()
#25 C:\\Users\\Mikasa Ackerman\\arymaid\\Arymaid\\vendor\\laravel\\framework\\src\\Illuminate\\Http\\Response.php(69): Illuminate\\View\\View->render()
#26 C:\\Users\\Mikasa Ackerman\\arymaid\\Arymaid\\vendor\\laravel\\framework\\src\\Illuminate\\Http\\Response.php(35): Illuminate\\Http\\Response->setContent(Object(Illuminate\\View\\View))
#27 C:\\Users\\Mikasa Ackerman\\arymaid\\Arymaid\\vendor\\laravel\\framework\\src\\Illuminate\\Routing\\Router.php(906): Illuminate\\Http\\Response->__construct(Object(Illuminate\\View\\View), 200, Array)
#28 C:\\Users\\Mikasa Ackerman\\arymaid\\Arymaid\\vendor\\laravel\\framework\\src\\Illuminate\\Routing\\Router.php(875): Illuminate\\Routing\\Router::toResponse(Object(Illuminate\\Http\\Request), Object(Illuminate\\View\\View))
#29 C:\\Users\\Mikasa Ackerman\\arymaid\\Arymaid\\vendor\\laravel\\framework\\src\\Illuminate\\Routing\\Router.php(797): Illuminate\\Routing\\Router->prepareResponse(Object(Illuminate\\Http\\Request), Object(Illuminate\\View\\View))
#30 C:\\Users\\Mikasa Ackerman\\arymaid\\Arymaid\\vendor\\laravel\\framework\\src\\Illuminate\\Pipeline\\Pipeline.php(141): Illuminate\\Routing\\Router->Illuminate\\Routing\\{closure}(Object(Illuminate\\Http\\Request))
#31 C:\\Users\\Mikasa Ackerman\\arymaid\\Arymaid\\vendor\\laravel\\framework\\src\\Illuminate\\Routing\\Middleware\\SubstituteBindings.php(50): Illuminate\\Pipeline\\Pipeline->Illuminate\\Pipeline\\{closure}(Object(Illuminate\\Http\\Request))
#32 C:\\Users\\Mikasa Ackerman\\arymaid\\Arymaid\\vendor\\laravel\\framework\\src\\Illuminate\\Pipeline\\Pipeline.php(180): Illuminate\\Routing\\Middleware\\SubstituteBindings->handle(Object(Illuminate\\Http\\Request), Object(Closure))
#33 C:\\Users\\Mikasa Ackerman\\arymaid\\Arymaid\\vendor\\laravel\\framework\\src\\Illuminate\\Foundation\\Http\\Middleware\\VerifyCsrfToken.php(78): Illuminate\\Pipeline\\Pipeline->Illuminate\\Pipeline\\{closure}(Object(Illuminate\\Http\\Request))
#34 C:\\Users\\Mikasa Ackerman\\arymaid\\Arymaid\\vendor\\laravel\\framework\\src\\Illuminate\\Pipeline\\Pipeline.php(180): Illuminate\\Foundation\\Http\\Middleware\\VerifyCsrfToken->handle(Object(Illuminate\\Http\\Request), Object(Closure))
#35 C:\\Users\\Mikasa Ackerman\\arymaid\\Arymaid\\vendor\\laravel\\framework\\src\\Illuminate\\View\\Middleware\\ShareErrorsFromSession.php(49): Illuminate\\Pipeline\\Pipeline->Illuminate\\Pipeline\\{closure}(Object(Illuminate\\Http\\Request))
#36 C:\\Users\\Mikasa Ackerman\\arymaid\\Arymaid\\vendor\\laravel\\framework\\src\\Illuminate\\Pipeline\\Pipeline.php(180): Illuminate\\View\\Middleware\\ShareErrorsFromSession->handle(Object(Illuminate\\Http\\Request), Object(Closure))
#37 C:\\Users\\Mikasa Ackerman\\arymaid\\Arymaid\\vendor\\laravel\\framework\\src\\Illuminate\\Session\\Middleware\\StartSession.php(121): Illuminate\\Pipeline\\Pipeline->Illuminate\\Pipeline\\{closure}(Object(Illuminate\\Http\\Request))
#38 C:\\Users\\Mikasa Ackerman\\arymaid\\Arymaid\\vendor\\laravel\\framework\\src\\Illuminate\\Session\\Middleware\\StartSession.php(64): Illuminate\\Session\\Middleware\\StartSession->handleStatefulRequest(Object(Illuminate\\Http\\Request), Object(Illuminate\\Session\\Store), Object(Closure))
#39 C:\\Users\\Mikasa Ackerman\\arymaid\\Arymaid\\vendor\\laravel\\framework\\src\\Illuminate\\Pipeline\\Pipeline.php(180): Illuminate\\Session\\Middleware\\StartSession->handle(Object(Illuminate\\Http\\Request), Object(Closure))
#40 C:\\Users\\Mikasa Ackerman\\arymaid\\Arymaid\\vendor\\laravel\\framework\\src\\Illuminate\\Cookie\\Middleware\\AddQueuedCookiesToResponse.php(37): Illuminate\\Pipeline\\Pipeline->Illuminate\\Pipeline\\{closure}(Object(Illuminate\\Http\\Request))
#41 C:\\Users\\Mikasa Ackerman\\arymaid\\Arymaid\\vendor\\laravel\\framework\\src\\Illuminate\\Pipeline\\Pipeline.php(180): Illuminate\\Cookie\\Middleware\\AddQueuedCookiesToResponse->handle(Object(Illuminate\\Http\\Request), Object(Closure))
#42 C:\\Users\\Mikasa Ackerman\\arymaid\\Arymaid\\vendor\\laravel\\framework\\src\\Illuminate\\Cookie\\Middleware\\EncryptCookies.php(67): Illuminate\\Pipeline\\Pipeline->Illuminate\\Pipeline\\{closure}(Object(Illuminate\\Http\\Request))
#43 C:\\Users\\Mikasa Ackerman\\arymaid\\Arymaid\\vendor\\laravel\\framework\\src\\Illuminate\\Pipeline\\Pipeline.php(180): Illuminate\\Cookie\\Middleware\\EncryptCookies->handle(Object(Illuminate\\Http\\Request), Object(Closure))
#44 C:\\Users\\Mikasa Ackerman\\arymaid\\Arymaid\\vendor\\laravel\\framework\\src\\Illuminate\\Pipeline\\Pipeline.php(116): Illuminate\\Pipeline\\Pipeline->Illuminate\\Pipeline\\{closure}(Object(Illuminate\\Http\\Request))
#45 C:\\Users\\Mikasa Ackerman\\arymaid\\Arymaid\\vendor\\laravel\\framework\\src\\Illuminate\\Routing\\Router.php(797): Illuminate\\Pipeline\\Pipeline->then(Object(Closure))
#46 C:\\Users\\Mikasa Ackerman\\arymaid\\Arymaid\\vendor\\laravel\\framework\\src\\Illuminate\\Routing\\Router.php(776): Illuminate\\Routing\\Router->runRouteWithinStack(Object(Illuminate\\Routing\\Route), Object(Illuminate\\Http\\Request))
#47 C:\\Users\\Mikasa Ackerman\\arymaid\\Arymaid\\vendor\\laravel\\framework\\src\\Illuminate\\Routing\\Router.php(740): Illuminate\\Routing\\Router->runRoute(Object(Illuminate\\Http\\Request), Object(Illuminate\\Routing\\Route))
#48 C:\\Users\\Mikasa Ackerman\\arymaid\\Arymaid\\vendor\\laravel\\framework\\src\\Illuminate\\Routing\\Router.php(729): Illuminate\\Routing\\Router->dispatchToRoute(Object(Illuminate\\Http\\Request))
#49 C:\\Users\\Mikasa Ackerman\\arymaid\\Arymaid\\vendor\\laravel\\framework\\src\\Illuminate\\Foundation\\Http\\Kernel.php(200): Illuminate\\Routing\\Router->dispatch(Object(Illuminate\\Http\\Request))
#50 C:\\Users\\Mikasa Ackerman\\arymaid\\Arymaid\\vendor\\laravel\\framework\\src\\Illuminate\\Pipeline\\Pipeline.php(141): Illuminate\\Foundation\\Http\\Kernel->Illuminate\\Foundation\\Http\\{closure}(Object(Illuminate\\Http\\Request))
#51 C:\\Users\\Mikasa Ackerman\\arymaid\\Arymaid\\vendor\\laravel\\framework\\src\\Illuminate\\Foundation\\Http\\Middleware\\TransformsRequest.php(21): Illuminate\\Pipeline\\Pipeline->Illuminate\\Pipeline\\{closure}(Object(Illuminate\\Http\\Request))
#52 C:\\Users\\Mikasa Ackerman\\arymaid\\Arymaid\\vendor\\laravel\\framework\\src\\Illuminate\\Foundation\\Http\\Middleware\\ConvertEmptyStringsToNull.php(31): Illuminate\\Foundation\\Http\\Middleware\\TransformsRequest->handle(Object(Illuminate\\Http\\Request), Object(Closure))
#53 C:\\Users\\Mikasa Ackerman\\arymaid\\Arymaid\\vendor\\laravel\\framework\\src\\Illuminate\\Pipeline\\Pipeline.php(180): Illuminate\\Foundation\\Http\\Middleware\\ConvertEmptyStringsToNull->handle(Object(Illuminate\\Http\\Request), Object(Closure))
#54 C:\\Users\\Mikasa Ackerman\\arymaid\\Arymaid\\vendor\\laravel\\framework\\src\\Illuminate\\Foundation\\Http\\Middleware\\TransformsRequest.php(21): Illuminate\\Pipeline\\Pipeline->Illuminate\\Pipeline\\{closure}(Object(Illuminate\\Http\\Request))
#55 C:\\Users\\Mikasa Ackerman\\arymaid\\Arymaid\\vendor\\laravel\\framework\\src\\Illuminate\\Foundation\\Http\\Middleware\\TrimStrings.php(40): Illuminate\\Foundation\\Http\\Middleware\\TransformsRequest->handle(Object(Illuminate\\Http\\Request), Object(Closure))
#56 C:\\Users\\Mikasa Ackerman\\arymaid\\Arymaid\\vendor\\laravel\\framework\\src\\Illuminate\\Pipeline\\Pipeline.php(180): Illuminate\\Foundation\\Http\\Middleware\\TrimStrings->handle(Object(Illuminate\\Http\\Request), Object(Closure))
#57 C:\\Users\\Mikasa Ackerman\\arymaid\\Arymaid\\vendor\\laravel\\framework\\src\\Illuminate\\Foundation\\Http\\Middleware\\ValidatePostSize.php(27): Illuminate\\Pipeline\\Pipeline->Illuminate\\Pipeline\\{closure}(Object(Illuminate\\Http\\Request))
#58 C:\\Users\\Mikasa Ackerman\\arymaid\\Arymaid\\vendor\\laravel\\framework\\src\\Illuminate\\Pipeline\\Pipeline.php(180): Illuminate\\Foundation\\Http\\Middleware\\ValidatePostSize->handle(Object(Illuminate\\Http\\Request), Object(Closure))
#59 C:\\Users\\Mikasa Ackerman\\arymaid\\Arymaid\\vendor\\laravel\\framework\\src\\Illuminate\\Foundation\\Http\\Middleware\\PreventRequestsDuringMaintenance.php(86): Illuminate\\Pipeline\\Pipeline->Illuminate\\Pipeline\\{closure}(Object(Illuminate\\Http\\Request))
#60 C:\\Users\\Mikasa Ackerman\\arymaid\\Arymaid\\vendor\\laravel\\framework\\src\\Illuminate\\Pipeline\\Pipeline.php(180): Illuminate\\Foundation\\Http\\Middleware\\PreventRequestsDuringMaintenance->handle(Object(Illuminate\\Http\\Request), Object(Closure))
#61 C:\\Users\\Mikasa Ackerman\\arymaid\\Arymaid\\vendor\\laravel\\framework\\src\\Illuminate\\Http\\Middleware\\HandleCors.php(49): Illuminate\\Pipeline\\Pipeline->Illuminate\\Pipeline\\{closure}(Object(Illuminate\\Http\\Request))
#62 C:\\Users\\Mikasa Ackerman\\arymaid\\Arymaid\\vendor\\laravel\\framework\\src\\Illuminate\\Pipeline\\Pipeline.php(180): Illuminate\\Http\\Middleware\\HandleCors->handle(Object(Illuminate\\Http\\Request), Object(Closure))
#63 C:\\Users\\Mikasa Ackerman\\arymaid\\Arymaid\\vendor\\laravel\\framework\\src\\Illuminate\\Http\\Middleware\\TrustProxies.php(39): Illuminate\\Pipeline\\Pipeline->Illuminate\\Pipeline\\{closure}(Object(Illuminate\\Http\\Request))
#64 C:\\Users\\Mikasa Ackerman\\arymaid\\Arymaid\\vendor\\laravel\\framework\\src\\Illuminate\\Pipeline\\Pipeline.php(180): Illuminate\\Http\\Middleware\\TrustProxies->handle(Object(Illuminate\\Http\\Request), Object(Closure))
#65 C:\\Users\\Mikasa Ackerman\\arymaid\\Arymaid\\vendor\\laravel\\framework\\src\\Illuminate\\Pipeline\\Pipeline.php(116): Illuminate\\Pipeline\\Pipeline->Illuminate\\Pipeline\\{closure}(Object(Illuminate\\Http\\Request))
#66 C:\\Users\\Mikasa Ackerman\\arymaid\\Arymaid\\vendor\\laravel\\framework\\src\\Illuminate\\Foundation\\Http\\Kernel.php(175): Illuminate\\Pipeline\\Pipeline->then(Object(Closure))
#67 C:\\Users\\Mikasa Ackerman\\arymaid\\Arymaid\\vendor\\laravel\\framework\\src\\Illuminate\\Foundation\\Http\\Kernel.php(144): Illuminate\\Foundation\\Http\\Kernel->sendRequestThroughRouter(Object(Illuminate\\Http\\Request))
#68 C:\\Users\\Mikasa Ackerman\\arymaid\\Arymaid\\public\\index.php(51): Illuminate\\Foundation\\Http\\Kernel->handle(Object(Illuminate\\Http\\Request))
#69 C:\\Users\\Mikasa Ackerman\\arymaid\\Arymaid\\vendor\\laravel\\framework\\src\\Illuminate\\Foundation\\resources\\server.php(16): require_once('C:\\\\Users\\\\Mikasa...')
#70 {main}

[previous exception] [object] (ErrorException(code: 0): Undefined variable $categories at C:\\Users\\Mikasa Ackerman\\arymaid\\Arymaid\\storage\\framework\\views\\870024b7053604826470823ad6bc3e9b.php:53)
[stacktrace]
#0 C:\\Users\\Mikasa Ackerman\\arymaid\\Arymaid\\vendor\\laravel\\framework\\src\\Illuminate\\Foundation\\Bootstrap\\HandleExceptions.php(250): Illuminate\\Foundation\\Bootstrap\\HandleExceptions->handleError(2, 'Undefined varia...', 'C:\\\\Users\\\\Mikasa...', 53)
#1 C:\\Users\\Mikasa Ackerman\\arymaid\\Arymaid\\storage\\framework\\views\\870024b7053604826470823ad6bc3e9b.php(53): Illuminate\\Foundation\\Bootstrap\\HandleExceptions->Illuminate\\Foundation\\Bootstrap\\{closure}(2, 'Undefined varia...', 'C:\\\\Users\\\\Mikasa...', 53)
#2 C:\\Users\\Mikasa Ackerman\\arymaid\\Arymaid\\vendor\\laravel\\framework\\src\\Illuminate\\Filesystem\\Filesystem.php(109): require('C:\\\\Users\\\\Mikasa...')
#3 C:\\Users\\Mikasa Ackerman\\arymaid\\Arymaid\\vendor\\laravel\\framework\\src\\Illuminate\\Filesystem\\Filesystem.php(110): Illuminate\\Filesystem\\Filesystem::Illuminate\\Filesystem\\{closure}()
#4 C:\\Users\\Mikasa Ackerman\\arymaid\\Arymaid\\vendor\\laravel\\framework\\src\\Illuminate\\View\\Engines\\PhpEngine.php(58): Illuminate\\Filesystem\\Filesystem->getRequire('C:\\\\Users\\\\Mikasa...', Array)
#5 C:\\Users\\Mikasa Ackerman\\arymaid\\Arymaid\\vendor\\laravel\\framework\\src\\Illuminate\\View\\Engines\\CompilerEngine.php(70): Illuminate\\View\\Engines\\PhpEngine->evaluatePath('C:\\\\Users\\\\Mikasa...', Array)
#6 C:\\Users\\Mikasa Ackerman\\arymaid\\Arymaid\\vendor\\laravel\\framework\\src\\Illuminate\\View\\View.php(195): Illuminate\\View\\Engines\\CompilerEngine->get('C:\\\\Users\\\\Mikasa...', Array)
#7 C:\\Users\\Mikasa Ackerman\\arymaid\\Arymaid\\vendor\\laravel\\framework\\src\\Illuminate\\View\\View.php(178): Illuminate\\View\\View->getContents()
#8 C:\\Users\\Mikasa Ackerman\\arymaid\\Arymaid\\vendor\\laravel\\framework\\src\\Illuminate\\View\\View.php(147): Illuminate\\View\\View->renderContents()
#9 C:\\Users\\Mikasa Ackerman\\arymaid\\Arymaid\\storage\\framework\\views\\743235b1b584e592596c3c7506ff19c5.php(42): Illuminate\\View\\View->render()
#10 C:\\Users\\Mikasa Ackerman\\arymaid\\Arymaid\\vendor\\laravel\\framework\\src\\Illuminate\\Filesystem\\Filesystem.php(109): require('C:\\\\Users\\\\Mikasa...')
#11 C:\\Users\\Mikasa Ackerman\\arymaid\\Arymaid\\vendor\\laravel\\framework\\src\\Illuminate\\Filesystem\\Filesystem.php(110): Illuminate\\Filesystem\\Filesystem::Illuminate\\Filesystem\\{closure}()
#12 C:\\Users\\Mikasa Ackerman\\arymaid\\Arymaid\\vendor\\laravel\\framework\\src\\Illuminate\\View\\Engines\\PhpEngine.php(58): Illuminate\\Filesystem\\Filesystem->getRequire('C:\\\\Users\\\\Mikasa...', Array)
#13 C:\\Users\\Mikasa Ackerman\\arymaid\\Arymaid\\vendor\\laravel\\framework\\src\\Illuminate\\View\\Engines\\CompilerEngine.php(70): Illuminate\\View\\Engines\\PhpEngine->evaluatePath('C:\\\\Users\\\\Mikasa...', Array)
#14 C:\\Users\\Mikasa Ackerman\\arymaid\\Arymaid\\vendor\\laravel\\framework\\src\\Illuminate\\View\\View.php(195): Illuminate\\View\\Engines\\CompilerEngine->get('C:\\\\Users\\\\Mikasa...', Array)
#15 C:\\Users\\Mikasa Ackerman\\arymaid\\Arymaid\\vendor\\laravel\\framework\\src\\Illuminate\\View\\View.php(178): Illuminate\\View\\View->getContents()
#16 C:\\Users\\Mikasa Ackerman\\arymaid\\Arymaid\\vendor\\laravel\\framework\\src\\Illuminate\\View\\View.php(147): Illuminate\\View\\View->renderContents()
#17 C:\\Users\\Mikasa Ackerman\\arymaid\\Arymaid\\storage\\framework\\views\\5b617f6d9f05a268db2d91a96fcad35c.php(82): Illuminate\\View\\View->render()
#18 C:\\Users\\Mikasa Ackerman\\arymaid\\Arymaid\\vendor\\laravel\\framework\\src\\Illuminate\\Filesystem\\Filesystem.php(109): require('C:\\\\Users\\\\Mikasa...')
#19 C:\\Users\\Mikasa Ackerman\\arymaid\\Arymaid\\vendor\\laravel\\framework\\src\\Illuminate\\Filesystem\\Filesystem.php(110): Illuminate\\Filesystem\\Filesystem::Illuminate\\Filesystem\\{closure}()
#20 C:\\Users\\Mikasa Ackerman\\arymaid\\Arymaid\\vendor\\laravel\\framework\\src\\Illuminate\\View\\Engines\\PhpEngine.php(58): Illuminate\\Filesystem\\Filesystem->getRequire('C:\\\\Users\\\\Mikasa...', Array)
#21 C:\\Users\\Mikasa Ackerman\\arymaid\\Arymaid\\vendor\\laravel\\framework\\src\\Illuminate\\View\\Engines\\CompilerEngine.php(70): Illuminate\\View\\Engines\\PhpEngine->evaluatePath('C:\\\\Users\\\\Mikasa...', Array)
#22 C:\\Users\\Mikasa Ackerman\\arymaid\\Arymaid\\vendor\\laravel\\framework\\src\\Illuminate\\View\\View.php(195): Illuminate\\View\\Engines\\CompilerEngine->get('C:\\\\Users\\\\Mikasa...', Array)
#23 C:\\Users\\Mikasa Ackerman\\arymaid\\Arymaid\\vendor\\laravel\\framework\\src\\Illuminate\\View\\View.php(178): Illuminate\\View\\View->getContents()
#24 C:\\Users\\Mikasa Ackerman\\arymaid\\Arymaid\\vendor\\laravel\\framework\\src\\Illuminate\\View\\View.php(147): Illuminate\\View\\View->renderContents()
#25 C:\\Users\\Mikasa Ackerman\\arymaid\\Arymaid\\vendor\\laravel\\framework\\src\\Illuminate\\Http\\Response.php(69): Illuminate\\View\\View->render()
#26 C:\\Users\\Mikasa Ackerman\\arymaid\\Arymaid\\vendor\\laravel\\framework\\src\\Illuminate\\Http\\Response.php(35): Illuminate\\Http\\Response->setContent(Object(Illuminate\\View\\View))
#27 C:\\Users\\Mikasa Ackerman\\arymaid\\Arymaid\\vendor\\laravel\\framework\\src\\Illuminate\\Routing\\Router.php(906): Illuminate\\Http\\Response->__construct(Object(Illuminate\\View\\View), 200, Array)
#28 C:\\Users\\Mikasa Ackerman\\arymaid\\Arymaid\\vendor\\laravel\\framework\\src\\Illuminate\\Routing\\Router.php(875): Illuminate\\Routing\\Router::toResponse(Object(Illuminate\\Http\\Request), Object(Illuminate\\View\\View))
#29 C:\\Users\\Mikasa Ackerman\\arymaid\\Arymaid\\vendor\\laravel\\framework\\src\\Illuminate\\Routing\\Router.php(797): Illuminate\\Routing\\Router->prepareResponse(Object(Illuminate\\Http\\Request), Object(Illuminate\\View\\View))
#30 C:\\Users\\Mikasa Ackerman\\arymaid\\Arymaid\\vendor\\laravel\\framework\\src\\Illuminate\\Pipeline\\Pipeline.php(141): Illuminate\\Routing\\Router->Illuminate\\Routing\\{closure}(Object(Illuminate\\Http\\Request))
#31 C:\\Users\\Mikasa Ackerman\\arymaid\\Arymaid\\vendor\\laravel\\framework\\src\\Illuminate\\Routing\\Middleware\\SubstituteBindings.php(50): Illuminate\\Pipeline\\Pipeline->Illuminate\\Pipeline\\{closure}(Object(Illuminate\\Http\\Request))
#32 C:\\Users\\Mikasa Ackerman\\arymaid\\Arymaid\\vendor\\laravel\\framework\\src\\Illuminate\\Pipeline\\Pipeline.php(180): Illuminate\\Routing\\Middleware\\SubstituteBindings->handle(Object(Illuminate\\Http\\Request), Object(Closure))
#33 C:\\Users\\Mikasa Ackerman\\arymaid\\Arymaid\\vendor\\laravel\\framework\\src\\Illuminate\\Foundation\\Http\\Middleware\\VerifyCsrfToken.php(78): Illuminate\\Pipeline\\Pipeline->Illuminate\\Pipeline\\{closure}(Object(Illuminate\\Http\\Request))
#34 C:\\Users\\Mikasa Ackerman\\arymaid\\Arymaid\\vendor\\laravel\\framework\\src\\Illuminate\\Pipeline\\Pipeline.php(180): Illuminate\\Foundation\\Http\\Middleware\\VerifyCsrfToken->handle(Object(Illuminate\\Http\\Request), Object(Closure))
#35 C:\\Users\\Mikasa Ackerman\\arymaid\\Arymaid\\vendor\\laravel\\framework\\src\\Illuminate\\View\\Middleware\\ShareErrorsFromSession.php(49): Illuminate\\Pipeline\\Pipeline->Illuminate\\Pipeline\\{closure}(Object(Illuminate\\Http\\Request))
#36 C:\\Users\\Mikasa Ackerman\\arymaid\\Arymaid\\vendor\\laravel\\framework\\src\\Illuminate\\Pipeline\\Pipeline.php(180): Illuminate\\View\\Middleware\\ShareErrorsFromSession->handle(Object(Illuminate\\Http\\Request), Object(Closure))
#37 C:\\Users\\Mikasa Ackerman\\arymaid\\Arymaid\\vendor\\laravel\\framework\\src\\Illuminate\\Session\\Middleware\\StartSession.php(121): Illuminate\\Pipeline\\Pipeline->Illuminate\\Pipeline\\{closure}(Object(Illuminate\\Http\\Request))
#38 C:\\Users\\Mikasa Ackerman\\arymaid\\Arymaid\\vendor\\laravel\\framework\\src\\Illuminate\\Session\\Middleware\\StartSession.php(64): Illuminate\\Session\\Middleware\\StartSession->handleStatefulRequest(Object(Illuminate\\Http\\Request), Object(Illuminate\\Session\\Store), Object(Closure))
#39 C:\\Users\\Mikasa Ackerman\\arymaid\\Arymaid\\vendor\\laravel\\framework\\src\\Illuminate\\Pipeline\\Pipeline.php(180): Illuminate\\Session\\Middleware\\StartSession->handle(Object(Illuminate\\Http\\Request), Object(Closure))
#40 C:\\Users\\Mikasa Ackerman\\arymaid\\Arymaid\\vendor\\laravel\\framework\\src\\Illuminate\\Cookie\\Middleware\\AddQueuedCookiesToResponse.php(37): Illuminate\\Pipeline\\Pipeline->Illuminate\\Pipeline\\{closure}(Object(Illuminate\\Http\\Request))
#41 C:\\Users\\Mikasa Ackerman\\arymaid\\Arymaid\\vendor\\laravel\\framework\\src\\Illuminate\\Pipeline\\Pipeline.php(180): Illuminate\\Cookie\\Middleware\\AddQueuedCookiesToResponse->handle(Object(Illuminate\\Http\\Request), Object(Closure))
#42 C:\\Users\\Mikasa Ackerman\\arymaid\\Arymaid\\vendor\\laravel\\framework\\src\\Illuminate\\Cookie\\Middleware\\EncryptCookies.php(67): Illuminate\\Pipeline\\Pipeline->Illuminate\\Pipeline\\{closure}(Object(Illuminate\\Http\\Request))
#43 C:\\Users\\Mikasa Ackerman\\arymaid\\Arymaid\\vendor\\laravel\\framework\\src\\Illuminate\\Pipeline\\Pipeline.php(180): Illuminate\\Cookie\\Middleware\\EncryptCookies->handle(Object(Illuminate\\Http\\Request), Object(Closure))
#44 C:\\Users\\Mikasa Ackerman\\arymaid\\Arymaid\\vendor\\laravel\\framework\\src\\Illuminate\\Pipeline\\Pipeline.php(116): Illuminate\\Pipeline\\Pipeline->Illuminate\\Pipeline\\{closure}(Object(Illuminate\\Http\\Request))
#45 C:\\Users\\Mikasa Ackerman\\arymaid\\Arymaid\\vendor\\laravel\\framework\\src\\Illuminate\\Routing\\Router.php(797): Illuminate\\Pipeline\\Pipeline->then(Object(Closure))
#46 C:\\Users\\Mikasa Ackerman\\arymaid\\Arymaid\\vendor\\laravel\\framework\\src\\Illuminate\\Routing\\Router.php(776): Illuminate\\Routing\\Router->runRouteWithinStack(Object(Illuminate\\Routing\\Route), Object(Illuminate\\Http\\Request))
#47 C:\\Users\\Mikasa Ackerman\\arymaid\\Arymaid\\vendor\\laravel\\framework\\src\\Illuminate\\Routing\\Router.php(740): Illuminate\\Routing\\Router->runRoute(Object(Illuminate\\Http\\Request), Object(Illuminate\\Routing\\Route))
#48 C:\\Users\\Mikasa Ackerman\\arymaid\\Arymaid\\vendor\\laravel\\framework\\src\\Illuminate\\Routing\\Router.php(729): Illuminate\\Routing\\Router->dispatchToRoute(Object(Illuminate\\Http\\Request))
#49 C:\\Users\\Mikasa Ackerman\\arymaid\\Arymaid\\vendor\\laravel\\framework\\src\\Illuminate\\Foundation\\Http\\Kernel.php(200): Illuminate\\Routing\\Router->dispatch(Object(Illuminate\\Http\\Request))
#50 C:\\Users\\Mikasa Ackerman\\arymaid\\Arymaid\\vendor\\laravel\\framework\\src\\Illuminate\\Pipeline\\Pipeline.php(141): Illuminate\\Foundation\\Http\\Kernel->Illuminate\\Foundation\\Http\\{closure}(Object(Illuminate\\Http\\Request))
#51 C:\\Users\\Mikasa Ackerman\\arymaid\\Arymaid\\vendor\\laravel\\framework\\src\\Illuminate\\Foundation\\Http\\Middleware\\TransformsRequest.php(21): Illuminate\\Pipeline\\Pipeline->Illuminate\\Pipeline\\{closure}(Object(Illuminate\\Http\\Request))
#52 C:\\Users\\Mikasa Ackerman\\arymaid\\Arymaid\\vendor\\laravel\\framework\\src\\Illuminate\\Foundation\\Http\\Middleware\\ConvertEmptyStringsToNull.php(31): Illuminate\\Foundation\\Http\\Middleware\\TransformsRequest->handle(Object(Illuminate\\Http\\Request), Object(Closure))
#53 C:\\Users\\Mikasa Ackerman\\arymaid\\Arymaid\\vendor\\laravel\\framework\\src\\Illuminate\\Pipeline\\Pipeline.php(180): Illuminate\\Foundation\\Http\\Middleware\\ConvertEmptyStringsToNull->handle(Object(Illuminate\\Http\\Request), Object(Closure))
#54 C:\\Users\\Mikasa Ackerman\\arymaid\\Arymaid\\vendor\\laravel\\framework\\src\\Illuminate\\Foundation\\Http\\Middleware\\TransformsRequest.php(21): Illuminate\\Pipeline\\Pipeline->Illuminate\\Pipeline\\{closure}(Object(Illuminate\\Http\\Request))
#55 C:\\Users\\Mikasa Ackerman\\arymaid\\Arymaid\\vendor\\laravel\\framework\\src\\Illuminate\\Foundation\\Http\\Middleware\\TrimStrings.php(40): Illuminate\\Foundation\\Http\\Middleware\\TransformsRequest->handle(Object(Illuminate\\Http\\Request), Object(Closure))
#56 C:\\Users\\Mikasa Ackerman\\arymaid\\Arymaid\\vendor\\laravel\\framework\\src\\Illuminate\\Pipeline\\Pipeline.php(180): Illuminate\\Foundation\\Http\\Middleware\\TrimStrings->handle(Object(Illuminate\\Http\\Request), Object(Closure))
#57 C:\\Users\\Mikasa Ackerman\\arymaid\\Arymaid\\vendor\\laravel\\framework\\src\\Illuminate\\Foundation\\Http\\Middleware\\ValidatePostSize.php(27): Illuminate\\Pipeline\\Pipeline->Illuminate\\Pipeline\\{closure}(Object(Illuminate\\Http\\Request))
#58 C:\\Users\\Mikasa Ackerman\\arymaid\\Arymaid\\vendor\\laravel\\framework\\src\\Illuminate\\Pipeline\\Pipeline.php(180): Illuminate\\Foundation\\Http\\Middleware\\ValidatePostSize->handle(Object(Illuminate\\Http\\Request), Object(Closure))
#59 C:\\Users\\Mikasa Ackerman\\arymaid\\Arymaid\\vendor\\laravel\\framework\\src\\Illuminate\\Foundation\\Http\\Middleware\\PreventRequestsDuringMaintenance.php(86): Illuminate\\Pipeline\\Pipeline->Illuminate\\Pipeline\\{closure}(Object(Illuminate\\Http\\Request))
#60 C:\\Users\\Mikasa Ackerman\\arymaid\\Arymaid\\vendor\\laravel\\framework\\src\\Illuminate\\Pipeline\\Pipeline.php(180): Illuminate\\Foundation\\Http\\Middleware\\PreventRequestsDuringMaintenance->handle(Object(Illuminate\\Http\\Request), Object(Closure))
#61 C:\\Users\\Mikasa Ackerman\\arymaid\\Arymaid\\vendor\\laravel\\framework\\src\\Illuminate\\Http\\Middleware\\HandleCors.php(49): Illuminate\\Pipeline\\Pipeline->Illuminate\\Pipeline\\{closure}(Object(Illuminate\\Http\\Request))
#62 C:\\Users\\Mikasa Ackerman\\arymaid\\Arymaid\\vendor\\laravel\\framework\\src\\Illuminate\\Pipeline\\Pipeline.php(180): Illuminate\\Http\\Middleware\\HandleCors->handle(Object(Illuminate\\Http\\Request), Object(Closure))
#63 C:\\Users\\Mikasa Ackerman\\arymaid\\Arymaid\\vendor\\laravel\\framework\\src\\Illuminate\\Http\\Middleware\\TrustProxies.php(39): Illuminate\\Pipeline\\Pipeline->Illuminate\\Pipeline\\{closure}(Object(Illuminate\\Http\\Request))
#64 C:\\Users\\Mikasa Ackerman\\arymaid\\Arymaid\\vendor\\laravel\\framework\\src\\Illuminate\\Pipeline\\Pipeline.php(180): Illuminate\\Http\\Middleware\\TrustProxies->handle(Object(Illuminate\\Http\\Request), Object(Closure))
#65 C:\\Users\\Mikasa Ackerman\\arymaid\\Arymaid\\vendor\\laravel\\framework\\src\\Illuminate\\Pipeline\\Pipeline.php(116): Illuminate\\Pipeline\\Pipeline->Illuminate\\Pipeline\\{closure}(Object(Illuminate\\Http\\Request))
#66 C:\\Users\\Mikasa Ackerman\\arymaid\\Arymaid\\vendor\\laravel\\framework\\src\\Illuminate\\Foundation\\Http\\Kernel.php(175): Illuminate\\Pipeline\\Pipeline->then(Object(Closure))
#67 C:\\Users\\Mikasa Ackerman\\arymaid\\Arymaid\\vendor\\laravel\\framework\\src\\Illuminate\\Foundation\\Http\\Kernel.php(144): Illuminate\\Foundation\\Http\\Kernel->sendRequestThroughRouter(Object(Illuminate\\Http\\Request))
#68 C:\\Users\\Mikasa Ackerman\\arymaid\\Arymaid\\public\\index.php(51): Illuminate\\Foundation\\Http\\Kernel->handle(Object(Illuminate\\Http\\Request))
#69 C:\\Users\\Mikasa Ackerman\\arymaid\\Arymaid\\vendor\\laravel\\framework\\src\\Illuminate\\Foundation\\resources\\server.php(16): require_once('C:\\\\Users\\\\Mikasa...')
#70 {main}
"} 
[2026-02-24 15:58:23] local.ERROR: Undefined variable $categories {"view":{"view":"C:\\Users\\Mikasa Ackerman\\arymaid\\Arymaid\\resources\\views\\partials\\headerMain.blade.php","data":{"errors":"<pre class=sf-dump id=sf-dump-793958568 data-indent-pad=\"  \"><span class=sf-dump-note>Illuminate\\Support\\ViewErrorBag</span> {<a class=sf-dump-ref>#318</a><samp data-depth=1 class=sf-dump-expanded>
  #<span class=sf-dump-protected title=\"Protected property\">bags</span>: []
</samp>}
</pre><script>Sfdump(\"sf-dump-793958568\", {\"maxDepth\":3,\"maxStringLength\":160})</script>
"}},"exception":"[object] (Spatie\\LaravelIgnition\\Exceptions\\ViewException(code: 0): Undefined variable $categories at C:\\Users\\Mikasa Ackerman\\arymaid\\Arymaid\\resources\\views\\partials\\headerMain.blade.php:53)
[stacktrace]
#0 C:\\Users\\Mikasa Ackerman\\arymaid\\Arymaid\\vendor\\laravel\\framework\\src\\Illuminate\\Foundation\\Bootstrap\\HandleExceptions.php(250): Illuminate\\Foundation\\Bootstrap\\HandleExceptions->handleError(2, 'Undefined varia...', 'C:\\\\Users\\\\Mikasa...', 53)
#1 C:\\Users\\Mikasa Ackerman\\arymaid\\Arymaid\\resources\\views\\partials\\headerMain.blade.php(53): Illuminate\\Foundation\\Bootstrap\\HandleExceptions->Illuminate\\Foundation\\Bootstrap\\{closure}(2, 'Undefined varia...', 'C:\\\\Users\\\\Mikasa...', 53)
#2 C:\\Users\\Mikasa Ackerman\\arymaid\\Arymaid\\vendor\\laravel\\framework\\src\\Illuminate\\Filesystem\\Filesystem.php(109): require('C:\\\\Users\\\\Mikasa...')
#3 C:\\Users\\Mikasa Ackerman\\arymaid\\Arymaid\\vendor\\laravel\\framework\\src\\Illuminate\\Filesystem\\Filesystem.php(110): Illuminate\\Filesystem\\Filesystem::Illuminate\\Filesystem\\{closure}()
#4 C:\\Users\\Mikasa Ackerman\\arymaid\\Arymaid\\vendor\\laravel\\framework\\src\\Illuminate\\View\\Engines\\PhpEngine.php(58): Illuminate\\Filesystem\\Filesystem->getRequire('C:\\\\Users\\\\Mikasa...', Array)
#5 C:\\Users\\Mikasa Ackerman\\arymaid\\Arymaid\\vendor\\laravel\\framework\\src\\Illuminate\\View\\Engines\\CompilerEngine.php(70): Illuminate\\View\\Engines\\PhpEngine->evaluatePath('C:\\\\Users\\\\Mikasa...', Array)
#6 C:\\Users\\Mikasa Ackerman\\arymaid\\Arymaid\\vendor\\laravel\\framework\\src\\Illuminate\\View\\View.php(195): Illuminate\\View\\Engines\\CompilerEngine->get('C:\\\\Users\\\\Mikasa...', Array)
#7 C:\\Users\\Mikasa Ackerman\\arymaid\\Arymaid\\vendor\\laravel\\framework\\src\\Illuminate\\View\\View.php(178): Illuminate\\View\\View->getContents()
#8 C:\\Users\\Mikasa Ackerman\\arymaid\\Arymaid\\vendor\\laravel\\framework\\src\\Illuminate\\View\\View.php(147): Illuminate\\View\\View->renderContents()
#9 C:\\Users\\Mikasa Ackerman\\arymaid\\Arymaid\\resources\\views\\layouts\\masterHome.blade.php(42): Illuminate\\View\\View->render()
#10 C:\\Users\\Mikasa Ackerman\\arymaid\\Arymaid\\vendor\\laravel\\framework\\src\\Illuminate\\Filesystem\\Filesystem.php(109): require('C:\\\\Users\\\\Mikasa...')
#11 C:\\Users\\Mikasa Ackerman\\arymaid\\Arymaid\\vendor\\laravel\\framework\\src\\Illuminate\\Filesystem\\Filesystem.php(110): Illuminate\\Filesystem\\Filesystem::Illuminate\\Filesystem\\{closure}()
#12 C:\\Users\\Mikasa Ackerman\\arymaid\\Arymaid\\vendor\\laravel\\framework\\src\\Illuminate\\View\\Engines\\PhpEngine.php(58): Illuminate\\Filesystem\\Filesystem->getRequire('C:\\\\Users\\\\Mikasa...', Array)
#13 C:\\Users\\Mikasa Ackerman\\arymaid\\Arymaid\\vendor\\laravel\\framework\\src\\Illuminate\\View\\Engines\\CompilerEngine.php(70): Illuminate\\View\\Engines\\PhpEngine->evaluatePath('C:\\\\Users\\\\Mikasa...', Array)
#14 C:\\Users\\Mikasa Ackerman\\arymaid\\Arymaid\\vendor\\laravel\\framework\\src\\Illuminate\\View\\View.php(195): Illuminate\\View\\Engines\\CompilerEngine->get('C:\\\\Users\\\\Mikasa...', Array)
#15 C:\\Users\\Mikasa Ackerman\\arymaid\\Arymaid\\vendor\\laravel\\framework\\src\\Illuminate\\View\\View.php(178): Illuminate\\View\\View->getContents()
#16 C:\\Users\\Mikasa Ackerman\\arymaid\\Arymaid\\vendor\\laravel\\framework\\src\\Illuminate\\View\\View.php(147): Illuminate\\View\\View->renderContents()
#17 C:\\Users\\Mikasa Ackerman\\arymaid\\Arymaid\\resources\\views\\components\\login.blade.php(79): Illuminate\\View\\View->render()
#18 C:\\Users\\Mikasa Ackerman\\arymaid\\Arymaid\\vendor\\laravel\\framework\\src\\Illuminate\\Filesystem\\Filesystem.php(109): require('C:\\\\Users\\\\Mikasa...')
#19 C:\\Users\\Mikasa Ackerman\\arymaid\\Arymaid\\vendor\\laravel\\framework\\src\\Illuminate\\Filesystem\\Filesystem.php(110): Illuminate\\Filesystem\\Filesystem::Illuminate\\Filesystem\\{closure}()
#20 C:\\Users\\Mikasa Ackerman\\arymaid\\Arymaid\\vendor\\laravel\\framework\\src\\Illuminate\\View\\Engines\\PhpEngine.php(58): Illuminate\\Filesystem\\Filesystem->getRequire('C:\\\\Users\\\\Mikasa...', Array)
#21 C:\\Users\\Mikasa Ackerman\\arymaid\\Arymaid\\vendor\\laravel\\framework\\src\\Illuminate\\View\\Engines\\CompilerEngine.php(70): Illuminate\\View\\Engines\\PhpEngine->evaluatePath('C:\\\\Users\\\\Mikasa...', Array)
#22 C:\\Users\\Mikasa Ackerman\\arymaid\\Arymaid\\vendor\\laravel\\framework\\src\\Illuminate\\View\\View.php(195): Illuminate\\View\\Engines\\CompilerEngine->get('C:\\\\Users\\\\Mikasa...', Array)
#23 C:\\Users\\Mikasa Ackerman\\arymaid\\Arymaid\\vendor\\laravel\\framework\\src\\Illuminate\\View\\View.php(178): Illuminate\\View\\View->getContents()
#24 C:\\Users\\Mikasa Ackerman\\arymaid\\Arymaid\\vendor\\laravel\\framework\\src\\Illuminate\\View\\View.php(147): Illuminate\\View\\View->renderContents()
#25 C:\\Users\\Mikasa Ackerman\\arymaid\\Arymaid\\vendor\\laravel\\framework\\src\\Illuminate\\Http\\Response.php(69): Illuminate\\View\\View->render()
#26 C:\\Users\\Mikasa Ackerman\\arymaid\\Arymaid\\vendor\\laravel\\framework\\src\\Illuminate\\Http\\Response.php(35): Illuminate\\Http\\Response->setContent(Object(Illuminate\\View\\View))
#27 C:\\Users\\Mikasa Ackerman\\arymaid\\Arymaid\\vendor\\laravel\\framework\\src\\Illuminate\\Routing\\Router.php(906): Illuminate\\Http\\Response->__construct(Object(Illuminate\\View\\View), 200, Array)
#28 C:\\Users\\Mikasa Ackerman\\arymaid\\Arymaid\\vendor\\laravel\\framework\\src\\Illuminate\\Routing\\Router.php(875): Illuminate\\Routing\\Router::toResponse(Object(Illuminate\\Http\\Request), Object(Illuminate\\View\\View))
#29 C:\\Users\\Mikasa Ackerman\\arymaid\\Arymaid\\vendor\\laravel\\framework\\src\\Illuminate\\Routing\\Router.php(797): Illuminate\\Routing\\Router->prepareResponse(Object(Illuminate\\Http\\Request), Object(Illuminate\\View\\View))
#30 C:\\Users\\Mikasa Ackerman\\arymaid\\Arymaid\\vendor\\laravel\\framework\\src\\Illuminate\\Pipeline\\Pipeline.php(141): Illuminate\\Routing\\Router->Illuminate\\Routing\\{closure}(Object(Illuminate\\Http\\Request))
#31 C:\\Users\\Mikasa Ackerman\\arymaid\\Arymaid\\vendor\\laravel\\framework\\src\\Illuminate\\Routing\\Middleware\\SubstituteBindings.php(50): Illuminate\\Pipeline\\Pipeline->Illuminate\\Pipeline\\{closure}(Object(Illuminate\\Http\\Request))
#32 C:\\Users\\Mikasa Ackerman\\arymaid\\Arymaid\\vendor\\laravel\\framework\\src\\Illuminate\\Pipeline\\Pipeline.php(180): Illuminate\\Routing\\Middleware\\SubstituteBindings->handle(Object(Illuminate\\Http\\Request), Object(Closure))
#33 C:\\Users\\Mikasa Ackerman\\arymaid\\Arymaid\\vendor\\laravel\\framework\\src\\Illuminate\\Foundation\\Http\\Middleware\\VerifyCsrfToken.php(78): Illuminate\\Pipeline\\Pipeline->Illuminate\\Pipeline\\{closure}(Object(Illuminate\\Http\\Request))
#34 C:\\Users\\Mikasa Ackerman\\arymaid\\Arymaid\\vendor\\laravel\\framework\\src\\Illuminate\\Pipeline\\Pipeline.php(180): Illuminate\\Foundation\\Http\\Middleware\\VerifyCsrfToken->handle(Object(Illuminate\\Http\\Request), Object(Closure))
#35 C:\\Users\\Mikasa Ackerman\\arymaid\\Arymaid\\vendor\\laravel\\framework\\src\\Illuminate\\View\\Middleware\\ShareErrorsFromSession.php(49): Illuminate\\Pipeline\\Pipeline->Illuminate\\Pipeline\\{closure}(Object(Illuminate\\Http\\Request))
#36 C:\\Users\\Mikasa Ackerman\\arymaid\\Arymaid\\vendor\\laravel\\framework\\src\\Illuminate\\Pipeline\\Pipeline.php(180): Illuminate\\View\\Middleware\\ShareErrorsFromSession->handle(Object(Illuminate\\Http\\Request), Object(Closure))
#37 C:\\Users\\Mikasa Ackerman\\arymaid\\Arymaid\\vendor\\laravel\\framework\\src\\Illuminate\\Session\\Middleware\\StartSession.php(121): Illuminate\\Pipeline\\Pipeline->Illuminate\\Pipeline\\{closure}(Object(Illuminate\\Http\\Request))
#38 C:\\Users\\Mikasa Ackerman\\arymaid\\Arymaid\\vendor\\laravel\\framework\\src\\Illuminate\\Session\\Middleware\\StartSession.php(64): Illuminate\\Session\\Middleware\\StartSession->handleStatefulRequest(Object(Illuminate\\Http\\Request), Object(Illuminate\\Session\\Store), Object(Closure))
#39 C:\\Users\\Mikasa Ackerman\\arymaid\\Arymaid\\vendor\\laravel\\framework\\src\\Illuminate\\Pipeline\\Pipeline.php(180): Illuminate\\Session\\Middleware\\StartSession->handle(Object(Illuminate\\Http\\Request), Object(Closure))
#40 C:\\Users\\Mikasa Ackerman\\arymaid\\Arymaid\\vendor\\laravel\\framework\\src\\Illuminate\\Cookie\\Middleware\\AddQueuedCookiesToResponse.php(37): Illuminate\\Pipeline\\Pipeline->Illuminate\\Pipeline\\{closure}(Object(Illuminate\\Http\\Request))
#41 C:\\Users\\Mikasa Ackerman\\arymaid\\Arymaid\\vendor\\laravel\\framework\\src\\Illuminate\\Pipeline\\Pipeline.php(180): Illuminate\\Cookie\\Middleware\\AddQueuedCookiesToResponse->handle(Object(Illuminate\\Http\\Request), Object(Closure))
#42 C:\\Users\\Mikasa Ackerman\\arymaid\\Arymaid\\vendor\\laravel\\framework\\src\\Illuminate\\Cookie\\Middleware\\EncryptCookies.php(67): Illuminate\\Pipeline\\Pipeline->Illuminate\\Pipeline\\{closure}(Object(Illuminate\\Http\\Request))
#43 C:\\Users\\Mikasa Ackerman\\arymaid\\Arymaid\\vendor\\laravel\\framework\\src\\Illuminate\\Pipeline\\Pipeline.php(180): Illuminate\\Cookie\\Middleware\\EncryptCookies->handle(Object(Illuminate\\Http\\Request), Object(Closure))
#44 C:\\Users\\Mikasa Ackerman\\arymaid\\Arymaid\\vendor\\laravel\\framework\\src\\Illuminate\\Pipeline\\Pipeline.php(116): Illuminate\\Pipeline\\Pipeline->Illuminate\\Pipeline\\{closure}(Object(Illuminate\\Http\\Request))
#45 C:\\Users\\Mikasa Ackerman\\arymaid\\Arymaid\\vendor\\laravel\\framework\\src\\Illuminate\\Routing\\Router.php(797): Illuminate\\Pipeline\\Pipeline->then(Object(Closure))
#46 C:\\Users\\Mikasa Ackerman\\arymaid\\Arymaid\\vendor\\laravel\\framework\\src\\Illuminate\\Routing\\Router.php(776): Illuminate\\Routing\\Router->runRouteWithinStack(Object(Illuminate\\Routing\\Route), Object(Illuminate\\Http\\Request))
#47 C:\\Users\\Mikasa Ackerman\\arymaid\\Arymaid\\vendor\\laravel\\framework\\src\\Illuminate\\Routing\\Router.php(740): Illuminate\\Routing\\Router->runRoute(Object(Illuminate\\Http\\Request), Object(Illuminate\\Routing\\Route))
#48 C:\\Users\\Mikasa Ackerman\\arymaid\\Arymaid\\vendor\\laravel\\framework\\src\\Illuminate\\Routing\\Router.php(729): Illuminate\\Routing\\Router->dispatchToRoute(Object(Illuminate\\Http\\Request))
#49 C:\\Users\\Mikasa Ackerman\\arymaid\\Arymaid\\vendor\\laravel\\framework\\src\\Illuminate\\Foundation\\Http\\Kernel.php(200): Illuminate\\Routing\\Router->dispatch(Object(Illuminate\\Http\\Request))
#50 C:\\Users\\Mikasa Ackerman\\arymaid\\Arymaid\\vendor\\laravel\\framework\\src\\Illuminate\\Pipeline\\Pipeline.php(141): Illuminate\\Foundation\\Http\\Kernel->Illuminate\\Foundation\\Http\\{closure}(Object(Illuminate\\Http\\Request))
#51 C:\\Users\\Mikasa Ackerman\\arymaid\\Arymaid\\vendor\\laravel\\framework\\src\\Illuminate\\Foundation\\Http\\Middleware\\TransformsRequest.php(21): Illuminate\\Pipeline\\Pipeline->Illuminate\\Pipeline\\{closure}(Object(Illuminate\\Http\\Request))
#52 C:\\Users\\Mikasa Ackerman\\arymaid\\Arymaid\\vendor\\laravel\\framework\\src\\Illuminate\\Foundation\\Http\\Middleware\\ConvertEmptyStringsToNull.php(31): Illuminate\\Foundation\\Http\\Middleware\\TransformsRequest->handle(Object(Illuminate\\Http\\Request), Object(Closure))
#53 C:\\Users\\Mikasa Ackerman\\arymaid\\Arymaid\\vendor\\laravel\\framework\\src\\Illuminate\\Pipeline\\Pipeline.php(180): Illuminate\\Foundation\\Http\\Middleware\\ConvertEmptyStringsToNull->handle(Object(Illuminate\\Http\\Request), Object(Closure))
#54 C:\\Users\\Mikasa Ackerman\\arymaid\\Arymaid\\vendor\\laravel\\framework\\src\\Illuminate\\Foundation\\Http\\Middleware\\TransformsRequest.php(21): Illuminate\\Pipeline\\Pipeline->Illuminate\\Pipeline\\{closure}(Object(Illuminate\\Http\\Request))
#55 C:\\Users\\Mikasa Ackerman\\arymaid\\Arymaid\\vendor\\laravel\\framework\\src\\Illuminate\\Foundation\\Http\\Middleware\\TrimStrings.php(40): Illuminate\\Foundation\\Http\\Middleware\\TransformsRequest->handle(Object(Illuminate\\Http\\Request), Object(Closure))
#56 C:\\Users\\Mikasa Ackerman\\arymaid\\Arymaid\\vendor\\laravel\\framework\\src\\Illuminate\\Pipeline\\Pipeline.php(180): Illuminate\\Foundation\\Http\\Middleware\\TrimStrings->handle(Object(Illuminate\\Http\\Request), Object(Closure))
#57 C:\\Users\\Mikasa Ackerman\\arymaid\\Arymaid\\vendor\\laravel\\framework\\src\\Illuminate\\Foundation\\Http\\Middleware\\ValidatePostSize.php(27): Illuminate\\Pipeline\\Pipeline->Illuminate\\Pipeline\\{closure}(Object(Illuminate\\Http\\Request))
#58 C:\\Users\\Mikasa Ackerman\\arymaid\\Arymaid\\vendor\\laravel\\framework\\src\\Illuminate\\Pipeline\\Pipeline.php(180): Illuminate\\Foundation\\Http\\Middleware\\ValidatePostSize->handle(Object(Illuminate\\Http\\Request), Object(Closure))
#59 C:\\Users\\Mikasa Ackerman\\arymaid\\Arymaid\\vendor\\laravel\\framework\\src\\Illuminate\\Foundation\\Http\\Middleware\\PreventRequestsDuringMaintenance.php(86): Illuminate\\Pipeline\\Pipeline->Illuminate\\Pipeline\\{closure}(Object(Illuminate\\Http\\Request))
#60 C:\\Users\\Mikasa Ackerman\\arymaid\\Arymaid\\vendor\\laravel\\framework\\src\\Illuminate\\Pipeline\\Pipeline.php(180): Illuminate\\Foundation\\Http\\Middleware\\PreventRequestsDuringMaintenance->handle(Object(Illuminate\\Http\\Request), Object(Closure))
#61 C:\\Users\\Mikasa Ackerman\\arymaid\\Arymaid\\vendor\\laravel\\framework\\src\\Illuminate\\Http\\Middleware\\HandleCors.php(49): Illuminate\\Pipeline\\Pipeline->Illuminate\\Pipeline\\{closure}(Object(Illuminate\\Http\\Request))
#62 C:\\Users\\Mikasa Ackerman\\arymaid\\Arymaid\\vendor\\laravel\\framework\\src\\Illuminate\\Pipeline\\Pipeline.php(180): Illuminate\\Http\\Middleware\\HandleCors->handle(Object(Illuminate\\Http\\Request), Object(Closure))
#63 C:\\Users\\Mikasa Ackerman\\arymaid\\Arymaid\\vendor\\laravel\\framework\\src\\Illuminate\\Http\\Middleware\\TrustProxies.php(39): Illuminate\\Pipeline\\Pipeline->Illuminate\\Pipeline\\{closure}(Object(Illuminate\\Http\\Request))
#64 C:\\Users\\Mikasa Ackerman\\arymaid\\Arymaid\\vendor\\laravel\\framework\\src\\Illuminate\\Pipeline\\Pipeline.php(180): Illuminate\\Http\\Middleware\\TrustProxies->handle(Object(Illuminate\\Http\\Request), Object(Closure))
#65 C:\\Users\\Mikasa Ackerman\\arymaid\\Arymaid\\vendor\\laravel\\framework\\src\\Illuminate\\Pipeline\\Pipeline.php(116): Illuminate\\Pipeline\\Pipeline->Illuminate\\Pipeline\\{closure}(Object(Illuminate\\Http\\Request))
#66 C:\\Users\\Mikasa Ackerman\\arymaid\\Arymaid\\vendor\\laravel\\framework\\src\\Illuminate\\Foundation\\Http\\Kernel.php(175): Illuminate\\Pipeline\\Pipeline->then(Object(Closure))
#67 C:\\Users\\Mikasa Ackerman\\arymaid\\Arymaid\\vendor\\laravel\\framework\\src\\Illuminate\\Foundation\\Http\\Kernel.php(144): Illuminate\\Foundation\\Http\\Kernel->sendRequestThroughRouter(Object(Illuminate\\Http\\Request))
#68 C:\\Users\\Mikasa Ackerman\\arymaid\\Arymaid\\public\\index.php(51): Illuminate\\Foundation\\Http\\Kernel->handle(Object(Illuminate\\Http\\Request))
#69 C:\\Users\\Mikasa Ackerman\\arymaid\\Arymaid\\vendor\\laravel\\framework\\src\\Illuminate\\Foundation\\resources\\server.php(16): require_once('C:\\\\Users\\\\Mikasa...')
#70 {main}

[previous exception] [object] (ErrorException(code: 0): Undefined variable $categories at C:\\Users\\Mikasa Ackerman\\arymaid\\Arymaid\\storage\\framework\\views\\870024b7053604826470823ad6bc3e9b.php:53)
[stacktrace]
#0 C:\\Users\\Mikasa Ackerman\\arymaid\\Arymaid\\vendor\\laravel\\framework\\src\\Illuminate\\Foundation\\Bootstrap\\HandleExceptions.php(250): Illuminate\\Foundation\\Bootstrap\\HandleExceptions->handleError(2, 'Undefined varia...', 'C:\\\\Users\\\\Mikasa...', 53)
#1 C:\\Users\\Mikasa Ackerman\\arymaid\\Arymaid\\storage\\framework\\views\\870024b7053604826470823ad6bc3e9b.php(53): Illuminate\\Foundation\\Bootstrap\\HandleExceptions->Illuminate\\Foundation\\Bootstrap\\{closure}(2, 'Undefined varia...', 'C:\\\\Users\\\\Mikasa...', 53)
#2 C:\\Users\\Mikasa Ackerman\\arymaid\\Arymaid\\vendor\\laravel\\framework\\src\\Illuminate\\Filesystem\\Filesystem.php(109): require('C:\\\\Users\\\\Mikasa...')
#3 C:\\Users\\Mikasa Ackerman\\arymaid\\Arymaid\\vendor\\laravel\\framework\\src\\Illuminate\\Filesystem\\Filesystem.php(110): Illuminate\\Filesystem\\Filesystem::Illuminate\\Filesystem\\{closure}()
#4 C:\\Users\\Mikasa Ackerman\\arymaid\\Arymaid\\vendor\\laravel\\framework\\src\\Illuminate\\View\\Engines\\PhpEngine.php(58): Illuminate\\Filesystem\\Filesystem->getRequire('C:\\\\Users\\\\Mikasa...', Array)
#5 C:\\Users\\Mikasa Ackerman\\arymaid\\Arymaid\\vendor\\laravel\\framework\\src\\Illuminate\\View\\Engines\\CompilerEngine.php(70): Illuminate\\View\\Engines\\PhpEngine->evaluatePath('C:\\\\Users\\\\Mikasa...', Array)
#6 C:\\Users\\Mikasa Ackerman\\arymaid\\Arymaid\\vendor\\laravel\\framework\\src\\Illuminate\\View\\View.php(195): Illuminate\\View\\Engines\\CompilerEngine->get('C:\\\\Users\\\\Mikasa...', Array)
#7 C:\\Users\\Mikasa Ackerman\\arymaid\\Arymaid\\vendor\\laravel\\framework\\src\\Illuminate\\View\\View.php(178): Illuminate\\View\\View->getContents()
#8 C:\\Users\\Mikasa Ackerman\\arymaid\\Arymaid\\vendor\\laravel\\framework\\src\\Illuminate\\View\\View.php(147): Illuminate\\View\\View->renderContents()
#9 C:\\Users\\Mikasa Ackerman\\arymaid\\Arymaid\\storage\\framework\\views\\743235b1b584e592596c3c7506ff19c5.php(42): Illuminate\\View\\View->render()
#10 C:\\Users\\Mikasa Ackerman\\arymaid\\Arymaid\\vendor\\laravel\\framework\\src\\Illuminate\\Filesystem\\Filesystem.php(109): require('C:\\\\Users\\\\Mikasa...')
#11 C:\\Users\\Mikasa Ackerman\\arymaid\\Arymaid\\vendor\\laravel\\framework\\src\\Illuminate\\Filesystem\\Filesystem.php(110): Illuminate\\Filesystem\\Filesystem::Illuminate\\Filesystem\\{closure}()
#12 C:\\Users\\Mikasa Ackerman\\arymaid\\Arymaid\\vendor\\laravel\\framework\\src\\Illuminate\\View\\Engines\\PhpEngine.php(58): Illuminate\\Filesystem\\Filesystem->getRequire('C:\\\\Users\\\\Mikasa...', Array)
#13 C:\\Users\\Mikasa Ackerman\\arymaid\\Arymaid\\vendor\\laravel\\framework\\src\\Illuminate\\View\\Engines\\CompilerEngine.php(70): Illuminate\\View\\Engines\\PhpEngine->evaluatePath('C:\\\\Users\\\\Mikasa...', Array)
#14 C:\\Users\\Mikasa Ackerman\\arymaid\\Arymaid\\vendor\\laravel\\framework\\src\\Illuminate\\View\\View.php(195): Illuminate\\View\\Engines\\CompilerEngine->get('C:\\\\Users\\\\Mikasa...', Array)
#15 C:\\Users\\Mikasa Ackerman\\arymaid\\Arymaid\\vendor\\laravel\\framework\\src\\Illuminate\\View\\View.php(178): Illuminate\\View\\View->getContents()
#16 C:\\Users\\Mikasa Ackerman\\arymaid\\Arymaid\\vendor\\laravel\\framework\\src\\Illuminate\\View\\View.php(147): Illuminate\\View\\View->renderContents()
#17 C:\\Users\\Mikasa Ackerman\\arymaid\\Arymaid\\storage\\framework\\views\\5b617f6d9f05a268db2d91a96fcad35c.php(82): Illuminate\\View\\View->render()
#18 C:\\Users\\Mikasa Ackerman\\arymaid\\Arymaid\\vendor\\laravel\\framework\\src\\Illuminate\\Filesystem\\Filesystem.php(109): require('C:\\\\Users\\\\Mikasa...')
#19 C:\\Users\\Mikasa Ackerman\\arymaid\\Arymaid\\vendor\\laravel\\framework\\src\\Illuminate\\Filesystem\\Filesystem.php(110): Illuminate\\Filesystem\\Filesystem::Illuminate\\Filesystem\\{closure}()
#20 C:\\Users\\Mikasa Ackerman\\arymaid\\Arymaid\\vendor\\laravel\\framework\\src\\Illuminate\\View\\Engines\\PhpEngine.php(58): Illuminate\\Filesystem\\Filesystem->getRequire('C:\\\\Users\\\\Mikasa...', Array)
#21 C:\\Users\\Mikasa Ackerman\\arymaid\\Arymaid\\vendor\\laravel\\framework\\src\\Illuminate\\View\\Engines\\CompilerEngine.php(70): Illuminate\\View\\Engines\\PhpEngine->evaluatePath('C:\\\\Users\\\\Mikasa...', Array)
#22 C:\\Users\\Mikasa Ackerman\\arymaid\\Arymaid\\vendor\\laravel\\framework\\src\\Illuminate\\View\\View.php(195): Illuminate\\View\\Engines\\CompilerEngine->get('C:\\\\Users\\\\Mikasa...', Array)
#23 C:\\Users\\Mikasa Ackerman\\arymaid\\Arymaid\\vendor\\laravel\\framework\\src\\Illuminate\\View\\View.php(178): Illuminate\\View\\View->getContents()
#24 C:\\Users\\Mikasa Ackerman\\arymaid\\Arymaid\\vendor\\laravel\\framework\\src\\Illuminate\\View\\View.php(147): Illuminate\\View\\View->renderContents()
#25 C:\\Users\\Mikasa Ackerman\\arymaid\\Arymaid\\vendor\\laravel\\framework\\src\\Illuminate\\Http\\Response.php(69): Illuminate\\View\\View->render()
#26 C:\\Users\\Mikasa Ackerman\\arymaid\\Arymaid\\vendor\\laravel\\framework\\src\\Illuminate\\Http\\Response.php(35): Illuminate\\Http\\Response->setContent(Object(Illuminate\\View\\View))
#27 C:\\Users\\Mikasa Ackerman\\arymaid\\Arymaid\\vendor\\laravel\\framework\\src\\Illuminate\\Routing\\Router.php(906): Illuminate\\Http\\Response->__construct(Object(Illuminate\\View\\View), 200, Array)
#28 C:\\Users\\Mikasa Ackerman\\arymaid\\Arymaid\\vendor\\laravel\\framework\\src\\Illuminate\\Routing\\Router.php(875): Illuminate\\Routing\\Router::toResponse(Object(Illuminate\\Http\\Request), Object(Illuminate\\View\\View))
#29 C:\\Users\\Mikasa Ackerman\\arymaid\\Arymaid\\vendor\\laravel\\framework\\src\\Illuminate\\Routing\\Router.php(797): Illuminate\\Routing\\Router->prepareResponse(Object(Illuminate\\Http\\Request), Object(Illuminate\\View\\View))
#30 C:\\Users\\Mikasa Ackerman\\arymaid\\Arymaid\\vendor\\laravel\\framework\\src\\Illuminate\\Pipeline\\Pipeline.php(141): Illuminate\\Routing\\Router->Illuminate\\Routing\\{closure}(Object(Illuminate\\Http\\Request))
#31 C:\\Users\\Mikasa Ackerman\\arymaid\\Arymaid\\vendor\\laravel\\framework\\src\\Illuminate\\Routing\\Middleware\\SubstituteBindings.php(50): Illuminate\\Pipeline\\Pipeline->Illuminate\\Pipeline\\{closure}(Object(Illuminate\\Http\\Request))
#32 C:\\Users\\Mikasa Ackerman\\arymaid\\Arymaid\\vendor\\laravel\\framework\\src\\Illuminate\\Pipeline\\Pipeline.php(180): Illuminate\\Routing\\Middleware\\SubstituteBindings->handle(Object(Illuminate\\Http\\Request), Object(Closure))
#33 C:\\Users\\Mikasa Ackerman\\arymaid\\Arymaid\\vendor\\laravel\\framework\\src\\Illuminate\\Foundation\\Http\\Middleware\\VerifyCsrfToken.php(78): Illuminate\\Pipeline\\Pipeline->Illuminate\\Pipeline\\{closure}(Object(Illuminate\\Http\\Request))
#34 C:\\Users\\Mikasa Ackerman\\arymaid\\Arymaid\\vendor\\laravel\\framework\\src\\Illuminate\\Pipeline\\Pipeline.php(180): Illuminate\\Foundation\\Http\\Middleware\\VerifyCsrfToken->handle(Object(Illuminate\\Http\\Request), Object(Closure))
#35 C:\\Users\\Mikasa Ackerman\\arymaid\\Arymaid\\vendor\\laravel\\framework\\src\\Illuminate\\View\\Middleware\\ShareErrorsFromSession.php(49): Illuminate\\Pipeline\\Pipeline->Illuminate\\Pipeline\\{closure}(Object(Illuminate\\Http\\Request))
#36 C:\\Users\\Mikasa Ackerman\\arymaid\\Arymaid\\vendor\\laravel\\framework\\src\\Illuminate\\Pipeline\\Pipeline.php(180): Illuminate\\View\\Middleware\\ShareErrorsFromSession->handle(Object(Illuminate\\Http\\Request), Object(Closure))
#37 C:\\Users\\Mikasa Ackerman\\arymaid\\Arymaid\\vendor\\laravel\\framework\\src\\Illuminate\\Session\\Middleware\\StartSession.php(121): Illuminate\\Pipeline\\Pipeline->Illuminate\\Pipeline\\{closure}(Object(Illuminate\\Http\\Request))
#38 C:\\Users\\Mikasa Ackerman\\arymaid\\Arymaid\\vendor\\laravel\\framework\\src\\Illuminate\\Session\\Middleware\\StartSession.php(64): Illuminate\\Session\\Middleware\\StartSession->handleStatefulRequest(Object(Illuminate\\Http\\Request), Object(Illuminate\\Session\\Store), Object(Closure))
#39 C:\\Users\\Mikasa Ackerman\\arymaid\\Arymaid\\vendor\\laravel\\framework\\src\\Illuminate\\Pipeline\\Pipeline.php(180): Illuminate\\Session\\Middleware\\StartSession->handle(Object(Illuminate\\Http\\Request), Object(Closure))
#40 C:\\Users\\Mikasa Ackerman\\arymaid\\Arymaid\\vendor\\laravel\\framework\\src\\Illuminate\\Cookie\\Middleware\\AddQueuedCookiesToResponse.php(37): Illuminate\\Pipeline\\Pipeline->Illuminate\\Pipeline\\{closure}(Object(Illuminate\\Http\\Request))
#41 C:\\Users\\Mikasa Ackerman\\arymaid\\Arymaid\\vendor\\laravel\\framework\\src\\Illuminate\\Pipeline\\Pipeline.php(180): Illuminate\\Cookie\\Middleware\\AddQueuedCookiesToResponse->handle(Object(Illuminate\\Http\\Request), Object(Closure))
#42 C:\\Users\\Mikasa Ackerman\\arymaid\\Arymaid\\vendor\\laravel\\framework\\src\\Illuminate\\Cookie\\Middleware\\EncryptCookies.php(67): Illuminate\\Pipeline\\Pipeline->Illuminate\\Pipeline\\{closure}(Object(Illuminate\\Http\\Request))
#43 C:\\Users\\Mikasa Ackerman\\arymaid\\Arymaid\\vendor\\laravel\\framework\\src\\Illuminate\\Pipeline\\Pipeline.php(180): Illuminate\\Cookie\\Middleware\\EncryptCookies->handle(Object(Illuminate\\Http\\Request), Object(Closure))
#44 C:\\Users\\Mikasa Ackerman\\arymaid\\Arymaid\\vendor\\laravel\\framework\\src\\Illuminate\\Pipeline\\Pipeline.php(116): Illuminate\\Pipeline\\Pipeline->Illuminate\\Pipeline\\{closure}(Object(Illuminate\\Http\\Request))
#45 C:\\Users\\Mikasa Ackerman\\arymaid\\Arymaid\\vendor\\laravel\\framework\\src\\Illuminate\\Routing\\Router.php(797): Illuminate\\Pipeline\\Pipeline->then(Object(Closure))
#46 C:\\Users\\Mikasa Ackerman\\arymaid\\Arymaid\\vendor\\laravel\\framework\\src\\Illuminate\\Routing\\Router.php(776): Illuminate\\Routing\\Router->runRouteWithinStack(Object(Illuminate\\Routing\\Route), Object(Illuminate\\Http\\Request))
#47 C:\\Users\\Mikasa Ackerman\\arymaid\\Arymaid\\vendor\\laravel\\framework\\src\\Illuminate\\Routing\\Router.php(740): Illuminate\\Routing\\Router->runRoute(Object(Illuminate\\Http\\Request), Object(Illuminate\\Routing\\Route))
#48 C:\\Users\\Mikasa Ackerman\\arymaid\\Arymaid\\vendor\\laravel\\framework\\src\\Illuminate\\Routing\\Router.php(729): Illuminate\\Routing\\Router->dispatchToRoute(Object(Illuminate\\Http\\Request))
#49 C:\\Users\\Mikasa Ackerman\\arymaid\\Arymaid\\vendor\\laravel\\framework\\src\\Illuminate\\Foundation\\Http\\Kernel.php(200): Illuminate\\Routing\\Router->dispatch(Object(Illuminate\\Http\\Request))
#50 C:\\Users\\Mikasa Ackerman\\arymaid\\Arymaid\\vendor\\laravel\\framework\\src\\Illuminate\\Pipeline\\Pipeline.php(141): Illuminate\\Foundation\\Http\\Kernel->Illuminate\\Foundation\\Http\\{closure}(Object(Illuminate\\Http\\Request))
#51 C:\\Users\\Mikasa Ackerman\\arymaid\\Arymaid\\vendor\\laravel\\framework\\src\\Illuminate\\Foundation\\Http\\Middleware\\TransformsRequest.php(21): Illuminate\\Pipeline\\Pipeline->Illuminate\\Pipeline\\{closure}(Object(Illuminate\\Http\\Request))
#52 C:\\Users\\Mikasa Ackerman\\arymaid\\Arymaid\\vendor\\laravel\\framework\\src\\Illuminate\\Foundation\\Http\\Middleware\\ConvertEmptyStringsToNull.php(31): Illuminate\\Foundation\\Http\\Middleware\\TransformsRequest->handle(Object(Illuminate\\Http\\Request), Object(Closure))
#53 C:\\Users\\Mikasa Ackerman\\arymaid\\Arymaid\\vendor\\laravel\\framework\\src\\Illuminate\\Pipeline\\Pipeline.php(180): Illuminate\\Foundation\\Http\\Middleware\\ConvertEmptyStringsToNull->handle(Object(Illuminate\\Http\\Request), Object(Closure))
#54 C:\\Users\\Mikasa Ackerman\\arymaid\\Arymaid\\vendor\\laravel\\framework\\src\\Illuminate\\Foundation\\Http\\Middleware\\TransformsRequest.php(21): Illuminate\\Pipeline\\Pipeline->Illuminate\\Pipeline\\{closure}(Object(Illuminate\\Http\\Request))
#55 C:\\Users\\Mikasa Ackerman\\arymaid\\Arymaid\\vendor\\laravel\\framework\\src\\Illuminate\\Foundation\\Http\\Middleware\\TrimStrings.php(40): Illuminate\\Foundation\\Http\\Middleware\\TransformsRequest->handle(Object(Illuminate\\Http\\Request), Object(Closure))
#56 C:\\Users\\Mikasa Ackerman\\arymaid\\Arymaid\\vendor\\laravel\\framework\\src\\Illuminate\\Pipeline\\Pipeline.php(180): Illuminate\\Foundation\\Http\\Middleware\\TrimStrings->handle(Object(Illuminate\\Http\\Request), Object(Closure))
#57 C:\\Users\\Mikasa Ackerman\\arymaid\\Arymaid\\vendor\\laravel\\framework\\src\\Illuminate\\Foundation\\Http\\Middleware\\ValidatePostSize.php(27): Illuminate\\Pipeline\\Pipeline->Illuminate\\Pipeline\\{closure}(Object(Illuminate\\Http\\Request))
#58 C:\\Users\\Mikasa Ackerman\\arymaid\\Arymaid\\vendor\\laravel\\framework\\src\\Illuminate\\Pipeline\\Pipeline.php(180): Illuminate\\Foundation\\Http\\Middleware\\ValidatePostSize->handle(Object(Illuminate\\Http\\Request), Object(Closure))
#59 C:\\Users\\Mikasa Ackerman\\arymaid\\Arymaid\\vendor\\laravel\\framework\\src\\Illuminate\\Foundation\\Http\\Middleware\\PreventRequestsDuringMaintenance.php(86): Illuminate\\Pipeline\\Pipeline->Illuminate\\Pipeline\\{closure}(Object(Illuminate\\Http\\Request))
#60 C:\\Users\\Mikasa Ackerman\\arymaid\\Arymaid\\vendor\\laravel\\framework\\src\\Illuminate\\Pipeline\\Pipeline.php(180): Illuminate\\Foundation\\Http\\Middleware\\PreventRequestsDuringMaintenance->handle(Object(Illuminate\\Http\\Request), Object(Closure))
#61 C:\\Users\\Mikasa Ackerman\\arymaid\\Arymaid\\vendor\\laravel\\framework\\src\\Illuminate\\Http\\Middleware\\HandleCors.php(49): Illuminate\\Pipeline\\Pipeline->Illuminate\\Pipeline\\{closure}(Object(Illuminate\\Http\\Request))
#62 C:\\Users\\Mikasa Ackerman\\arymaid\\Arymaid\\vendor\\laravel\\framework\\src\\Illuminate\\Pipeline\\Pipeline.php(180): Illuminate\\Http\\Middleware\\HandleCors->handle(Object(Illuminate\\Http\\Request), Object(Closure))
#63 C:\\Users\\Mikasa Ackerman\\arymaid\\Arymaid\\vendor\\laravel\\framework\\src\\Illuminate\\Http\\Middleware\\TrustProxies.php(39): Illuminate\\Pipeline\\Pipeline->Illuminate\\Pipeline\\{closure}(Object(Illuminate\\Http\\Request))
#64 C:\\Users\\Mikasa Ackerman\\arymaid\\Arymaid\\vendor\\laravel\\framework\\src\\Illuminate\\Pipeline\\Pipeline.php(180): Illuminate\\Http\\Middleware\\TrustProxies->handle(Object(Illuminate\\Http\\Request), Object(Closure))
#65 C:\\Users\\Mikasa Ackerman\\arymaid\\Arymaid\\vendor\\laravel\\framework\\src\\Illuminate\\Pipeline\\Pipeline.php(116): Illuminate\\Pipeline\\Pipeline->Illuminate\\Pipeline\\{closure}(Object(Illuminate\\Http\\Request))
#66 C:\\Users\\Mikasa Ackerman\\arymaid\\Arymaid\\vendor\\laravel\\framework\\src\\Illuminate\\Foundation\\Http\\Kernel.php(175): Illuminate\\Pipeline\\Pipeline->then(Object(Closure))
#67 C:\\Users\\Mikasa Ackerman\\arymaid\\Arymaid\\vendor\\laravel\\framework\\src\\Illuminate\\Foundation\\Http\\Kernel.php(144): Illuminate\\Foundation\\Http\\Kernel->sendRequestThroughRouter(Object(Illuminate\\Http\\Request))
#68 C:\\Users\\Mikasa Ackerman\\arymaid\\Arymaid\\public\\index.php(51): Illuminate\\Foundation\\Http\\Kernel->handle(Object(Illuminate\\Http\\Request))
#69 C:\\Users\\Mikasa Ackerman\\arymaid\\Arymaid\\vendor\\laravel\\framework\\src\\Illuminate\\Foundation\\resources\\server.php(16): require_once('C:\\\\Users\\\\Mikasa...')
#70 {main}
"} 
[2026-02-24 15:58:37] local.ERROR: Undefined variable $categories {"view":{"view":"C:\\Users\\Mikasa Ackerman\\arymaid\\Arymaid\\resources\\views\\partials\\headerMain.blade.php","data":{"errors":"<pre class=sf-dump id=sf-dump-2109918449 data-indent-pad=\"  \"><span class=sf-dump-note>Illuminate\\Support\\ViewErrorBag</span> {<a class=sf-dump-ref>#319</a><samp data-depth=1 class=sf-dump-expanded>
  #<span class=sf-dump-protected title=\"Protected property\">bags</span>: []
</samp>}
</pre><script>Sfdump(\"sf-dump-2109918449\", {\"maxDepth\":3,\"maxStringLength\":160})</script>
"}},"exception":"[object] (Spatie\\LaravelIgnition\\Exceptions\\ViewException(code: 0): Undefined variable $categories at C:\\Users\\Mikasa Ackerman\\arymaid\\Arymaid\\resources\\views\\partials\\headerMain.blade.php:53)
[stacktrace]
#0 C:\\Users\\Mikasa Ackerman\\arymaid\\Arymaid\\vendor\\laravel\\framework\\src\\Illuminate\\Foundation\\Bootstrap\\HandleExceptions.php(250): Illuminate\\Foundation\\Bootstrap\\HandleExceptions->handleError(2, 'Undefined varia...', 'C:\\\\Users\\\\Mikasa...', 53)
#1 C:\\Users\\Mikasa Ackerman\\arymaid\\Arymaid\\resources\\views\\partials\\headerMain.blade.php(53): Illuminate\\Foundation\\Bootstrap\\HandleExceptions->Illuminate\\Foundation\\Bootstrap\\{closure}(2, 'Undefined varia...', 'C:\\\\Users\\\\Mikasa...', 53)
#2 C:\\Users\\Mikasa Ackerman\\arymaid\\Arymaid\\vendor\\laravel\\framework\\src\\Illuminate\\Filesystem\\Filesystem.php(109): require('C:\\\\Users\\\\Mikasa...')
#3 C:\\Users\\Mikasa Ackerman\\arymaid\\Arymaid\\vendor\\laravel\\framework\\src\\Illuminate\\Filesystem\\Filesystem.php(110): Illuminate\\Filesystem\\Filesystem::Illuminate\\Filesystem\\{closure}()
#4 C:\\Users\\Mikasa Ackerman\\arymaid\\Arymaid\\vendor\\laravel\\framework\\src\\Illuminate\\View\\Engines\\PhpEngine.php(58): Illuminate\\Filesystem\\Filesystem->getRequire('C:\\\\Users\\\\Mikasa...', Array)
#5 C:\\Users\\Mikasa Ackerman\\arymaid\\Arymaid\\vendor\\laravel\\framework\\src\\Illuminate\\View\\Engines\\CompilerEngine.php(70): Illuminate\\View\\Engines\\PhpEngine->evaluatePath('C:\\\\Users\\\\Mikasa...', Array)
#6 C:\\Users\\Mikasa Ackerman\\arymaid\\Arymaid\\vendor\\laravel\\framework\\src\\Illuminate\\View\\View.php(195): Illuminate\\View\\Engines\\CompilerEngine->get('C:\\\\Users\\\\Mikasa...', Array)
#7 C:\\Users\\Mikasa Ackerman\\arymaid\\Arymaid\\vendor\\laravel\\framework\\src\\Illuminate\\View\\View.php(178): Illuminate\\View\\View->getContents()
#8 C:\\Users\\Mikasa Ackerman\\arymaid\\Arymaid\\vendor\\laravel\\framework\\src\\Illuminate\\View\\View.php(147): Illuminate\\View\\View->renderContents()
#9 C:\\Users\\Mikasa Ackerman\\arymaid\\Arymaid\\resources\\views\\layouts\\masterHome.blade.php(42): Illuminate\\View\\View->render()
#10 C:\\Users\\Mikasa Ackerman\\arymaid\\Arymaid\\vendor\\laravel\\framework\\src\\Illuminate\\Filesystem\\Filesystem.php(109): require('C:\\\\Users\\\\Mikasa...')
#11 C:\\Users\\Mikasa Ackerman\\arymaid\\Arymaid\\vendor\\laravel\\framework\\src\\Illuminate\\Filesystem\\Filesystem.php(110): Illuminate\\Filesystem\\Filesystem::Illuminate\\Filesystem\\{closure}()
#12 C:\\Users\\Mikasa Ackerman\\arymaid\\Arymaid\\vendor\\laravel\\framework\\src\\Illuminate\\View\\Engines\\PhpEngine.php(58): Illuminate\\Filesystem\\Filesystem->getRequire('C:\\\\Users\\\\Mikasa...', Array)
#13 C:\\Users\\Mikasa Ackerman\\arymaid\\Arymaid\\vendor\\laravel\\framework\\src\\Illuminate\\View\\Engines\\CompilerEngine.php(70): Illuminate\\View\\Engines\\PhpEngine->evaluatePath('C:\\\\Users\\\\Mikasa...', Array)
#14 C:\\Users\\Mikasa Ackerman\\arymaid\\Arymaid\\vendor\\laravel\\framework\\src\\Illuminate\\View\\View.php(195): Illuminate\\View\\Engines\\CompilerEngine->get('C:\\\\Users\\\\Mikasa...', Array)
#15 C:\\Users\\Mikasa Ackerman\\arymaid\\Arymaid\\vendor\\laravel\\framework\\src\\Illuminate\\View\\View.php(178): Illuminate\\View\\View->getContents()
#16 C:\\Users\\Mikasa Ackerman\\arymaid\\Arymaid\\vendor\\laravel\\framework\\src\\Illuminate\\View\\View.php(147): Illuminate\\View\\View->renderContents()
#17 C:\\Users\\Mikasa Ackerman\\arymaid\\Arymaid\\resources\\views\\components\\register.blade.php(75): Illuminate\\View\\View->render()
#18 C:\\Users\\Mikasa Ackerman\\arymaid\\Arymaid\\vendor\\laravel\\framework\\src\\Illuminate\\Filesystem\\Filesystem.php(109): require('C:\\\\Users\\\\Mikasa...')
#19 C:\\Users\\Mikasa Ackerman\\arymaid\\Arymaid\\vendor\\laravel\\framework\\src\\Illuminate\\Filesystem\\Filesystem.php(110): Illuminate\\Filesystem\\Filesystem::Illuminate\\Filesystem\\{closure}()
#20 C:\\Users\\Mikasa Ackerman\\arymaid\\Arymaid\\vendor\\laravel\\framework\\src\\Illuminate\\View\\Engines\\PhpEngine.php(58): Illuminate\\Filesystem\\Filesystem->getRequire('C:\\\\Users\\\\Mikasa...', Array)
#21 C:\\Users\\Mikasa Ackerman\\arymaid\\Arymaid\\vendor\\laravel\\framework\\src\\Illuminate\\View\\Engines\\CompilerEngine.php(70): Illuminate\\View\\Engines\\PhpEngine->evaluatePath('C:\\\\Users\\\\Mikasa...', Array)
#22 C:\\Users\\Mikasa Ackerman\\arymaid\\Arymaid\\vendor\\laravel\\framework\\src\\Illuminate\\View\\View.php(195): Illuminate\\View\\Engines\\CompilerEngine->get('C:\\\\Users\\\\Mikasa...', Array)
#23 C:\\Users\\Mikasa Ackerman\\arymaid\\Arymaid\\vendor\\laravel\\framework\\src\\Illuminate\\View\\View.php(178): Illuminate\\View\\View->getContents()
#24 C:\\Users\\Mikasa Ackerman\\arymaid\\Arymaid\\vendor\\laravel\\framework\\src\\Illuminate\\View\\View.php(147): Illuminate\\View\\View->renderContents()
#25 C:\\Users\\Mikasa Ackerman\\arymaid\\Arymaid\\vendor\\laravel\\framework\\src\\Illuminate\\Http\\Response.php(69): Illuminate\\View\\View->render()
#26 C:\\Users\\Mikasa Ackerman\\arymaid\\Arymaid\\vendor\\laravel\\framework\\src\\Illuminate\\Http\\Response.php(35): Illuminate\\Http\\Response->setContent(Object(Illuminate\\View\\View))
#27 C:\\Users\\Mikasa Ackerman\\arymaid\\Arymaid\\vendor\\laravel\\framework\\src\\Illuminate\\Routing\\Router.php(906): Illuminate\\Http\\Response->__construct(Object(Illuminate\\View\\View), 200, Array)
#28 C:\\Users\\Mikasa Ackerman\\arymaid\\Arymaid\\vendor\\laravel\\framework\\src\\Illuminate\\Routing\\Router.php(875): Illuminate\\Routing\\Router::toResponse(Object(Illuminate\\Http\\Request), Object(Illuminate\\View\\View))
#29 C:\\Users\\Mikasa Ackerman\\arymaid\\Arymaid\\vendor\\laravel\\framework\\src\\Illuminate\\Routing\\Router.php(797): Illuminate\\Routing\\Router->prepareResponse(Object(Illuminate\\Http\\Request), Object(Illuminate\\View\\View))
#30 C:\\Users\\Mikasa Ackerman\\arymaid\\Arymaid\\vendor\\laravel\\framework\\src\\Illuminate\\Pipeline\\Pipeline.php(141): Illuminate\\Routing\\Router->Illuminate\\Routing\\{closure}(Object(Illuminate\\Http\\Request))
#31 C:\\Users\\Mikasa Ackerman\\arymaid\\Arymaid\\vendor\\laravel\\framework\\src\\Illuminate\\Routing\\Middleware\\SubstituteBindings.php(50): Illuminate\\Pipeline\\Pipeline->Illuminate\\Pipeline\\{closure}(Object(Illuminate\\Http\\Request))
#32 C:\\Users\\Mikasa Ackerman\\arymaid\\Arymaid\\vendor\\laravel\\framework\\src\\Illuminate\\Pipeline\\Pipeline.php(180): Illuminate\\Routing\\Middleware\\SubstituteBindings->handle(Object(Illuminate\\Http\\Request), Object(Closure))
#33 C:\\Users\\Mikasa Ackerman\\arymaid\\Arymaid\\vendor\\laravel\\framework\\src\\Illuminate\\Foundation\\Http\\Middleware\\VerifyCsrfToken.php(78): Illuminate\\Pipeline\\Pipeline->Illuminate\\Pipeline\\{closure}(Object(Illuminate\\Http\\Request))
#34 C:\\Users\\Mikasa Ackerman\\arymaid\\Arymaid\\vendor\\laravel\\framework\\src\\Illuminate\\Pipeline\\Pipeline.php(180): Illuminate\\Foundation\\Http\\Middleware\\VerifyCsrfToken->handle(Object(Illuminate\\Http\\Request), Object(Closure))
#35 C:\\Users\\Mikasa Ackerman\\arymaid\\Arymaid\\vendor\\laravel\\framework\\src\\Illuminate\\View\\Middleware\\ShareErrorsFromSession.php(49): Illuminate\\Pipeline\\Pipeline->Illuminate\\Pipeline\\{closure}(Object(Illuminate\\Http\\Request))
#36 C:\\Users\\Mikasa Ackerman\\arymaid\\Arymaid\\vendor\\laravel\\framework\\src\\Illuminate\\Pipeline\\Pipeline.php(180): Illuminate\\View\\Middleware\\ShareErrorsFromSession->handle(Object(Illuminate\\Http\\Request), Object(Closure))
#37 C:\\Users\\Mikasa Ackerman\\arymaid\\Arymaid\\vendor\\laravel\\framework\\src\\Illuminate\\Session\\Middleware\\StartSession.php(121): Illuminate\\Pipeline\\Pipeline->Illuminate\\Pipeline\\{closure}(Object(Illuminate\\Http\\Request))
#38 C:\\Users\\Mikasa Ackerman\\arymaid\\Arymaid\\vendor\\laravel\\framework\\src\\Illuminate\\Session\\Middleware\\StartSession.php(64): Illuminate\\Session\\Middleware\\StartSession->handleStatefulRequest(Object(Illuminate\\Http\\Request), Object(Illuminate\\Session\\Store), Object(Closure))
#39 C:\\Users\\Mikasa Ackerman\\arymaid\\Arymaid\\vendor\\laravel\\framework\\src\\Illuminate\\Pipeline\\Pipeline.php(180): Illuminate\\Session\\Middleware\\StartSession->handle(Object(Illuminate\\Http\\Request), Object(Closure))
#40 C:\\Users\\Mikasa Ackerman\\arymaid\\Arymaid\\vendor\\laravel\\framework\\src\\Illuminate\\Cookie\\Middleware\\AddQueuedCookiesToResponse.php(37): Illuminate\\Pipeline\\Pipeline->Illuminate\\Pipeline\\{closure}(Object(Illuminate\\Http\\Request))
#41 C:\\Users\\Mikasa Ackerman\\arymaid\\Arymaid\\vendor\\laravel\\framework\\src\\Illuminate\\Pipeline\\Pipeline.php(180): Illuminate\\Cookie\\Middleware\\AddQueuedCookiesToResponse->handle(Object(Illuminate\\Http\\Request), Object(Closure))
#42 C:\\Users\\Mikasa Ackerman\\arymaid\\Arymaid\\vendor\\laravel\\framework\\src\\Illuminate\\Cookie\\Middleware\\EncryptCookies.php(67): Illuminate\\Pipeline\\Pipeline->Illuminate\\Pipeline\\{closure}(Object(Illuminate\\Http\\Request))
#43 C:\\Users\\Mikasa Ackerman\\arymaid\\Arymaid\\vendor\\laravel\\framework\\src\\Illuminate\\Pipeline\\Pipeline.php(180): Illuminate\\Cookie\\Middleware\\EncryptCookies->handle(Object(Illuminate\\Http\\Request), Object(Closure))
#44 C:\\Users\\Mikasa Ackerman\\arymaid\\Arymaid\\vendor\\laravel\\framework\\src\\Illuminate\\Pipeline\\Pipeline.php(116): Illuminate\\Pipeline\\Pipeline->Illuminate\\Pipeline\\{closure}(Object(Illuminate\\Http\\Request))
#45 C:\\Users\\Mikasa Ackerman\\arymaid\\Arymaid\\vendor\\laravel\\framework\\src\\Illuminate\\Routing\\Router.php(797): Illuminate\\Pipeline\\Pipeline->then(Object(Closure))
#46 C:\\Users\\Mikasa Ackerman\\arymaid\\Arymaid\\vendor\\laravel\\framework\\src\\Illuminate\\Routing\\Router.php(776): Illuminate\\Routing\\Router->runRouteWithinStack(Object(Illuminate\\Routing\\Route), Object(Illuminate\\Http\\Request))
#47 C:\\Users\\Mikasa Ackerman\\arymaid\\Arymaid\\vendor\\laravel\\framework\\src\\Illuminate\\Routing\\Router.php(740): Illuminate\\Routing\\Router->runRoute(Object(Illuminate\\Http\\Request), Object(Illuminate\\Routing\\Route))
#48 C:\\Users\\Mikasa Ackerman\\arymaid\\Arymaid\\vendor\\laravel\\framework\\src\\Illuminate\\Routing\\Router.php(729): Illuminate\\Routing\\Router->dispatchToRoute(Object(Illuminate\\Http\\Request))
#49 C:\\Users\\Mikasa Ackerman\\arymaid\\Arymaid\\vendor\\laravel\\framework\\src\\Illuminate\\Foundation\\Http\\Kernel.php(200): Illuminate\\Routing\\Router->dispatch(Object(Illuminate\\Http\\Request))
#50 C:\\Users\\Mikasa Ackerman\\arymaid\\Arymaid\\vendor\\laravel\\framework\\src\\Illuminate\\Pipeline\\Pipeline.php(141): Illuminate\\Foundation\\Http\\Kernel->Illuminate\\Foundation\\Http\\{closure}(Object(Illuminate\\Http\\Request))
#51 C:\\Users\\Mikasa Ackerman\\arymaid\\Arymaid\\vendor\\laravel\\framework\\src\\Illuminate\\Foundation\\Http\\Middleware\\TransformsRequest.php(21): Illuminate\\Pipeline\\Pipeline->Illuminate\\Pipeline\\{closure}(Object(Illuminate\\Http\\Request))
#52 C:\\Users\\Mikasa Ackerman\\arymaid\\Arymaid\\vendor\\laravel\\framework\\src\\Illuminate\\Foundation\\Http\\Middleware\\ConvertEmptyStringsToNull.php(31): Illuminate\\Foundation\\Http\\Middleware\\TransformsRequest->handle(Object(Illuminate\\Http\\Request), Object(Closure))
#53 C:\\Users\\Mikasa Ackerman\\arymaid\\Arymaid\\vendor\\laravel\\framework\\src\\Illuminate\\Pipeline\\Pipeline.php(180): Illuminate\\Foundation\\Http\\Middleware\\ConvertEmptyStringsToNull->handle(Object(Illuminate\\Http\\Request), Object(Closure))
#54 C:\\Users\\Mikasa Ackerman\\arymaid\\Arymaid\\vendor\\laravel\\framework\\src\\Illuminate\\Foundation\\Http\\Middleware\\TransformsRequest.php(21): Illuminate\\Pipeline\\Pipeline->Illuminate\\Pipeline\\{closure}(Object(Illuminate\\Http\\Request))
#55 C:\\Users\\Mikasa Ackerman\\arymaid\\Arymaid\\vendor\\laravel\\framework\\src\\Illuminate\\Foundation\\Http\\Middleware\\TrimStrings.php(40): Illuminate\\Foundation\\Http\\Middleware\\TransformsRequest->handle(Object(Illuminate\\Http\\Request), Object(Closure))
#56 C:\\Users\\Mikasa Ackerman\\arymaid\\Arymaid\\vendor\\laravel\\framework\\src\\Illuminate\\Pipeline\\Pipeline.php(180): Illuminate\\Foundation\\Http\\Middleware\\TrimStrings->handle(Object(Illuminate\\Http\\Request), Object(Closure))
#57 C:\\Users\\Mikasa Ackerman\\arymaid\\Arymaid\\vendor\\laravel\\framework\\src\\Illuminate\\Foundation\\Http\\Middleware\\ValidatePostSize.php(27): Illuminate\\Pipeline\\Pipeline->Illuminate\\Pipeline\\{closure}(Object(Illuminate\\Http\\Request))
#58 C:\\Users\\Mikasa Ackerman\\arymaid\\Arymaid\\vendor\\laravel\\framework\\src\\Illuminate\\Pipeline\\Pipeline.php(180): Illuminate\\Foundation\\Http\\Middleware\\ValidatePostSize->handle(Object(Illuminate\\Http\\Request), Object(Closure))
#59 C:\\Users\\Mikasa Ackerman\\arymaid\\Arymaid\\vendor\\laravel\\framework\\src\\Illuminate\\Foundation\\Http\\Middleware\\PreventRequestsDuringMaintenance.php(86): Illuminate\\Pipeline\\Pipeline->Illuminate\\Pipeline\\{closure}(Object(Illuminate\\Http\\Request))
#60 C:\\Users\\Mikasa Ackerman\\arymaid\\Arymaid\\vendor\\laravel\\framework\\src\\Illuminate\\Pipeline\\Pipeline.php(180): Illuminate\\Foundation\\Http\\Middleware\\PreventRequestsDuringMaintenance->handle(Object(Illuminate\\Http\\Request), Object(Closure))
#61 C:\\Users\\Mikasa Ackerman\\arymaid\\Arymaid\\vendor\\laravel\\framework\\src\\Illuminate\\Http\\Middleware\\HandleCors.php(49): Illuminate\\Pipeline\\Pipeline->Illuminate\\Pipeline\\{closure}(Object(Illuminate\\Http\\Request))
#62 C:\\Users\\Mikasa Ackerman\\arymaid\\Arymaid\\vendor\\laravel\\framework\\src\\Illuminate\\Pipeline\\Pipeline.php(180): Illuminate\\Http\\Middleware\\HandleCors->handle(Object(Illuminate\\Http\\Request), Object(Closure))
#63 C:\\Users\\Mikasa Ackerman\\arymaid\\Arymaid\\vendor\\laravel\\framework\\src\\Illuminate\\Http\\Middleware\\TrustProxies.php(39): Illuminate\\Pipeline\\Pipeline->Illuminate\\Pipeline\\{closure}(Object(Illuminate\\Http\\Request))
#64 C:\\Users\\Mikasa Ackerman\\arymaid\\Arymaid\\vendor\\laravel\\framework\\src\\Illuminate\\Pipeline\\Pipeline.php(180): Illuminate\\Http\\Middleware\\TrustProxies->handle(Object(Illuminate\\Http\\Request), Object(Closure))
#65 C:\\Users\\Mikasa Ackerman\\arymaid\\Arymaid\\vendor\\laravel\\framework\\src\\Illuminate\\Pipeline\\Pipeline.php(116): Illuminate\\Pipeline\\Pipeline->Illuminate\\Pipeline\\{closure}(Object(Illuminate\\Http\\Request))
#66 C:\\Users\\Mikasa Ackerman\\arymaid\\Arymaid\\vendor\\laravel\\framework\\src\\Illuminate\\Foundation\\Http\\Kernel.php(175): Illuminate\\Pipeline\\Pipeline->then(Object(Closure))
#67 C:\\Users\\Mikasa Ackerman\\arymaid\\Arymaid\\vendor\\laravel\\framework\\src\\Illuminate\\Foundation\\Http\\Kernel.php(144): Illuminate\\Foundation\\Http\\Kernel->sendRequestThroughRouter(Object(Illuminate\\Http\\Request))
#68 C:\\Users\\Mikasa Ackerman\\arymaid\\Arymaid\\public\\index.php(51): Illuminate\\Foundation\\Http\\Kernel->handle(Object(Illuminate\\Http\\Request))
#69 C:\\Users\\Mikasa Ackerman\\arymaid\\Arymaid\\vendor\\laravel\\framework\\src\\Illuminate\\Foundation\\resources\\server.php(16): require_once('C:\\\\Users\\\\Mikasa...')
#70 {main}

[previous exception] [object] (ErrorException(code: 0): Undefined variable $categories at C:\\Users\\Mikasa Ackerman\\arymaid\\Arymaid\\storage\\framework\\views\\870024b7053604826470823ad6bc3e9b.php:53)
[stacktrace]
#0 C:\\Users\\Mikasa Ackerman\\arymaid\\Arymaid\\vendor\\laravel\\framework\\src\\Illuminate\\Foundation\\Bootstrap\\HandleExceptions.php(250): Illuminate\\Foundation\\Bootstrap\\HandleExceptions->handleError(2, 'Undefined varia...', 'C:\\\\Users\\\\Mikasa...', 53)
#1 C:\\Users\\Mikasa Ackerman\\arymaid\\Arymaid\\storage\\framework\\views\\870024b7053604826470823ad6bc3e9b.php(53): Illuminate\\Foundation\\Bootstrap\\HandleExceptions->Illuminate\\Foundation\\Bootstrap\\{closure}(2, 'Undefined varia...', 'C:\\\\Users\\\\Mikasa...', 53)
#2 C:\\Users\\Mikasa Ackerman\\arymaid\\Arymaid\\vendor\\laravel\\framework\\src\\Illuminate\\Filesystem\\Filesystem.php(109): require('C:\\\\Users\\\\Mikasa...')
#3 C:\\Users\\Mikasa Ackerman\\arymaid\\Arymaid\\vendor\\laravel\\framework\\src\\Illuminate\\Filesystem\\Filesystem.php(110): Illuminate\\Filesystem\\Filesystem::Illuminate\\Filesystem\\{closure}()
#4 C:\\Users\\Mikasa Ackerman\\arymaid\\Arymaid\\vendor\\laravel\\framework\\src\\Illuminate\\View\\Engines\\PhpEngine.php(58): Illuminate\\Filesystem\\Filesystem->getRequire('C:\\\\Users\\\\Mikasa...', Array)
#5 C:\\Users\\Mikasa Ackerman\\arymaid\\Arymaid\\vendor\\laravel\\framework\\src\\Illuminate\\View\\Engines\\CompilerEngine.php(70): Illuminate\\View\\Engines\\PhpEngine->evaluatePath('C:\\\\Users\\\\Mikasa...', Array)
#6 C:\\Users\\Mikasa Ackerman\\arymaid\\Arymaid\\vendor\\laravel\\framework\\src\\Illuminate\\View\\View.php(195): Illuminate\\View\\Engines\\CompilerEngine->get('C:\\\\Users\\\\Mikasa...', Array)
#7 C:\\Users\\Mikasa Ackerman\\arymaid\\Arymaid\\vendor\\laravel\\framework\\src\\Illuminate\\View\\View.php(178): Illuminate\\View\\View->getContents()
#8 C:\\Users\\Mikasa Ackerman\\arymaid\\Arymaid\\vendor\\laravel\\framework\\src\\Illuminate\\View\\View.php(147): Illuminate\\View\\View->renderContents()
#9 C:\\Users\\Mikasa Ackerman\\arymaid\\Arymaid\\storage\\framework\\views\\743235b1b584e592596c3c7506ff19c5.php(42): Illuminate\\View\\View->render()
#10 C:\\Users\\Mikasa Ackerman\\arymaid\\Arymaid\\vendor\\laravel\\framework\\src\\Illuminate\\Filesystem\\Filesystem.php(109): require('C:\\\\Users\\\\Mikasa...')
#11 C:\\Users\\Mikasa Ackerman\\arymaid\\Arymaid\\vendor\\laravel\\framework\\src\\Illuminate\\Filesystem\\Filesystem.php(110): Illuminate\\Filesystem\\Filesystem::Illuminate\\Filesystem\\{closure}()
#12 C:\\Users\\Mikasa Ackerman\\arymaid\\Arymaid\\vendor\\laravel\\framework\\src\\Illuminate\\View\\Engines\\PhpEngine.php(58): Illuminate\\Filesystem\\Filesystem->getRequire('C:\\\\Users\\\\Mikasa...', Array)
#13 C:\\Users\\Mikasa Ackerman\\arymaid\\Arymaid\\vendor\\laravel\\framework\\src\\Illuminate\\View\\Engines\\CompilerEngine.php(70): Illuminate\\View\\Engines\\PhpEngine->evaluatePath('C:\\\\Users\\\\Mikasa...', Array)
#14 C:\\Users\\Mikasa Ackerman\\arymaid\\Arymaid\\vendor\\laravel\\framework\\src\\Illuminate\\View\\View.php(195): Illuminate\\View\\Engines\\CompilerEngine->get('C:\\\\Users\\\\Mikasa...', Array)
#15 C:\\Users\\Mikasa Ackerman\\arymaid\\Arymaid\\vendor\\laravel\\framework\\src\\Illuminate\\View\\View.php(178): Illuminate\\View\\View->getContents()
#16 C:\\Users\\Mikasa Ackerman\\arymaid\\Arymaid\\vendor\\laravel\\framework\\src\\Illuminate\\View\\View.php(147): Illuminate\\View\\View->renderContents()
#17 C:\\Users\\Mikasa Ackerman\\arymaid\\Arymaid\\storage\\framework\\views\\800040213315a349ff5aa2695e6d83df.php(77): Illuminate\\View\\View->render()
#18 C:\\Users\\Mikasa Ackerman\\arymaid\\Arymaid\\vendor\\laravel\\framework\\src\\Illuminate\\Filesystem\\Filesystem.php(109): require('C:\\\\Users\\\\Mikasa...')
#19 C:\\Users\\Mikasa Ackerman\\arymaid\\Arymaid\\vendor\\laravel\\framework\\src\\Illuminate\\Filesystem\\Filesystem.php(110): Illuminate\\Filesystem\\Filesystem::Illuminate\\Filesystem\\{closure}()
#20 C:\\Users\\Mikasa Ackerman\\arymaid\\Arymaid\\vendor\\laravel\\framework\\src\\Illuminate\\View\\Engines\\PhpEngine.php(58): Illuminate\\Filesystem\\Filesystem->getRequire('C:\\\\Users\\\\Mikasa...', Array)
#21 C:\\Users\\Mikasa Ackerman\\arymaid\\Arymaid\\vendor\\laravel\\framework\\src\\Illuminate\\View\\Engines\\CompilerEngine.php(70): Illuminate\\View\\Engines\\PhpEngine->evaluatePath('C:\\\\Users\\\\Mikasa...', Array)
#22 C:\\Users\\Mikasa Ackerman\\arymaid\\Arymaid\\vendor\\laravel\\framework\\src\\Illuminate\\View\\View.php(195): Illuminate\\View\\Engines\\CompilerEngine->get('C:\\\\Users\\\\Mikasa...', Array)
#23 C:\\Users\\Mikasa Ackerman\\arymaid\\Arymaid\\vendor\\laravel\\framework\\src\\Illuminate\\View\\View.php(178): Illuminate\\View\\View->getContents()
#24 C:\\Users\\Mikasa Ackerman\\arymaid\\Arymaid\\vendor\\laravel\\framework\\src\\Illuminate\\View\\View.php(147): Illuminate\\View\\View->renderContents()
#25 C:\\Users\\Mikasa Ackerman\\arymaid\\Arymaid\\vendor\\laravel\\framework\\src\\Illuminate\\Http\\Response.php(69): Illuminate\\View\\View->render()
#26 C:\\Users\\Mikasa Ackerman\\arymaid\\Arymaid\\vendor\\laravel\\framework\\src\\Illuminate\\Http\\Response.php(35): Illuminate\\Http\\Response->setContent(Object(Illuminate\\View\\View))
#27 C:\\Users\\Mikasa Ackerman\\arymaid\\Arymaid\\vendor\\laravel\\framework\\src\\Illuminate\\Routing\\Router.php(906): Illuminate\\Http\\Response->__construct(Object(Illuminate\\View\\View), 200, Array)
#28 C:\\Users\\Mikasa Ackerman\\arymaid\\Arymaid\\vendor\\laravel\\framework\\src\\Illuminate\\Routing\\Router.php(875): Illuminate\\Routing\\Router::toResponse(Object(Illuminate\\Http\\Request), Object(Illuminate\\View\\View))
#29 C:\\Users\\Mikasa Ackerman\\arymaid\\Arymaid\\vendor\\laravel\\framework\\src\\Illuminate\\Routing\\Router.php(797): Illuminate\\Routing\\Router->prepareResponse(Object(Illuminate\\Http\\Request), Object(Illuminate\\View\\View))
#30 C:\\Users\\Mikasa Ackerman\\arymaid\\Arymaid\\vendor\\laravel\\framework\\src\\Illuminate\\Pipeline\\Pipeline.php(141): Illuminate\\Routing\\Router->Illuminate\\Routing\\{closure}(Object(Illuminate\\Http\\Request))
#31 C:\\Users\\Mikasa Ackerman\\arymaid\\Arymaid\\vendor\\laravel\\framework\\src\\Illuminate\\Routing\\Middleware\\SubstituteBindings.php(50): Illuminate\\Pipeline\\Pipeline->Illuminate\\Pipeline\\{closure}(Object(Illuminate\\Http\\Request))
#32 C:\\Users\\Mikasa Ackerman\\arymaid\\Arymaid\\vendor\\laravel\\framework\\src\\Illuminate\\Pipeline\\Pipeline.php(180): Illuminate\\Routing\\Middleware\\SubstituteBindings->handle(Object(Illuminate\\Http\\Request), Object(Closure))
#33 C:\\Users\\Mikasa Ackerman\\arymaid\\Arymaid\\vendor\\laravel\\framework\\src\\Illuminate\\Foundation\\Http\\Middleware\\VerifyCsrfToken.php(78): Illuminate\\Pipeline\\Pipeline->Illuminate\\Pipeline\\{closure}(Object(Illuminate\\Http\\Request))
#34 C:\\Users\\Mikasa Ackerman\\arymaid\\Arymaid\\vendor\\laravel\\framework\\src\\Illuminate\\Pipeline\\Pipeline.php(180): Illuminate\\Foundation\\Http\\Middleware\\VerifyCsrfToken->handle(Object(Illuminate\\Http\\Request), Object(Closure))
#35 C:\\Users\\Mikasa Ackerman\\arymaid\\Arymaid\\vendor\\laravel\\framework\\src\\Illuminate\\View\\Middleware\\ShareErrorsFromSession.php(49): Illuminate\\Pipeline\\Pipeline->Illuminate\\Pipeline\\{closure}(Object(Illuminate\\Http\\Request))
#36 C:\\Users\\Mikasa Ackerman\\arymaid\\Arymaid\\vendor\\laravel\\framework\\src\\Illuminate\\Pipeline\\Pipeline.php(180): Illuminate\\View\\Middleware\\ShareErrorsFromSession->handle(Object(Illuminate\\Http\\Request), Object(Closure))
#37 C:\\Users\\Mikasa Ackerman\\arymaid\\Arymaid\\vendor\\laravel\\framework\\src\\Illuminate\\Session\\Middleware\\StartSession.php(121): Illuminate\\Pipeline\\Pipeline->Illuminate\\Pipeline\\{closure}(Object(Illuminate\\Http\\Request))
#38 C:\\Users\\Mikasa Ackerman\\arymaid\\Arymaid\\vendor\\laravel\\framework\\src\\Illuminate\\Session\\Middleware\\StartSession.php(64): Illuminate\\Session\\Middleware\\StartSession->handleStatefulRequest(Object(Illuminate\\Http\\Request), Object(Illuminate\\Session\\Store), Object(Closure))
#39 C:\\Users\\Mikasa Ackerman\\arymaid\\Arymaid\\vendor\\laravel\\framework\\src\\Illuminate\\Pipeline\\Pipeline.php(180): Illuminate\\Session\\Middleware\\StartSession->handle(Object(Illuminate\\Http\\Request), Object(Closure))
#40 C:\\Users\\Mikasa Ackerman\\arymaid\\Arymaid\\vendor\\laravel\\framework\\src\\Illuminate\\Cookie\\Middleware\\AddQueuedCookiesToResponse.php(37): Illuminate\\Pipeline\\Pipeline->Illuminate\\Pipeline\\{closure}(Object(Illuminate\\Http\\Request))
#41 C:\\Users\\Mikasa Ackerman\\arymaid\\Arymaid\\vendor\\laravel\\framework\\src\\Illuminate\\Pipeline\\Pipeline.php(180): Illuminate\\Cookie\\Middleware\\AddQueuedCookiesToResponse->handle(Object(Illuminate\\Http\\Request), Object(Closure))
#42 C:\\Users\\Mikasa Ackerman\\arymaid\\Arymaid\\vendor\\laravel\\framework\\src\\Illuminate\\Cookie\\Middleware\\EncryptCookies.php(67): Illuminate\\Pipeline\\Pipeline->Illuminate\\Pipeline\\{closure}(Object(Illuminate\\Http\\Request))
#43 C:\\Users\\Mikasa Ackerman\\arymaid\\Arymaid\\vendor\\laravel\\framework\\src\\Illuminate\\Pipeline\\Pipeline.php(180): Illuminate\\Cookie\\Middleware\\EncryptCookies->handle(Object(Illuminate\\Http\\Request), Object(Closure))
#44 C:\\Users\\Mikasa Ackerman\\arymaid\\Arymaid\\vendor\\laravel\\framework\\src\\Illuminate\\Pipeline\\Pipeline.php(116): Illuminate\\Pipeline\\Pipeline->Illuminate\\Pipeline\\{closure}(Object(Illuminate\\Http\\Request))
#45 C:\\Users\\Mikasa Ackerman\\arymaid\\Arymaid\\vendor\\laravel\\framework\\src\\Illuminate\\Routing\\Router.php(797): Illuminate\\Pipeline\\Pipeline->then(Object(Closure))
#46 C:\\Users\\Mikasa Ackerman\\arymaid\\Arymaid\\vendor\\laravel\\framework\\src\\Illuminate\\Routing\\Router.php(776): Illuminate\\Routing\\Router->runRouteWithinStack(Object(Illuminate\\Routing\\Route), Object(Illuminate\\Http\\Request))
#47 C:\\Users\\Mikasa Ackerman\\arymaid\\Arymaid\\vendor\\laravel\\framework\\src\\Illuminate\\Routing\\Router.php(740): Illuminate\\Routing\\Router->runRoute(Object(Illuminate\\Http\\Request), Object(Illuminate\\Routing\\Route))
#48 C:\\Users\\Mikasa Ackerman\\arymaid\\Arymaid\\vendor\\laravel\\framework\\src\\Illuminate\\Routing\\Router.php(729): Illuminate\\Routing\\Router->dispatchToRoute(Object(Illuminate\\Http\\Request))
#49 C:\\Users\\Mikasa Ackerman\\arymaid\\Arymaid\\vendor\\laravel\\framework\\src\\Illuminate\\Foundation\\Http\\Kernel.php(200): Illuminate\\Routing\\Router->dispatch(Object(Illuminate\\Http\\Request))
#50 C:\\Users\\Mikasa Ackerman\\arymaid\\Arymaid\\vendor\\laravel\\framework\\src\\Illuminate\\Pipeline\\Pipeline.php(141): Illuminate\\Foundation\\Http\\Kernel->Illuminate\\Foundation\\Http\\{closure}(Object(Illuminate\\Http\\Request))
#51 C:\\Users\\Mikasa Ackerman\\arymaid\\Arymaid\\vendor\\laravel\\framework\\src\\Illuminate\\Foundation\\Http\\Middleware\\TransformsRequest.php(21): Illuminate\\Pipeline\\Pipeline->Illuminate\\Pipeline\\{closure}(Object(Illuminate\\Http\\Request))
#52 C:\\Users\\Mikasa Ackerman\\arymaid\\Arymaid\\vendor\\laravel\\framework\\src\\Illuminate\\Foundation\\Http\\Middleware\\ConvertEmptyStringsToNull.php(31): Illuminate\\Foundation\\Http\\Middleware\\TransformsRequest->handle(Object(Illuminate\\Http\\Request), Object(Closure))
#53 C:\\Users\\Mikasa Ackerman\\arymaid\\Arymaid\\vendor\\laravel\\framework\\src\\Illuminate\\Pipeline\\Pipeline.php(180): Illuminate\\Foundation\\Http\\Middleware\\ConvertEmptyStringsToNull->handle(Object(Illuminate\\Http\\Request), Object(Closure))
#54 C:\\Users\\Mikasa Ackerman\\arymaid\\Arymaid\\vendor\\laravel\\framework\\src\\Illuminate\\Foundation\\Http\\Middleware\\TransformsRequest.php(21): Illuminate\\Pipeline\\Pipeline->Illuminate\\Pipeline\\{closure}(Object(Illuminate\\Http\\Request))
#55 C:\\Users\\Mikasa Ackerman\\arymaid\\Arymaid\\vendor\\laravel\\framework\\src\\Illuminate\\Foundation\\Http\\Middleware\\TrimStrings.php(40): Illuminate\\Foundation\\Http\\Middleware\\TransformsRequest->handle(Object(Illuminate\\Http\\Request), Object(Closure))
#56 C:\\Users\\Mikasa Ackerman\\arymaid\\Arymaid\\vendor\\laravel\\framework\\src\\Illuminate\\Pipeline\\Pipeline.php(180): Illuminate\\Foundation\\Http\\Middleware\\TrimStrings->handle(Object(Illuminate\\Http\\Request), Object(Closure))
#57 C:\\Users\\Mikasa Ackerman\\arymaid\\Arymaid\\vendor\\laravel\\framework\\src\\Illuminate\\Foundation\\Http\\Middleware\\ValidatePostSize.php(27): Illuminate\\Pipeline\\Pipeline->Illuminate\\Pipeline\\{closure}(Object(Illuminate\\Http\\Request))
#58 C:\\Users\\Mikasa Ackerman\\arymaid\\Arymaid\\vendor\\laravel\\framework\\src\\Illuminate\\Pipeline\\Pipeline.php(180): Illuminate\\Foundation\\Http\\Middleware\\ValidatePostSize->handle(Object(Illuminate\\Http\\Request), Object(Closure))
#59 C:\\Users\\Mikasa Ackerman\\arymaid\\Arymaid\\vendor\\laravel\\framework\\src\\Illuminate\\Foundation\\Http\\Middleware\\PreventRequestsDuringMaintenance.php(86): Illuminate\\Pipeline\\Pipeline->Illuminate\\Pipeline\\{closure}(Object(Illuminate\\Http\\Request))
#60 C:\\Users\\Mikasa Ackerman\\arymaid\\Arymaid\\vendor\\laravel\\framework\\src\\Illuminate\\Pipeline\\Pipeline.php(180): Illuminate\\Foundation\\Http\\Middleware\\PreventRequestsDuringMaintenance->handle(Object(Illuminate\\Http\\Request), Object(Closure))
#61 C:\\Users\\Mikasa Ackerman\\arymaid\\Arymaid\\vendor\\laravel\\framework\\src\\Illuminate\\Http\\Middleware\\HandleCors.php(49): Illuminate\\Pipeline\\Pipeline->Illuminate\\Pipeline\\{closure}(Object(Illuminate\\Http\\Request))
#62 C:\\Users\\Mikasa Ackerman\\arymaid\\Arymaid\\vendor\\laravel\\framework\\src\\Illuminate\\Pipeline\\Pipeline.php(180): Illuminate\\Http\\Middleware\\HandleCors->handle(Object(Illuminate\\Http\\Request), Object(Closure))
#63 C:\\Users\\Mikasa Ackerman\\arymaid\\Arymaid\\vendor\\laravel\\framework\\src\\Illuminate\\Http\\Middleware\\TrustProxies.php(39): Illuminate\\Pipeline\\Pipeline->Illuminate\\Pipeline\\{closure}(Object(Illuminate\\Http\\Request))
#64 C:\\Users\\Mikasa Ackerman\\arymaid\\Arymaid\\vendor\\laravel\\framework\\src\\Illuminate\\Pipeline\\Pipeline.php(180): Illuminate\\Http\\Middleware\\TrustProxies->handle(Object(Illuminate\\Http\\Request), Object(Closure))
#65 C:\\Users\\Mikasa Ackerman\\arymaid\\Arymaid\\vendor\\laravel\\framework\\src\\Illuminate\\Pipeline\\Pipeline.php(116): Illuminate\\Pipeline\\Pipeline->Illuminate\\Pipeline\\{closure}(Object(Illuminate\\Http\\Request))
#66 C:\\Users\\Mikasa Ackerman\\arymaid\\Arymaid\\vendor\\laravel\\framework\\src\\Illuminate\\Foundation\\Http\\Kernel.php(175): Illuminate\\Pipeline\\Pipeline->then(Object(Closure))
#67 C:\\Users\\Mikasa Ackerman\\arymaid\\Arymaid\\vendor\\laravel\\framework\\src\\Illuminate\\Foundation\\Http\\Kernel.php(144): Illuminate\\Foundation\\Http\\Kernel->sendRequestThroughRouter(Object(Illuminate\\Http\\Request))
#68 C:\\Users\\Mikasa Ackerman\\arymaid\\Arymaid\\public\\index.php(51): Illuminate\\Foundation\\Http\\Kernel->handle(Object(Illuminate\\Http\\Request))
#69 C:\\Users\\Mikasa Ackerman\\arymaid\\Arymaid\\vendor\\laravel\\framework\\src\\Illuminate\\Foundation\\resources\\server.php(16): require_once('C:\\\\Users\\\\Mikasa...')
#70 {main}
"} 
[2026-02-24 15:58:58] local.ERROR: Undefined variable $categories {"view":{"view":"C:\\Users\\Mikasa Ackerman\\arymaid\\Arymaid\\resources\\views\\partials\\headerMain.blade.php","data":{"errors":"<pre class=sf-dump id=sf-dump-150782607 data-indent-pad=\"  \"><span class=sf-dump-note>Illuminate\\Support\\ViewErrorBag</span> {<a class=sf-dump-ref>#318</a><samp data-depth=1 class=sf-dump-expanded>
  #<span class=sf-dump-protected title=\"Protected property\">bags</span>: []
</samp>}
</pre><script>Sfdump(\"sf-dump-150782607\", {\"maxDepth\":3,\"maxStringLength\":160})</script>
"}},"exception":"[object] (Spatie\\LaravelIgnition\\Exceptions\\ViewException(code: 0): Undefined variable $categories at C:\\Users\\Mikasa Ackerman\\arymaid\\Arymaid\\resources\\views\\partials\\headerMain.blade.php:53)
[stacktrace]
#0 C:\\Users\\Mikasa Ackerman\\arymaid\\Arymaid\\vendor\\laravel\\framework\\src\\Illuminate\\Foundation\\Bootstrap\\HandleExceptions.php(250): Illuminate\\Foundation\\Bootstrap\\HandleExceptions->handleError(2, 'Undefined varia...', 'C:\\\\Users\\\\Mikasa...', 53)
#1 C:\\Users\\Mikasa Ackerman\\arymaid\\Arymaid\\resources\\views\\partials\\headerMain.blade.php(53): Illuminate\\Foundation\\Bootstrap\\HandleExceptions->Illuminate\\Foundation\\Bootstrap\\{closure}(2, 'Undefined varia...', 'C:\\\\Users\\\\Mikasa...', 53)
#2 C:\\Users\\Mikasa Ackerman\\arymaid\\Arymaid\\vendor\\laravel\\framework\\src\\Illuminate\\Filesystem\\Filesystem.php(109): require('C:\\\\Users\\\\Mikasa...')
#3 C:\\Users\\Mikasa Ackerman\\arymaid\\Arymaid\\vendor\\laravel\\framework\\src\\Illuminate\\Filesystem\\Filesystem.php(110): Illuminate\\Filesystem\\Filesystem::Illuminate\\Filesystem\\{closure}()
#4 C:\\Users\\Mikasa Ackerman\\arymaid\\Arymaid\\vendor\\laravel\\framework\\src\\Illuminate\\View\\Engines\\PhpEngine.php(58): Illuminate\\Filesystem\\Filesystem->getRequire('C:\\\\Users\\\\Mikasa...', Array)
#5 C:\\Users\\Mikasa Ackerman\\arymaid\\Arymaid\\vendor\\laravel\\framework\\src\\Illuminate\\View\\Engines\\CompilerEngine.php(70): Illuminate\\View\\Engines\\PhpEngine->evaluatePath('C:\\\\Users\\\\Mikasa...', Array)
#6 C:\\Users\\Mikasa Ackerman\\arymaid\\Arymaid\\vendor\\laravel\\framework\\src\\Illuminate\\View\\View.php(195): Illuminate\\View\\Engines\\CompilerEngine->get('C:\\\\Users\\\\Mikasa...', Array)
#7 C:\\Users\\Mikasa Ackerman\\arymaid\\Arymaid\\vendor\\laravel\\framework\\src\\Illuminate\\View\\View.php(178): Illuminate\\View\\View->getContents()
#8 C:\\Users\\Mikasa Ackerman\\arymaid\\Arymaid\\vendor\\laravel\\framework\\src\\Illuminate\\View\\View.php(147): Illuminate\\View\\View->renderContents()
#9 C:\\Users\\Mikasa Ackerman\\arymaid\\Arymaid\\resources\\views\\layouts\\masterHome.blade.php(42): Illuminate\\View\\View->render()
#10 C:\\Users\\Mikasa Ackerman\\arymaid\\Arymaid\\vendor\\laravel\\framework\\src\\Illuminate\\Filesystem\\Filesystem.php(109): require('C:\\\\Users\\\\Mikasa...')
#11 C:\\Users\\Mikasa Ackerman\\arymaid\\Arymaid\\vendor\\laravel\\framework\\src\\Illuminate\\Filesystem\\Filesystem.php(110): Illuminate\\Filesystem\\Filesystem::Illuminate\\Filesystem\\{closure}()
#12 C:\\Users\\Mikasa Ackerman\\arymaid\\Arymaid\\vendor\\laravel\\framework\\src\\Illuminate\\View\\Engines\\PhpEngine.php(58): Illuminate\\Filesystem\\Filesystem->getRequire('C:\\\\Users\\\\Mikasa...', Array)
#13 C:\\Users\\Mikasa Ackerman\\arymaid\\Arymaid\\vendor\\laravel\\framework\\src\\Illuminate\\View\\Engines\\CompilerEngine.php(70): Illuminate\\View\\Engines\\PhpEngine->evaluatePath('C:\\\\Users\\\\Mikasa...', Array)
#14 C:\\Users\\Mikasa Ackerman\\arymaid\\Arymaid\\vendor\\laravel\\framework\\src\\Illuminate\\View\\View.php(195): Illuminate\\View\\Engines\\CompilerEngine->get('C:\\\\Users\\\\Mikasa...', Array)
#15 C:\\Users\\Mikasa Ackerman\\arymaid\\Arymaid\\vendor\\laravel\\framework\\src\\Illuminate\\View\\View.php(178): Illuminate\\View\\View->getContents()
#16 C:\\Users\\Mikasa Ackerman\\arymaid\\Arymaid\\vendor\\laravel\\framework\\src\\Illuminate\\View\\View.php(147): Illuminate\\View\\View->renderContents()
#17 C:\\Users\\Mikasa Ackerman\\arymaid\\Arymaid\\resources\\views\\components\\login.blade.php(79): Illuminate\\View\\View->render()
#18 C:\\Users\\Mikasa Ackerman\\arymaid\\Arymaid\\vendor\\laravel\\framework\\src\\Illuminate\\Filesystem\\Filesystem.php(109): require('C:\\\\Users\\\\Mikasa...')
#19 C:\\Users\\Mikasa Ackerman\\arymaid\\Arymaid\\vendor\\laravel\\framework\\src\\Illuminate\\Filesystem\\Filesystem.php(110): Illuminate\\Filesystem\\Filesystem::Illuminate\\Filesystem\\{closure}()
#20 C:\\Users\\Mikasa Ackerman\\arymaid\\Arymaid\\vendor\\laravel\\framework\\src\\Illuminate\\View\\Engines\\PhpEngine.php(58): Illuminate\\Filesystem\\Filesystem->getRequire('C:\\\\Users\\\\Mikasa...', Array)
#21 C:\\Users\\Mikasa Ackerman\\arymaid\\Arymaid\\vendor\\laravel\\framework\\src\\Illuminate\\View\\Engines\\CompilerEngine.php(70): Illuminate\\View\\Engines\\PhpEngine->evaluatePath('C:\\\\Users\\\\Mikasa...', Array)
#22 C:\\Users\\Mikasa Ackerman\\arymaid\\Arymaid\\vendor\\laravel\\framework\\src\\Illuminate\\View\\View.php(195): Illuminate\\View\\Engines\\CompilerEngine->get('C:\\\\Users\\\\Mikasa...', Array)
#23 C:\\Users\\Mikasa Ackerman\\arymaid\\Arymaid\\vendor\\laravel\\framework\\src\\Illuminate\\View\\View.php(178): Illuminate\\View\\View->getContents()
#24 C:\\Users\\Mikasa Ackerman\\arymaid\\Arymaid\\vendor\\laravel\\framework\\src\\Illuminate\\View\\View.php(147): Illuminate\\View\\View->renderContents()
#25 C:\\Users\\Mikasa Ackerman\\arymaid\\Arymaid\\vendor\\laravel\\framework\\src\\Illuminate\\Http\\Response.php(69): Illuminate\\View\\View->render()
#26 C:\\Users\\Mikasa Ackerman\\arymaid\\Arymaid\\vendor\\laravel\\framework\\src\\Illuminate\\Http\\Response.php(35): Illuminate\\Http\\Response->setContent(Object(Illuminate\\View\\View))
#27 C:\\Users\\Mikasa Ackerman\\arymaid\\Arymaid\\vendor\\laravel\\framework\\src\\Illuminate\\Routing\\Router.php(906): Illuminate\\Http\\Response->__construct(Object(Illuminate\\View\\View), 200, Array)
#28 C:\\Users\\Mikasa Ackerman\\arymaid\\Arymaid\\vendor\\laravel\\framework\\src\\Illuminate\\Routing\\Router.php(875): Illuminate\\Routing\\Router::toResponse(Object(Illuminate\\Http\\Request), Object(Illuminate\\View\\View))
#29 C:\\Users\\Mikasa Ackerman\\arymaid\\Arymaid\\vendor\\laravel\\framework\\src\\Illuminate\\Routing\\Router.php(797): Illuminate\\Routing\\Router->prepareResponse(Object(Illuminate\\Http\\Request), Object(Illuminate\\View\\View))
#30 C:\\Users\\Mikasa Ackerman\\arymaid\\Arymaid\\vendor\\laravel\\framework\\src\\Illuminate\\Pipeline\\Pipeline.php(141): Illuminate\\Routing\\Router->Illuminate\\Routing\\{closure}(Object(Illuminate\\Http\\Request))
#31 C:\\Users\\Mikasa Ackerman\\arymaid\\Arymaid\\vendor\\laravel\\framework\\src\\Illuminate\\Routing\\Middleware\\SubstituteBindings.php(50): Illuminate\\Pipeline\\Pipeline->Illuminate\\Pipeline\\{closure}(Object(Illuminate\\Http\\Request))
#32 C:\\Users\\Mikasa Ackerman\\arymaid\\Arymaid\\vendor\\laravel\\framework\\src\\Illuminate\\Pipeline\\Pipeline.php(180): Illuminate\\Routing\\Middleware\\SubstituteBindings->handle(Object(Illuminate\\Http\\Request), Object(Closure))
#33 C:\\Users\\Mikasa Ackerman\\arymaid\\Arymaid\\vendor\\laravel\\framework\\src\\Illuminate\\Foundation\\Http\\Middleware\\VerifyCsrfToken.php(78): Illuminate\\Pipeline\\Pipeline->Illuminate\\Pipeline\\{closure}(Object(Illuminate\\Http\\Request))
#34 C:\\Users\\Mikasa Ackerman\\arymaid\\Arymaid\\vendor\\laravel\\framework\\src\\Illuminate\\Pipeline\\Pipeline.php(180): Illuminate\\Foundation\\Http\\Middleware\\VerifyCsrfToken->handle(Object(Illuminate\\Http\\Request), Object(Closure))
#35 C:\\Users\\Mikasa Ackerman\\arymaid\\Arymaid\\vendor\\laravel\\framework\\src\\Illuminate\\View\\Middleware\\ShareErrorsFromSession.php(49): Illuminate\\Pipeline\\Pipeline->Illuminate\\Pipeline\\{closure}(Object(Illuminate\\Http\\Request))
#36 C:\\Users\\Mikasa Ackerman\\arymaid\\Arymaid\\vendor\\laravel\\framework\\src\\Illuminate\\Pipeline\\Pipeline.php(180): Illuminate\\View\\Middleware\\ShareErrorsFromSession->handle(Object(Illuminate\\Http\\Request), Object(Closure))
#37 C:\\Users\\Mikasa Ackerman\\arymaid\\Arymaid\\vendor\\laravel\\framework\\src\\Illuminate\\Session\\Middleware\\StartSession.php(121): Illuminate\\Pipeline\\Pipeline->Illuminate\\Pipeline\\{closure}(Object(Illuminate\\Http\\Request))
#38 C:\\Users\\Mikasa Ackerman\\arymaid\\Arymaid\\vendor\\laravel\\framework\\src\\Illuminate\\Session\\Middleware\\StartSession.php(64): Illuminate\\Session\\Middleware\\StartSession->handleStatefulRequest(Object(Illuminate\\Http\\Request), Object(Illuminate\\Session\\Store), Object(Closure))
#39 C:\\Users\\Mikasa Ackerman\\arymaid\\Arymaid\\vendor\\laravel\\framework\\src\\Illuminate\\Pipeline\\Pipeline.php(180): Illuminate\\Session\\Middleware\\StartSession->handle(Object(Illuminate\\Http\\Request), Object(Closure))
#40 C:\\Users\\Mikasa Ackerman\\arymaid\\Arymaid\\vendor\\laravel\\framework\\src\\Illuminate\\Cookie\\Middleware\\AddQueuedCookiesToResponse.php(37): Illuminate\\Pipeline\\Pipeline->Illuminate\\Pipeline\\{closure}(Object(Illuminate\\Http\\Request))
#41 C:\\Users\\Mikasa Ackerman\\arymaid\\Arymaid\\vendor\\laravel\\framework\\src\\Illuminate\\Pipeline\\Pipeline.php(180): Illuminate\\Cookie\\Middleware\\AddQueuedCookiesToResponse->handle(Object(Illuminate\\Http\\Request), Object(Closure))
#42 C:\\Users\\Mikasa Ackerman\\arymaid\\Arymaid\\vendor\\laravel\\framework\\src\\Illuminate\\Cookie\\Middleware\\EncryptCookies.php(67): Illuminate\\Pipeline\\Pipeline->Illuminate\\Pipeline\\{closure}(Object(Illuminate\\Http\\Request))
#43 C:\\Users\\Mikasa Ackerman\\arymaid\\Arymaid\\vendor\\laravel\\framework\\src\\Illuminate\\Pipeline\\Pipeline.php(180): Illuminate\\Cookie\\Middleware\\EncryptCookies->handle(Object(Illuminate\\Http\\Request), Object(Closure))
#44 C:\\Users\\Mikasa Ackerman\\arymaid\\Arymaid\\vendor\\laravel\\framework\\src\\Illuminate\\Pipeline\\Pipeline.php(116): Illuminate\\Pipeline\\Pipeline->Illuminate\\Pipeline\\{closure}(Object(Illuminate\\Http\\Request))
#45 C:\\Users\\Mikasa Ackerman\\arymaid\\Arymaid\\vendor\\laravel\\framework\\src\\Illuminate\\Routing\\Router.php(797): Illuminate\\Pipeline\\Pipeline->then(Object(Closure))
#46 C:\\Users\\Mikasa Ackerman\\arymaid\\Arymaid\\vendor\\laravel\\framework\\src\\Illuminate\\Routing\\Router.php(776): Illuminate\\Routing\\Router->runRouteWithinStack(Object(Illuminate\\Routing\\Route), Object(Illuminate\\Http\\Request))
#47 C:\\Users\\Mikasa Ackerman\\arymaid\\Arymaid\\vendor\\laravel\\framework\\src\\Illuminate\\Routing\\Router.php(740): Illuminate\\Routing\\Router->runRoute(Object(Illuminate\\Http\\Request), Object(Illuminate\\Routing\\Route))
#48 C:\\Users\\Mikasa Ackerman\\arymaid\\Arymaid\\vendor\\laravel\\framework\\src\\Illuminate\\Routing\\Router.php(729): Illuminate\\Routing\\Router->dispatchToRoute(Object(Illuminate\\Http\\Request))
#49 C:\\Users\\Mikasa Ackerman\\arymaid\\Arymaid\\vendor\\laravel\\framework\\src\\Illuminate\\Foundation\\Http\\Kernel.php(200): Illuminate\\Routing\\Router->dispatch(Object(Illuminate\\Http\\Request))
#50 C:\\Users\\Mikasa Ackerman\\arymaid\\Arymaid\\vendor\\laravel\\framework\\src\\Illuminate\\Pipeline\\Pipeline.php(141): Illuminate\\Foundation\\Http\\Kernel->Illuminate\\Foundation\\Http\\{closure}(Object(Illuminate\\Http\\Request))
#51 C:\\Users\\Mikasa Ackerman\\arymaid\\Arymaid\\vendor\\laravel\\framework\\src\\Illuminate\\Foundation\\Http\\Middleware\\TransformsRequest.php(21): Illuminate\\Pipeline\\Pipeline->Illuminate\\Pipeline\\{closure}(Object(Illuminate\\Http\\Request))
#52 C:\\Users\\Mikasa Ackerman\\arymaid\\Arymaid\\vendor\\laravel\\framework\\src\\Illuminate\\Foundation\\Http\\Middleware\\ConvertEmptyStringsToNull.php(31): Illuminate\\Foundation\\Http\\Middleware\\TransformsRequest->handle(Object(Illuminate\\Http\\Request), Object(Closure))
#53 C:\\Users\\Mikasa Ackerman\\arymaid\\Arymaid\\vendor\\laravel\\framework\\src\\Illuminate\\Pipeline\\Pipeline.php(180): Illuminate\\Foundation\\Http\\Middleware\\ConvertEmptyStringsToNull->handle(Object(Illuminate\\Http\\Request), Object(Closure))
#54 C:\\Users\\Mikasa Ackerman\\arymaid\\Arymaid\\vendor\\laravel\\framework\\src\\Illuminate\\Foundation\\Http\\Middleware\\TransformsRequest.php(21): Illuminate\\Pipeline\\Pipeline->Illuminate\\Pipeline\\{closure}(Object(Illuminate\\Http\\Request))
#55 C:\\Users\\Mikasa Ackerman\\arymaid\\Arymaid\\vendor\\laravel\\framework\\src\\Illuminate\\Foundation\\Http\\Middleware\\TrimStrings.php(40): Illuminate\\Foundation\\Http\\Middleware\\TransformsRequest->handle(Object(Illuminate\\Http\\Request), Object(Closure))
#56 C:\\Users\\Mikasa Ackerman\\arymaid\\Arymaid\\vendor\\laravel\\framework\\src\\Illuminate\\Pipeline\\Pipeline.php(180): Illuminate\\Foundation\\Http\\Middleware\\TrimStrings->handle(Object(Illuminate\\Http\\Request), Object(Closure))
#57 C:\\Users\\Mikasa Ackerman\\arymaid\\Arymaid\\vendor\\laravel\\framework\\src\\Illuminate\\Foundation\\Http\\Middleware\\ValidatePostSize.php(27): Illuminate\\Pipeline\\Pipeline->Illuminate\\Pipeline\\{closure}(Object(Illuminate\\Http\\Request))
#58 C:\\Users\\Mikasa Ackerman\\arymaid\\Arymaid\\vendor\\laravel\\framework\\src\\Illuminate\\Pipeline\\Pipeline.php(180): Illuminate\\Foundation\\Http\\Middleware\\ValidatePostSize->handle(Object(Illuminate\\Http\\Request), Object(Closure))
#59 C:\\Users\\Mikasa Ackerman\\arymaid\\Arymaid\\vendor\\laravel\\framework\\src\\Illuminate\\Foundation\\Http\\Middleware\\PreventRequestsDuringMaintenance.php(86): Illuminate\\Pipeline\\Pipeline->Illuminate\\Pipeline\\{closure}(Object(Illuminate\\Http\\Request))
#60 C:\\Users\\Mikasa Ackerman\\arymaid\\Arymaid\\vendor\\laravel\\framework\\src\\Illuminate\\Pipeline\\Pipeline.php(180): Illuminate\\Foundation\\Http\\Middleware\\PreventRequestsDuringMaintenance->handle(Object(Illuminate\\Http\\Request), Object(Closure))
#61 C:\\Users\\Mikasa Ackerman\\arymaid\\Arymaid\\vendor\\laravel\\framework\\src\\Illuminate\\Http\\Middleware\\HandleCors.php(49): Illuminate\\Pipeline\\Pipeline->Illuminate\\Pipeline\\{closure}(Object(Illuminate\\Http\\Request))
#62 C:\\Users\\Mikasa Ackerman\\arymaid\\Arymaid\\vendor\\laravel\\framework\\src\\Illuminate\\Pipeline\\Pipeline.php(180): Illuminate\\Http\\Middleware\\HandleCors->handle(Object(Illuminate\\Http\\Request), Object(Closure))
#63 C:\\Users\\Mikasa Ackerman\\arymaid\\Arymaid\\vendor\\laravel\\framework\\src\\Illuminate\\Http\\Middleware\\TrustProxies.php(39): Illuminate\\Pipeline\\Pipeline->Illuminate\\Pipeline\\{closure}(Object(Illuminate\\Http\\Request))
#64 C:\\Users\\Mikasa Ackerman\\arymaid\\Arymaid\\vendor\\laravel\\framework\\src\\Illuminate\\Pipeline\\Pipeline.php(180): Illuminate\\Http\\Middleware\\TrustProxies->handle(Object(Illuminate\\Http\\Request), Object(Closure))
#65 C:\\Users\\Mikasa Ackerman\\arymaid\\Arymaid\\vendor\\laravel\\framework\\src\\Illuminate\\Pipeline\\Pipeline.php(116): Illuminate\\Pipeline\\Pipeline->Illuminate\\Pipeline\\{closure}(Object(Illuminate\\Http\\Request))
#66 C:\\Users\\Mikasa Ackerman\\arymaid\\Arymaid\\vendor\\laravel\\framework\\src\\Illuminate\\Foundation\\Http\\Kernel.php(175): Illuminate\\Pipeline\\Pipeline->then(Object(Closure))
#67 C:\\Users\\Mikasa Ackerman\\arymaid\\Arymaid\\vendor\\laravel\\framework\\src\\Illuminate\\Foundation\\Http\\Kernel.php(144): Illuminate\\Foundation\\Http\\Kernel->sendRequestThroughRouter(Object(Illuminate\\Http\\Request))
#68 C:\\Users\\Mikasa Ackerman\\arymaid\\Arymaid\\public\\index.php(51): Illuminate\\Foundation\\Http\\Kernel->handle(Object(Illuminate\\Http\\Request))
#69 C:\\Users\\Mikasa Ackerman\\arymaid\\Arymaid\\vendor\\laravel\\framework\\src\\Illuminate\\Foundation\\resources\\server.php(16): require_once('C:\\\\Users\\\\Mikasa...')
#70 {main}

[previous exception] [object] (ErrorException(code: 0): Undefined variable $categories at C:\\Users\\Mikasa Ackerman\\arymaid\\Arymaid\\storage\\framework\\views\\870024b7053604826470823ad6bc3e9b.php:53)
[stacktrace]
#0 C:\\Users\\Mikasa Ackerman\\arymaid\\Arymaid\\vendor\\laravel\\framework\\src\\Illuminate\\Foundation\\Bootstrap\\HandleExceptions.php(250): Illuminate\\Foundation\\Bootstrap\\HandleExceptions->handleError(2, 'Undefined varia...', 'C:\\\\Users\\\\Mikasa...', 53)
#1 C:\\Users\\Mikasa Ackerman\\arymaid\\Arymaid\\storage\\framework\\views\\870024b7053604826470823ad6bc3e9b.php(53): Illuminate\\Foundation\\Bootstrap\\HandleExceptions->Illuminate\\Foundation\\Bootstrap\\{closure}(2, 'Undefined varia...', 'C:\\\\Users\\\\Mikasa...', 53)
#2 C:\\Users\\Mikasa Ackerman\\arymaid\\Arymaid\\vendor\\laravel\\framework\\src\\Illuminate\\Filesystem\\Filesystem.php(109): require('C:\\\\Users\\\\Mikasa...')
#3 C:\\Users\\Mikasa Ackerman\\arymaid\\Arymaid\\vendor\\laravel\\framework\\src\\Illuminate\\Filesystem\\Filesystem.php(110): Illuminate\\Filesystem\\Filesystem::Illuminate\\Filesystem\\{closure}()
#4 C:\\Users\\Mikasa Ackerman\\arymaid\\Arymaid\\vendor\\laravel\\framework\\src\\Illuminate\\View\\Engines\\PhpEngine.php(58): Illuminate\\Filesystem\\Filesystem->getRequire('C:\\\\Users\\\\Mikasa...', Array)
#5 C:\\Users\\Mikasa Ackerman\\arymaid\\Arymaid\\vendor\\laravel\\framework\\src\\Illuminate\\View\\Engines\\CompilerEngine.php(70): Illuminate\\View\\Engines\\PhpEngine->evaluatePath('C:\\\\Users\\\\Mikasa...', Array)
#6 C:\\Users\\Mikasa Ackerman\\arymaid\\Arymaid\\vendor\\laravel\\framework\\src\\Illuminate\\View\\View.php(195): Illuminate\\View\\Engines\\CompilerEngine->get('C:\\\\Users\\\\Mikasa...', Array)
#7 C:\\Users\\Mikasa Ackerman\\arymaid\\Arymaid\\vendor\\laravel\\framework\\src\\Illuminate\\View\\View.php(178): Illuminate\\View\\View->getContents()
#8 C:\\Users\\Mikasa Ackerman\\arymaid\\Arymaid\\vendor\\laravel\\framework\\src\\Illuminate\\View\\View.php(147): Illuminate\\View\\View->renderContents()
#9 C:\\Users\\Mikasa Ackerman\\arymaid\\Arymaid\\storage\\framework\\views\\743235b1b584e592596c3c7506ff19c5.php(42): Illuminate\\View\\View->render()
#10 C:\\Users\\Mikasa Ackerman\\arymaid\\Arymaid\\vendor\\laravel\\framework\\src\\Illuminate\\Filesystem\\Filesystem.php(109): require('C:\\\\Users\\\\Mikasa...')
#11 C:\\Users\\Mikasa Ackerman\\arymaid\\Arymaid\\vendor\\laravel\\framework\\src\\Illuminate\\Filesystem\\Filesystem.php(110): Illuminate\\Filesystem\\Filesystem::Illuminate\\Filesystem\\{closure}()
#12 C:\\Users\\Mikasa Ackerman\\arymaid\\Arymaid\\vendor\\laravel\\framework\\src\\Illuminate\\View\\Engines\\PhpEngine.php(58): Illuminate\\Filesystem\\Filesystem->getRequire('C:\\\\Users\\\\Mikasa...', Array)
#13 C:\\Users\\Mikasa Ackerman\\arymaid\\Arymaid\\vendor\\laravel\\framework\\src\\Illuminate\\View\\Engines\\CompilerEngine.php(70): Illuminate\\View\\Engines\\PhpEngine->evaluatePath('C:\\\\Users\\\\Mikasa...', Array)
#14 C:\\Users\\Mikasa Ackerman\\arymaid\\Arymaid\\vendor\\laravel\\framework\\src\\Illuminate\\View\\View.php(195): Illuminate\\View\\Engines\\CompilerEngine->get('C:\\\\Users\\\\Mikasa...', Array)
#15 C:\\Users\\Mikasa Ackerman\\arymaid\\Arymaid\\vendor\\laravel\\framework\\src\\Illuminate\\View\\View.php(178): Illuminate\\View\\View->getContents()
#16 C:\\Users\\Mikasa Ackerman\\arymaid\\Arymaid\\vendor\\laravel\\framework\\src\\Illuminate\\View\\View.php(147): Illuminate\\View\\View->renderContents()
#17 C:\\Users\\Mikasa Ackerman\\arymaid\\Arymaid\\storage\\framework\\views\\5b617f6d9f05a268db2d91a96fcad35c.php(82): Illuminate\\View\\View->render()
#18 C:\\Users\\Mikasa Ackerman\\arymaid\\Arymaid\\vendor\\laravel\\framework\\src\\Illuminate\\Filesystem\\Filesystem.php(109): require('C:\\\\Users\\\\Mikasa...')
#19 C:\\Users\\Mikasa Ackerman\\arymaid\\Arymaid\\vendor\\laravel\\framework\\src\\Illuminate\\Filesystem\\Filesystem.php(110): Illuminate\\Filesystem\\Filesystem::Illuminate\\Filesystem\\{closure}()
#20 C:\\Users\\Mikasa Ackerman\\arymaid\\Arymaid\\vendor\\laravel\\framework\\src\\Illuminate\\View\\Engines\\PhpEngine.php(58): Illuminate\\Filesystem\\Filesystem->getRequire('C:\\\\Users\\\\Mikasa...', Array)
#21 C:\\Users\\Mikasa Ackerman\\arymaid\\Arymaid\\vendor\\laravel\\framework\\src\\Illuminate\\View\\Engines\\CompilerEngine.php(70): Illuminate\\View\\Engines\\PhpEngine->evaluatePath('C:\\\\Users\\\\Mikasa...', Array)
#22 C:\\Users\\Mikasa Ackerman\\arymaid\\Arymaid\\vendor\\laravel\\framework\\src\\Illuminate\\View\\View.php(195): Illuminate\\View\\Engines\\CompilerEngine->get('C:\\\\Users\\\\Mikasa...', Array)
#23 C:\\Users\\Mikasa Ackerman\\arymaid\\Arymaid\\vendor\\laravel\\framework\\src\\Illuminate\\View\\View.php(178): Illuminate\\View\\View->getContents()
#24 C:\\Users\\Mikasa Ackerman\\arymaid\\Arymaid\\vendor\\laravel\\framework\\src\\Illuminate\\View\\View.php(147): Illuminate\\View\\View->renderContents()
#25 C:\\Users\\Mikasa Ackerman\\arymaid\\Arymaid\\vendor\\laravel\\framework\\src\\Illuminate\\Http\\Response.php(69): Illuminate\\View\\View->render()
#26 C:\\Users\\Mikasa Ackerman\\arymaid\\Arymaid\\vendor\\laravel\\framework\\src\\Illuminate\\Http\\Response.php(35): Illuminate\\Http\\Response->setContent(Object(Illuminate\\View\\View))
#27 C:\\Users\\Mikasa Ackerman\\arymaid\\Arymaid\\vendor\\laravel\\framework\\src\\Illuminate\\Routing\\Router.php(906): Illuminate\\Http\\Response->__construct(Object(Illuminate\\View\\View), 200, Array)
#28 C:\\Users\\Mikasa Ackerman\\arymaid\\Arymaid\\vendor\\laravel\\framework\\src\\Illuminate\\Routing\\Router.php(875): Illuminate\\Routing\\Router::toResponse(Object(Illuminate\\Http\\Request), Object(Illuminate\\View\\View))
#29 C:\\Users\\Mikasa Ackerman\\arymaid\\Arymaid\\vendor\\laravel\\framework\\src\\Illuminate\\Routing\\Router.php(797): Illuminate\\Routing\\Router->prepareResponse(Object(Illuminate\\Http\\Request), Object(Illuminate\\View\\View))
#30 C:\\Users\\Mikasa Ackerman\\arymaid\\Arymaid\\vendor\\laravel\\framework\\src\\Illuminate\\Pipeline\\Pipeline.php(141): Illuminate\\Routing\\Router->Illuminate\\Routing\\{closure}(Object(Illuminate\\Http\\Request))
#31 C:\\Users\\Mikasa Ackerman\\arymaid\\Arymaid\\vendor\\laravel\\framework\\src\\Illuminate\\Routing\\Middleware\\SubstituteBindings.php(50): Illuminate\\Pipeline\\Pipeline->Illuminate\\Pipeline\\{closure}(Object(Illuminate\\Http\\Request))
#32 C:\\Users\\Mikasa Ackerman\\arymaid\\Arymaid\\vendor\\laravel\\framework\\src\\Illuminate\\Pipeline\\Pipeline.php(180): Illuminate\\Routing\\Middleware\\SubstituteBindings->handle(Object(Illuminate\\Http\\Request), Object(Closure))
#33 C:\\Users\\Mikasa Ackerman\\arymaid\\Arymaid\\vendor\\laravel\\framework\\src\\Illuminate\\Foundation\\Http\\Middleware\\VerifyCsrfToken.php(78): Illuminate\\Pipeline\\Pipeline->Illuminate\\Pipeline\\{closure}(Object(Illuminate\\Http\\Request))
#34 C:\\Users\\Mikasa Ackerman\\arymaid\\Arymaid\\vendor\\laravel\\framework\\src\\Illuminate\\Pipeline\\Pipeline.php(180): Illuminate\\Foundation\\Http\\Middleware\\VerifyCsrfToken->handle(Object(Illuminate\\Http\\Request), Object(Closure))
#35 C:\\Users\\Mikasa Ackerman\\arymaid\\Arymaid\\vendor\\laravel\\framework\\src\\Illuminate\\View\\Middleware\\ShareErrorsFromSession.php(49): Illuminate\\Pipeline\\Pipeline->Illuminate\\Pipeline\\{closure}(Object(Illuminate\\Http\\Request))
#36 C:\\Users\\Mikasa Ackerman\\arymaid\\Arymaid\\vendor\\laravel\\framework\\src\\Illuminate\\Pipeline\\Pipeline.php(180): Illuminate\\View\\Middleware\\ShareErrorsFromSession->handle(Object(Illuminate\\Http\\Request), Object(Closure))
#37 C:\\Users\\Mikasa Ackerman\\arymaid\\Arymaid\\vendor\\laravel\\framework\\src\\Illuminate\\Session\\Middleware\\StartSession.php(121): Illuminate\\Pipeline\\Pipeline->Illuminate\\Pipeline\\{closure}(Object(Illuminate\\Http\\Request))
#38 C:\\Users\\Mikasa Ackerman\\arymaid\\Arymaid\\vendor\\laravel\\framework\\src\\Illuminate\\Session\\Middleware\\StartSession.php(64): Illuminate\\Session\\Middleware\\StartSession->handleStatefulRequest(Object(Illuminate\\Http\\Request), Object(Illuminate\\Session\\Store), Object(Closure))
#39 C:\\Users\\Mikasa Ackerman\\arymaid\\Arymaid\\vendor\\laravel\\framework\\src\\Illuminate\\Pipeline\\Pipeline.php(180): Illuminate\\Session\\Middleware\\StartSession->handle(Object(Illuminate\\Http\\Request), Object(Closure))
#40 C:\\Users\\Mikasa Ackerman\\arymaid\\Arymaid\\vendor\\laravel\\framework\\src\\Illuminate\\Cookie\\Middleware\\AddQueuedCookiesToResponse.php(37): Illuminate\\Pipeline\\Pipeline->Illuminate\\Pipeline\\{closure}(Object(Illuminate\\Http\\Request))
#41 C:\\Users\\Mikasa Ackerman\\arymaid\\Arymaid\\vendor\\laravel\\framework\\src\\Illuminate\\Pipeline\\Pipeline.php(180): Illuminate\\Cookie\\Middleware\\AddQueuedCookiesToResponse->handle(Object(Illuminate\\Http\\Request), Object(Closure))
#42 C:\\Users\\Mikasa Ackerman\\arymaid\\Arymaid\\vendor\\laravel\\framework\\src\\Illuminate\\Cookie\\Middleware\\EncryptCookies.php(67): Illuminate\\Pipeline\\Pipeline->Illuminate\\Pipeline\\{closure}(Object(Illuminate\\Http\\Request))
#43 C:\\Users\\Mikasa Ackerman\\arymaid\\Arymaid\\vendor\\laravel\\framework\\src\\Illuminate\\Pipeline\\Pipeline.php(180): Illuminate\\Cookie\\Middleware\\EncryptCookies->handle(Object(Illuminate\\Http\\Request), Object(Closure))
#44 C:\\Users\\Mikasa Ackerman\\arymaid\\Arymaid\\vendor\\laravel\\framework\\src\\Illuminate\\Pipeline\\Pipeline.php(116): Illuminate\\Pipeline\\Pipeline->Illuminate\\Pipeline\\{closure}(Object(Illuminate\\Http\\Request))
#45 C:\\Users\\Mikasa Ackerman\\arymaid\\Arymaid\\vendor\\laravel\\framework\\src\\Illuminate\\Routing\\Router.php(797): Illuminate\\Pipeline\\Pipeline->then(Object(Closure))
#46 C:\\Users\\Mikasa Ackerman\\arymaid\\Arymaid\\vendor\\laravel\\framework\\src\\Illuminate\\Routing\\Router.php(776): Illuminate\\Routing\\Router->runRouteWithinStack(Object(Illuminate\\Routing\\Route), Object(Illuminate\\Http\\Request))
#47 C:\\Users\\Mikasa Ackerman\\arymaid\\Arymaid\\vendor\\laravel\\framework\\src\\Illuminate\\Routing\\Router.php(740): Illuminate\\Routing\\Router->runRoute(Object(Illuminate\\Http\\Request), Object(Illuminate\\Routing\\Route))
#48 C:\\Users\\Mikasa Ackerman\\arymaid\\Arymaid\\vendor\\laravel\\framework\\src\\Illuminate\\Routing\\Router.php(729): Illuminate\\Routing\\Router->dispatchToRoute(Object(Illuminate\\Http\\Request))
#49 C:\\Users\\Mikasa Ackerman\\arymaid\\Arymaid\\vendor\\laravel\\framework\\src\\Illuminate\\Foundation\\Http\\Kernel.php(200): Illuminate\\Routing\\Router->dispatch(Object(Illuminate\\Http\\Request))
#50 C:\\Users\\Mikasa Ackerman\\arymaid\\Arymaid\\vendor\\laravel\\framework\\src\\Illuminate\\Pipeline\\Pipeline.php(141): Illuminate\\Foundation\\Http\\Kernel->Illuminate\\Foundation\\Http\\{closure}(Object(Illuminate\\Http\\Request))
#51 C:\\Users\\Mikasa Ackerman\\arymaid\\Arymaid\\vendor\\laravel\\framework\\src\\Illuminate\\Foundation\\Http\\Middleware\\TransformsRequest.php(21): Illuminate\\Pipeline\\Pipeline->Illuminate\\Pipeline\\{closure}(Object(Illuminate\\Http\\Request))
#52 C:\\Users\\Mikasa Ackerman\\arymaid\\Arymaid\\vendor\\laravel\\framework\\src\\Illuminate\\Foundation\\Http\\Middleware\\ConvertEmptyStringsToNull.php(31): Illuminate\\Foundation\\Http\\Middleware\\TransformsRequest->handle(Object(Illuminate\\Http\\Request), Object(Closure))
#53 C:\\Users\\Mikasa Ackerman\\arymaid\\Arymaid\\vendor\\laravel\\framework\\src\\Illuminate\\Pipeline\\Pipeline.php(180): Illuminate\\Foundation\\Http\\Middleware\\ConvertEmptyStringsToNull->handle(Object(Illuminate\\Http\\Request), Object(Closure))
#54 C:\\Users\\Mikasa Ackerman\\arymaid\\Arymaid\\vendor\\laravel\\framework\\src\\Illuminate\\Foundation\\Http\\Middleware\\TransformsRequest.php(21): Illuminate\\Pipeline\\Pipeline->Illuminate\\Pipeline\\{closure}(Object(Illuminate\\Http\\Request))
#55 C:\\Users\\Mikasa Ackerman\\arymaid\\Arymaid\\vendor\\laravel\\framework\\src\\Illuminate\\Foundation\\Http\\Middleware\\TrimStrings.php(40): Illuminate\\Foundation\\Http\\Middleware\\TransformsRequest->handle(Object(Illuminate\\Http\\Request), Object(Closure))
#56 C:\\Users\\Mikasa Ackerman\\arymaid\\Arymaid\\vendor\\laravel\\framework\\src\\Illuminate\\Pipeline\\Pipeline.php(180): Illuminate\\Foundation\\Http\\Middleware\\TrimStrings->handle(Object(Illuminate\\Http\\Request), Object(Closure))
#57 C:\\Users\\Mikasa Ackerman\\arymaid\\Arymaid\\vendor\\laravel\\framework\\src\\Illuminate\\Foundation\\Http\\Middleware\\ValidatePostSize.php(27): Illuminate\\Pipeline\\Pipeline->Illuminate\\Pipeline\\{closure}(Object(Illuminate\\Http\\Request))
#58 C:\\Users\\Mikasa Ackerman\\arymaid\\Arymaid\\vendor\\laravel\\framework\\src\\Illuminate\\Pipeline\\Pipeline.php(180): Illuminate\\Foundation\\Http\\Middleware\\ValidatePostSize->handle(Object(Illuminate\\Http\\Request), Object(Closure))
#59 C:\\Users\\Mikasa Ackerman\\arymaid\\Arymaid\\vendor\\laravel\\framework\\src\\Illuminate\\Foundation\\Http\\Middleware\\PreventRequestsDuringMaintenance.php(86): Illuminate\\Pipeline\\Pipeline->Illuminate\\Pipeline\\{closure}(Object(Illuminate\\Http\\Request))
#60 C:\\Users\\Mikasa Ackerman\\arymaid\\Arymaid\\vendor\\laravel\\framework\\src\\Illuminate\\Pipeline\\Pipeline.php(180): Illuminate\\Foundation\\Http\\Middleware\\PreventRequestsDuringMaintenance->handle(Object(Illuminate\\Http\\Request), Object(Closure))
#61 C:\\Users\\Mikasa Ackerman\\arymaid\\Arymaid\\vendor\\laravel\\framework\\src\\Illuminate\\Http\\Middleware\\HandleCors.php(49): Illuminate\\Pipeline\\Pipeline->Illuminate\\Pipeline\\{closure}(Object(Illuminate\\Http\\Request))
#62 C:\\Users\\Mikasa Ackerman\\arymaid\\Arymaid\\vendor\\laravel\\framework\\src\\Illuminate\\Pipeline\\Pipeline.php(180): Illuminate\\Http\\Middleware\\HandleCors->handle(Object(Illuminate\\Http\\Request), Object(Closure))
#63 C:\\Users\\Mikasa Ackerman\\arymaid\\Arymaid\\vendor\\laravel\\framework\\src\\Illuminate\\Http\\Middleware\\TrustProxies.php(39): Illuminate\\Pipeline\\Pipeline->Illuminate\\Pipeline\\{closure}(Object(Illuminate\\Http\\Request))
#64 C:\\Users\\Mikasa Ackerman\\arymaid\\Arymaid\\vendor\\laravel\\framework\\src\\Illuminate\\Pipeline\\Pipeline.php(180): Illuminate\\Http\\Middleware\\TrustProxies->handle(Object(Illuminate\\Http\\Request), Object(Closure))
#65 C:\\Users\\Mikasa Ackerman\\arymaid\\Arymaid\\vendor\\laravel\\framework\\src\\Illuminate\\Pipeline\\Pipeline.php(116): Illuminate\\Pipeline\\Pipeline->Illuminate\\Pipeline\\{closure}(Object(Illuminate\\Http\\Request))
#66 C:\\Users\\Mikasa Ackerman\\arymaid\\Arymaid\\vendor\\laravel\\framework\\src\\Illuminate\\Foundation\\Http\\Kernel.php(175): Illuminate\\Pipeline\\Pipeline->then(Object(Closure))
#67 C:\\Users\\Mikasa Ackerman\\arymaid\\Arymaid\\vendor\\laravel\\framework\\src\\Illuminate\\Foundation\\Http\\Kernel.php(144): Illuminate\\Foundation\\Http\\Kernel->sendRequestThroughRouter(Object(Illuminate\\Http\\Request))
#68 C:\\Users\\Mikasa Ackerman\\arymaid\\Arymaid\\public\\index.php(51): Illuminate\\Foundation\\Http\\Kernel->handle(Object(Illuminate\\Http\\Request))
#69 C:\\Users\\Mikasa Ackerman\\arymaid\\Arymaid\\vendor\\laravel\\framework\\src\\Illuminate\\Foundation\\resources\\server.php(16): require_once('C:\\\\Users\\\\Mikasa...')
#70 {main}
"} 
[2026-06-17 19:12:03] local.ERROR: could not find driver (Connection: pgsql, SQL: select * from information_schema.tables where table_catalog = neondb and table_schema = public and table_name = migrations and table_type = 'BASE TABLE') {"exception":"[object] (Illuminate\\Database\\QueryException(code: 0): could not find driver (Connection: pgsql, SQL: select * from information_schema.tables where table_catalog = neondb and table_schema = public and table_name = migrations and table_type = 'BASE TABLE') at C:\\Users\\Mikasa Ackerman\\arymaid\\Arymaid\\vendor\\laravel\\framework\\src\\Illuminate\\Database\\Connection.php:760)
[stacktrace]
#0 C:\\Users\\Mikasa Ackerman\\arymaid\\Arymaid\\vendor\\laravel\\framework\\src\\Illuminate\\Database\\Connection.php(720): Illuminate\\Database\\Connection->runQueryCallback('select * from i...', Array, Object(Closure))
#1 C:\\Users\\Mikasa Ackerman\\arymaid\\Arymaid\\vendor\\laravel\\framework\\src\\Illuminate\\Database\\Connection.php(405): Illuminate\\Database\\Connection->run('select * from i...', Array, Object(Closure))
#2 C:\\Users\\Mikasa Ackerman\\arymaid\\Arymaid\\vendor\\laravel\\framework\\src\\Illuminate\\Database\\Connection.php(392): Illuminate\\Database\\Connection->select('select * from i...', Array, false)
#3 C:\\Users\\Mikasa Ackerman\\arymaid\\Arymaid\\vendor\\laravel\\framework\\src\\Illuminate\\Database\\Schema\\PostgresBuilder.php(51): Illuminate\\Database\\Connection->selectFromWriteConnection('select * from i...', Array)
#4 C:\\Users\\Mikasa Ackerman\\arymaid\\Arymaid\\vendor\\laravel\\framework\\src\\Illuminate\\Database\\Migrations\\DatabaseMigrationRepository.php(184): Illuminate\\Database\\Schema\\PostgresBuilder->hasTable('migrations')
#5 C:\\Users\\Mikasa Ackerman\\arymaid\\Arymaid\\vendor\\laravel\\framework\\src\\Illuminate\\Database\\Migrations\\Migrator.php(699): Illuminate\\Database\\Migrations\\DatabaseMigrationRepository->repositoryExists()
#6 C:\\Users\\Mikasa Ackerman\\arymaid\\Arymaid\\vendor\\laravel\\framework\\src\\Illuminate\\Database\\Console\\Migrations\\MigrateCommand.php(138): Illuminate\\Database\\Migrations\\Migrator->repositoryExists()
#7 C:\\Users\\Mikasa Ackerman\\arymaid\\Arymaid\\vendor\\laravel\\framework\\src\\Illuminate\\Support\\helpers.php(247): Illuminate\\Database\\Console\\Migrations\\MigrateCommand->Illuminate\\Database\\Console\\Migrations\\{closure}(1)
#8 C:\\Users\\Mikasa Ackerman\\arymaid\\Arymaid\\vendor\\laravel\\framework\\src\\Illuminate\\Database\\Console\\Migrations\\MigrateCommand.php(138): retry(1, Object(Closure), 0, Object(Closure))
#9 C:\\Users\\Mikasa Ackerman\\arymaid\\Arymaid\\vendor\\laravel\\framework\\src\\Illuminate\\Database\\Console\\Migrations\\MigrateCommand.php(114): Illuminate\\Database\\Console\\Migrations\\MigrateCommand->repositoryExists()
#10 C:\\Users\\Mikasa Ackerman\\arymaid\\Arymaid\\vendor\\laravel\\framework\\src\\Illuminate\\Database\\Console\\Migrations\\MigrateCommand.php(82): Illuminate\\Database\\Console\\Migrations\\MigrateCommand->prepareDatabase()
#11 C:\\Users\\Mikasa Ackerman\\arymaid\\Arymaid\\vendor\\laravel\\framework\\src\\Illuminate\\Database\\Migrations\\Migrator.php(632): Illuminate\\Database\\Console\\Migrations\\MigrateCommand->Illuminate\\Database\\Console\\Migrations\\{closure}()
#12 C:\\Users\\Mikasa Ackerman\\arymaid\\Arymaid\\vendor\\laravel\\framework\\src\\Illuminate\\Database\\Console\\Migrations\\MigrateCommand.php(81): Illuminate\\Database\\Migrations\\Migrator->usingConnection(NULL, Object(Closure))
#13 C:\\Users\\Mikasa Ackerman\\arymaid\\Arymaid\\vendor\\laravel\\framework\\src\\Illuminate\\Container\\BoundMethod.php(36): Illuminate\\Database\\Console\\Migrations\\MigrateCommand->handle()
#14 C:\\Users\\Mikasa Ackerman\\arymaid\\Arymaid\\vendor\\laravel\\framework\\src\\Illuminate\\Container\\Util.php(41): Illuminate\\Container\\BoundMethod::Illuminate\\Container\\{closure}()
#15 C:\\Users\\Mikasa Ackerman\\arymaid\\Arymaid\\vendor\\laravel\\framework\\src\\Illuminate\\Container\\BoundMethod.php(93): Illuminate\\Container\\Util::unwrapIfClosure(Object(Closure))
#16 C:\\Users\\Mikasa Ackerman\\arymaid\\Arymaid\\vendor\\laravel\\framework\\src\\Illuminate\\Container\\BoundMethod.php(35): Illuminate\\Container\\BoundMethod::callBoundMethod(Object(Illuminate\\Foundation\\Application), Array, Object(Closure))
#17 C:\\Users\\Mikasa Ackerman\\arymaid\\Arymaid\\vendor\\laravel\\framework\\src\\Illuminate\\Container\\Container.php(661): Illuminate\\Container\\BoundMethod::call(Object(Illuminate\\Foundation\\Application), Array, Array, NULL)
#18 C:\\Users\\Mikasa Ackerman\\arymaid\\Arymaid\\vendor\\laravel\\framework\\src\\Illuminate\\Console\\Command.php(194): Illuminate\\Container\\Container->call(Array)
#19 C:\\Users\\Mikasa Ackerman\\arymaid\\Arymaid\\vendor\\symfony\\console\\Command\\Command.php(312): Illuminate\\Console\\Command->execute(Object(Symfony\\Component\\Console\\Input\\ArgvInput), Object(Illuminate\\Console\\OutputStyle))
#20 C:\\Users\\Mikasa Ackerman\\arymaid\\Arymaid\\vendor\\laravel\\framework\\src\\Illuminate\\Console\\Command.php(163): Symfony\\Component\\Console\\Command\\Command->run(Object(Symfony\\Component\\Console\\Input\\ArgvInput), Object(Illuminate\\Console\\OutputStyle))
#21 C:\\Users\\Mikasa Ackerman\\arymaid\\Arymaid\\vendor\\symfony\\console\\Application.php(1022): Illuminate\\Console\\Command->run(Object(Symfony\\Component\\Console\\Input\\ArgvInput), Object(Symfony\\Component\\Console\\Output\\ConsoleOutput))
#22 C:\\Users\\Mikasa Ackerman\\arymaid\\Arymaid\\vendor\\symfony\\console\\Application.php(314): Symfony\\Component\\Console\\Application->doRunCommand(Object(Illuminate\\Database\\Console\\Migrations\\MigrateCommand), Object(Symfony\\Component\\Console\\Input\\ArgvInput), Object(Symfony\\Component\\Console\\Output\\ConsoleOutput))
#23 C:\\Users\\Mikasa Ackerman\\arymaid\\Arymaid\\vendor\\symfony\\console\\Application.php(168): Symfony\\Component\\Console\\Application->doRun(Object(Symfony\\Component\\Console\\Input\\ArgvInput), Object(Symfony\\Component\\Console\\Output\\ConsoleOutput))
#24 C:\\Users\\Mikasa Ackerman\\arymaid\\Arymaid\\vendor\\laravel\\framework\\src\\Illuminate\\Console\\Application.php(102): Symfony\\Component\\Console\\Application->run(Object(Symfony\\Component\\Console\\Input\\ArgvInput), Object(Symfony\\Component\\Console\\Output\\ConsoleOutput))
#25 C:\\Users\\Mikasa Ackerman\\arymaid\\Arymaid\\vendor\\laravel\\framework\\src\\Illuminate\\Foundation\\Console\\Kernel.php(155): Illuminate\\Console\\Application->run(Object(Symfony\\Component\\Console\\Input\\ArgvInput), Object(Symfony\\Component\\Console\\Output\\ConsoleOutput))
#26 C:\\Users\\Mikasa Ackerman\\arymaid\\Arymaid\\artisan(35): Illuminate\\Foundation\\Console\\Kernel->handle(Object(Symfony\\Component\\Console\\Input\\ArgvInput), Object(Symfony\\Component\\Console\\Output\\ConsoleOutput))
#27 {main}

[previous exception] [object] (PDOException(code: 0): could not find driver at C:\\Users\\Mikasa Ackerman\\arymaid\\Arymaid\\vendor\\laravel\\framework\\src\\Illuminate\\Database\\Connectors\\Connector.php:65)
[stacktrace]
#0 C:\\Users\\Mikasa Ackerman\\arymaid\\Arymaid\\vendor\\laravel\\framework\\src\\Illuminate\\Database\\Connectors\\Connector.php(65): PDO->__construct('pgsql:host=ep-t...', 'neondb_owner', Object(SensitiveParameterValue), Array)
#1 C:\\Users\\Mikasa Ackerman\\arymaid\\Arymaid\\vendor\\laravel\\framework\\src\\Illuminate\\Database\\Connectors\\Connector.php(44): Illuminate\\Database\\Connectors\\Connector->createPdoConnection('pgsql:host=ep-t...', 'neondb_owner', 'npg_HgOpzf8vCaP...', Array)
#2 C:\\Users\\Mikasa Ackerman\\arymaid\\Arymaid\\vendor\\laravel\\framework\\src\\Illuminate\\Database\\Connectors\\PostgresConnector.php(35): Illuminate\\Database\\Connectors\\Connector->createConnection('pgsql:host=ep-t...', Array, Array)
#3 C:\\Users\\Mikasa Ackerman\\arymaid\\Arymaid\\vendor\\laravel\\framework\\src\\Illuminate\\Database\\Connectors\\ConnectionFactory.php(184): Illuminate\\Database\\Connectors\\PostgresConnector->connect(Array)
#4 [internal function]: Illuminate\\Database\\Connectors\\ConnectionFactory->Illuminate\\Database\\Connectors\\{closure}()
#5 C:\\Users\\Mikasa Ackerman\\arymaid\\Arymaid\\vendor\\laravel\\framework\\src\\Illuminate\\Database\\Connection.php(1177): call_user_func(Object(Closure))
#6 C:\\Users\\Mikasa Ackerman\\arymaid\\Arymaid\\vendor\\laravel\\framework\\src\\Illuminate\\Database\\Connection.php(486): Illuminate\\Database\\Connection->getPdo()
#7 C:\\Users\\Mikasa Ackerman\\arymaid\\Arymaid\\vendor\\laravel\\framework\\src\\Illuminate\\Database\\Connection.php(414): Illuminate\\Database\\Connection->getPdoForSelect(false)
#8 C:\\Users\\Mikasa Ackerman\\arymaid\\Arymaid\\vendor\\laravel\\framework\\src\\Illuminate\\Database\\Connection.php(753): Illuminate\\Database\\Connection->Illuminate\\Database\\{closure}('select * from i...', Array)
#9 C:\\Users\\Mikasa Ackerman\\arymaid\\Arymaid\\vendor\\laravel\\framework\\src\\Illuminate\\Database\\Connection.php(720): Illuminate\\Database\\Connection->runQueryCallback('select * from i...', Array, Object(Closure))
#10 C:\\Users\\Mikasa Ackerman\\arymaid\\Arymaid\\vendor\\laravel\\framework\\src\\Illuminate\\Database\\Connection.php(405): Illuminate\\Database\\Connection->run('select * from i...', Array, Object(Closure))
#11 C:\\Users\\Mikasa Ackerman\\arymaid\\Arymaid\\vendor\\laravel\\framework\\src\\Illuminate\\Database\\Connection.php(392): Illuminate\\Database\\Connection->select('select * from i...', Array, false)
#12 C:\\Users\\Mikasa Ackerman\\arymaid\\Arymaid\\vendor\\laravel\\framework\\src\\Illuminate\\Database\\Schema\\PostgresBuilder.php(51): Illuminate\\Database\\Connection->selectFromWriteConnection('select * from i...', Array)
#13 C:\\Users\\Mikasa Ackerman\\arymaid\\Arymaid\\vendor\\laravel\\framework\\src\\Illuminate\\Database\\Migrations\\DatabaseMigrationRepository.php(184): Illuminate\\Database\\Schema\\PostgresBuilder->hasTable('migrations')
#14 C:\\Users\\Mikasa Ackerman\\arymaid\\Arymaid\\vendor\\laravel\\framework\\src\\Illuminate\\Database\\Migrations\\Migrator.php(699): Illuminate\\Database\\Migrations\\DatabaseMigrationRepository->repositoryExists()
#15 C:\\Users\\Mikasa Ackerman\\arymaid\\Arymaid\\vendor\\laravel\\framework\\src\\Illuminate\\Database\\Console\\Migrations\\MigrateCommand.php(138): Illuminate\\Database\\Migrations\\Migrator->repositoryExists()
#16 C:\\Users\\Mikasa Ackerman\\arymaid\\Arymaid\\vendor\\laravel\\framework\\src\\Illuminate\\Support\\helpers.php(247): Illuminate\\Database\\Console\\Migrations\\MigrateCommand->Illuminate\\Database\\Console\\Migrations\\{closure}(1)
#17 C:\\Users\\Mikasa Ackerman\\arymaid\\Arymaid\\vendor\\laravel\\framework\\src\\Illuminate\\Database\\Console\\Migrations\\MigrateCommand.php(138): retry(1, Object(Closure), 0, Object(Closure))
#18 C:\\Users\\Mikasa Ackerman\\arymaid\\Arymaid\\vendor\\laravel\\framework\\src\\Illuminate\\Database\\Console\\Migrations\\MigrateCommand.php(114): Illuminate\\Database\\Console\\Migrations\\MigrateCommand->repositoryExists()
#19 C:\\Users\\Mikasa Ackerman\\arymaid\\Arymaid\\vendor\\laravel\\framework\\src\\Illuminate\\Database\\Console\\Migrations\\MigrateCommand.php(82): Illuminate\\Database\\Console\\Migrations\\MigrateCommand->prepareDatabase()
#20 C:\\Users\\Mikasa Ackerman\\arymaid\\Arymaid\\vendor\\laravel\\framework\\src\\Illuminate\\Database\\Migrations\\Migrator.php(632): Illuminate\\Database\\Console\\Migrations\\MigrateCommand->Illuminate\\Database\\Console\\Migrations\\{closure}()
#21 C:\\Users\\Mikasa Ackerman\\arymaid\\Arymaid\\vendor\\laravel\\framework\\src\\Illuminate\\Database\\Console\\Migrations\\MigrateCommand.php(81): Illuminate\\Database\\Migrations\\Migrator->usingConnection(NULL, Object(Closure))
#22 C:\\Users\\Mikasa Ackerman\\arymaid\\Arymaid\\vendor\\laravel\\framework\\src\\Illuminate\\Container\\BoundMethod.php(36): Illuminate\\Database\\Console\\Migrations\\MigrateCommand->handle()
#23 C:\\Users\\Mikasa Ackerman\\arymaid\\Arymaid\\vendor\\laravel\\framework\\src\\Illuminate\\Container\\Util.php(41): Illuminate\\Container\\BoundMethod::Illuminate\\Container\\{closure}()
#24 C:\\Users\\Mikasa Ackerman\\arymaid\\Arymaid\\vendor\\laravel\\framework\\src\\Illuminate\\Container\\BoundMethod.php(93): Illuminate\\Container\\Util::unwrapIfClosure(Object(Closure))
#25 C:\\Users\\Mikasa Ackerman\\arymaid\\Arymaid\\vendor\\laravel\\framework\\src\\Illuminate\\Container\\BoundMethod.php(35): Illuminate\\Container\\BoundMethod::callBoundMethod(Object(Illuminate\\Foundation\\Application), Array, Object(Closure))
#26 C:\\Users\\Mikasa Ackerman\\arymaid\\Arymaid\\vendor\\laravel\\framework\\src\\Illuminate\\Container\\Container.php(661): Illuminate\\Container\\BoundMethod::call(Object(Illuminate\\Foundation\\Application), Array, Array, NULL)
#27 C:\\Users\\Mikasa Ackerman\\arymaid\\Arymaid\\vendor\\laravel\\framework\\src\\Illuminate\\Console\\Command.php(194): Illuminate\\Container\\Container->call(Array)
#28 C:\\Users\\Mikasa Ackerman\\arymaid\\Arymaid\\vendor\\symfony\\console\\Command\\Command.php(312): Illuminate\\Console\\Command->execute(Object(Symfony\\Component\\Console\\Input\\ArgvInput), Object(Illuminate\\Console\\OutputStyle))
#29 C:\\Users\\Mikasa Ackerman\\arymaid\\Arymaid\\vendor\\laravel\\framework\\src\\Illuminate\\Console\\Command.php(163): Symfony\\Component\\Console\\Command\\Command->run(Object(Symfony\\Component\\Console\\Input\\ArgvInput), Object(Illuminate\\Console\\OutputStyle))
#30 C:\\Users\\Mikasa Ackerman\\arymaid\\Arymaid\\vendor\\symfony\\console\\Application.php(1022): Illuminate\\Console\\Command->run(Object(Symfony\\Component\\Console\\Input\\ArgvInput), Object(Symfony\\Component\\Console\\Output\\ConsoleOutput))
#31 C:\\Users\\Mikasa Ackerman\\arymaid\\Arymaid\\vendor\\symfony\\console\\Application.php(314): Symfony\\Component\\Console\\Application->doRunCommand(Object(Illuminate\\Database\\Console\\Migrations\\MigrateCommand), Object(Symfony\\Component\\Console\\Input\\ArgvInput), Object(Symfony\\Component\\Console\\Output\\ConsoleOutput))
#32 C:\\Users\\Mikasa Ackerman\\arymaid\\Arymaid\\vendor\\symfony\\console\\Application.php(168): Symfony\\Component\\Console\\Application->doRun(Object(Symfony\\Component\\Console\\Input\\ArgvInput), Object(Symfony\\Component\\Console\\Output\\ConsoleOutput))
#33 C:\\Users\\Mikasa Ackerman\\arymaid\\Arymaid\\vendor\\laravel\\framework\\src\\Illuminate\\Console\\Application.php(102): Symfony\\Component\\Console\\Application->run(Object(Symfony\\Component\\Console\\Input\\ArgvInput), Object(Symfony\\Component\\Console\\Output\\ConsoleOutput))
#34 C:\\Users\\Mikasa Ackerman\\arymaid\\Arymaid\\vendor\\laravel\\framework\\src\\Illuminate\\Foundation\\Console\\Kernel.php(155): Illuminate\\Console\\Application->run(Object(Symfony\\Component\\Console\\Input\\ArgvInput), Object(Symfony\\Component\\Console\\Output\\ConsoleOutput))
#35 C:\\Users\\Mikasa Ackerman\\arymaid\\Arymaid\\artisan(35): Illuminate\\Foundation\\Console\\Kernel->handle(Object(Symfony\\Component\\Console\\Input\\ArgvInput), Object(Symfony\\Component\\Console\\Output\\ConsoleOutput))
#36 {main}
"} 
